pl_name,hostname,pl_orbper,pl_radj,pl_bmassj,pl_orbeccen,pl_eqt,st_teff,st_rad,st_mass
Kepler-6 b,Kepler-6,3.2346996,1.304,0.668,nan,1460.0,5647.0,1.39,1.21
Kepler-491 b,Kepler-491,4.22538451,0.796,nan,nan,nan,5582.0,1.03,1.04
Kepler-257 b,Kepler-257,2.382667,0.233,nan,nan,nan,5180.0,1.04,nan
Kepler-216 b,Kepler-216,7.693641,0.21,nan,nan,nan,6091.0,1.26,nan
Kepler-32 c,Kepler-32,8.7522,0.178,0.5,nan,nan,3900.0,0.53,0.58
Kepler-259 c,Kepler-259,36.924931,0.241,nan,nan,nan,5938.0,0.9,nan
Kepler-148 c,Kepler-148,4.180043,0.321,nan,nan,nan,5272.0,0.85,nan
Kepler-222 d,Kepler-222,28.081912,0.329,nan,nan,nan,5433.0,0.87,nan
Kepler-29 c,Kepler-29,13.28613,0.209,0.01416,0.0,nan,5378.0,0.73,0.76
Kepler-179 b,Kepler-179,2.735926,0.146,nan,nan,nan,5302.0,0.76,nan
Kepler-165 c,Kepler-165,15.31299,0.199,nan,nan,nan,5211.0,0.77,nan
Kepler-228 c,Kepler-228,4.134444,0.241,nan,nan,nan,6043.0,1.01,nan
Kepler-20 c,Kepler-20,10.8540774,0.258,0.03492,0.076,828.0,5495.0,0.92,0.93
Kepler-166 d,Kepler-166,1.55400393,0.154,nan,nan,nan,5350.0,0.83,0.88
Kepler-52 b,Kepler-52,7.8773565,0.187,0.42476,nan,nan,4075.0,0.52,0.54
Kepler-197 d,Kepler-197,15.677563,0.109,nan,nan,nan,6004.0,1.12,nan
K2-183 d,K2-183,22.620344,0.205,nan,nan,nan,5482.0,0.87,nan
K2-187 e,K2-187,13.606629,0.17,nan,nan,nan,5438.0,0.83,nan
K2-187 c,K2-187,2.871512,0.125,nan,nan,nan,5438.0,0.83,nan
K2-270 b,K2-270,1.543069,0.123,nan,nan,1203.0,4877.0,0.77,0.85
Kepler-184 d,Kepler-184,29.022358,0.222,nan,nan,nan,5788.0,0.87,nan
Kepler-257 d,Kepler-257,24.664551,0.442,nan,nan,nan,5180.0,1.04,nan
K2-280 b,K2-280,19.89526,0.669,0.11673,0.35,787.0,5500.0,1.28,1.03
K2-381 c,K2-381,16.034656,0.178,nan,nan,nan,4473.0,0.68,0.75
Kepler-222 c,Kepler-222,10.08881,0.414,nan,nan,nan,5433.0,0.87,nan
HATS-36 b,HATS-36,4.175186,1.153,nan,nan,1203.0,5950.0,1.1,1.1
Kepler-229 b,Kepler-229,6.252972,0.196,nan,nan,nan,5120.0,0.73,nan
K2-222 b,K2-222,15.38857,0.21,0.02737,0.16,871.0,5942.0,1.11,0.99
K2-214 b,K2-214,8.596802,0.217,nan,nan,1006.0,5854.0,1.27,1.05
K2-220 b,K2-220,13.683256,0.213,nan,nan,758.0,5660.0,1.02,0.96
K2-216 b,K2-216,2.1748,0.156,0.02517,0.0,1103.0,4503.0,0.72,0.7
K2-212 b,K2-212,9.795647,0.236,nan,nan,nan,4349.0,0.68,0.62
Kepler-166 c,Kepler-166,34.260281,0.212,nan,nan,nan,5413.0,0.74,nan
K2-151 b,K2-151,3.835476,0.133,nan,nan,566.0,3695.0,0.45,0.47
K2-295 b,K2-295,4.024867,0.897,0.335,0.0,852.0,4444.0,0.7,0.74
K2-282 b,K2-282,4.169783,0.223,nan,nan,nan,5499.0,1.0,nan
K2-283 b,K2-283,1.921036,0.314,nan,nan,1186.0,5060.0,0.82,0.89
K2-281 b,K2-281,8.687721,0.73,nan,nan,665.0,4812.0,0.76,0.82
K2-387 b,K2-387,28.735327,0.653,nan,nan,nan,3572.0,0.58,0.57
Kepler-197 b,Kepler-197,5.599308,0.091,nan,nan,nan,6004.0,1.12,nan
K2-156 b,K2-156,0.813143,0.098,nan,nan,nan,4460.0,0.62,nan
K2-157 b,K2-157,0.365261,0.089,nan,nan,nan,5456.0,0.88,nan
K2-158 b,K2-158,10.06049,0.236,nan,nan,794.0,5503.0,0.95,0.92
K2-244 b,K2-244,21.06884,0.156,nan,nan,638.0,5677.0,0.92,0.86
Kepler-108 c,Kepler-108,190.323494,0.73,nan,nan,nan,5854.0,2.19,nan
K2-159 b,K2-159,12.42205,0.202,nan,nan,684.0,5425.0,0.83,0.9
K2-160 b,K2-160,3.705871,0.284,nan,nan,nan,5649.0,0.91,0.98
K2-161 b,K2-161,9.283188,0.546,nan,nan,nan,4972.0,2.57,0.99
K2-162 b,K2-162,9.45889,0.128,nan,nan,631.0,4842.0,0.69,0.75
K2-163 b,K2-163,6.673117,0.22,nan,nan,nan,4937.0,0.76,0.83
K2-165 b,K2-165,2.354992,0.114,nan,nan,nan,5185.0,0.8,0.83
K2-165 c,K2-165,4.382745,0.139,nan,nan,nan,5185.0,0.8,0.83
K2-165 d,K2-165,14.101361,0.236,nan,nan,nan,5185.0,0.8,0.83
Kepler-477 b,Kepler-477,11.11990653,0.185,nan,nan,nan,5240.0,0.79,0.87
Kepler-108 b,Kepler-108,49.183921,0.772,nan,nan,nan,5854.0,2.19,nan
EPIC 201595106 b,EPIC 201595106,0.877214,0.116,nan,nan,nan,5820.0,0.93,nan
K2-166 b,K2-166,8.52695,0.195,nan,nan,1140.0,5960.0,1.61,1.16
K2-175 b,K2-175,9.525988,0.182,nan,nan,nan,5909.0,1.42,1.09
K2-176 b,K2-176,5.329439,0.133,nan,nan,nan,5428.0,0.86,0.94
K2-177 b,K2-177,14.155185,0.189,nan,nan,nan,6063.0,1.21,1.21
K2-178 b,K2-178,8.747818,0.317,nan,nan,nan,5525.0,0.89,0.95
Kepler-9 d,Kepler-9,1.592851,0.146,nan,nan,2026.0,5777.0,1.02,1.07
K2-183 b,K2-183,0.469285,0.098,nan,nan,nan,5482.0,0.87,nan
K2-185 b,K2-185,10.616384,0.103,nan,nan,809.0,5788.0,0.94,0.96
K2-185 c,K2-185,52.713494,0.213,nan,nan,477.0,5788.0,0.94,0.96
K2-263 b,K2-263,50.818947,0.215,0.04688,0.15,470.0,5368.0,0.85,0.88
K2-186 b,K2-186,41.474219,0.283,nan,nan,nan,5784.0,0.98,1.02
K2-341 b,K2-341,36.552551,0.286,nan,nan,598.0,5817.0,1.16,0.98
K2-187 b,K2-187,0.77401,0.107,nan,nan,nan,5438.0,0.83,nan
K2-188 b,K2-188,1.742169,0.12,nan,nan,1692.0,5977.0,1.19,1.06
K2-189 b,K2-189,2.588309,0.136,nan,nan,1197.0,5519.0,0.87,0.94
K2-190 c,K2-190,21.574023,0.098,nan,nan,nan,5631.0,0.91,0.9
K2-195 c,K2-195,28.482786,0.23,nan,nan,nan,5712.0,0.91,0.96
K2-196 b,K2-196,48.324222,0.321,nan,nan,nan,6045.0,1.54,1.16
Kepler-42 b,Kepler-42,1.2137672,0.07,nan,nan,519.0,3068.0,0.17,0.13
K2-201 b,K2-201,1.05979,0.125,nan,nan,nan,5507.0,0.88,0.96
K2-201 c,K2-201,22.779878,0.293,nan,nan,nan,5507.0,0.88,0.96
K2-202 b,K2-202,3.405164,0.205,nan,nan,nan,5491.0,0.91,0.97
K2-381 b,K2-381,7.9389334,0.096,nan,nan,nan,4473.0,0.68,0.75
K2-381 d,K2-381,26.803023,0.151,nan,nan,nan,4473.0,0.68,0.75
K2-382 b,K2-382,21.700156,0.185,nan,nan,nan,5452.0,0.81,0.92
K2-383 b,K2-383,1.865962,0.14,nan,nan,nan,5129.0,0.8,1.06
K2-203 b,K2-203,9.6952,0.113,nan,0.23,738.4,5026.0,0.77,0.79
K2-204 b,K2-204,7.055908,0.283,nan,0.28,1148.0,5783.0,1.25,1.08
K2-205 b,K2-205,26.672263,0.178,nan,nan,nan,5890.0,1.08,0.95
K2-206 b,K2-206,18.294549,0.249,nan,nan,nan,5043.0,0.76,0.79
K2-207 b,K2-207,12.48749,0.232,nan,nan,nan,5522.0,0.93,0.94
K2-208 b,K2-208,4.19097,0.149,nan,0.37,1122.0,5500.0,0.87,0.88
K2-209 b,K2-209,2.080615,0.077,nan,nan,nan,4720.0,0.71,0.74
K2-210 b,K2-210,0.57023,0.077,nan,nan,nan,5500.0,0.89,nan
K2-211 b,K2-211,0.669561,0.119,nan,0.19,1873.0,5117.0,0.82,0.85
K2-213 b,K2-213,8.13087,0.135,nan,nan,nan,5794.0,1.2,1.07
K2-215 b,K2-215,8.269648,0.189,nan,nan,nan,5704.0,0.97,1.0
K2-217 b,K2-217,14.074524,0.319,nan,nan,nan,5967.0,1.33,1.1
K2-218 b,K2-218,8.679885,0.229,nan,nan,nan,5757.0,1.01,1.05
K2-219 b,K2-219,3.901287,0.12,nan,nan,nan,5753.0,1.19,1.02
K2-219 c,K2-219,6.66767,0.128,nan,nan,nan,5753.0,1.19,1.02
K2-219 d,K2-219,11.137278,0.23,nan,nan,nan,5753.0,1.19,1.02
K2-221 b,K2-221,2.399094,0.15,nan,nan,nan,5716.0,0.95,1.01
K2-223 b,K2-223,0.50557,0.079,nan,nan,nan,5859.0,1.0,nan
K2-223 c,K2-223,4.562546,0.134,nan,nan,nan,5859.0,1.0,nan
K2-224 b,K2-224,4.47904,0.139,nan,nan,1002.0,5620.0,0.84,0.91
K2-224 c,K2-224,10.09489,0.215,nan,nan,764.0,5620.0,0.84,0.91
K2-225 b,K2-225,15.8723,0.322,nan,0.23,923.0,5520.0,1.7,1.48
K2-226 b,K2-226,3.27109,0.137,nan,0.22,1187.0,5288.0,0.89,0.86
K2-227 b,K2-227,13.621832,0.149,nan,nan,nan,5673.0,0.89,0.95
K2-228 b,K2-228,2.69828,0.108,nan,nan,914.0,4715.0,0.65,0.71
K2-229 b,K2-229,0.584216,0.089,nan,nan,nan,5315.0,0.79,nan
K2-229 c,K2-229,8.32727,0.181,nan,nan,750.0,5315.0,0.79,0.87
K2-230 b,K2-230,2.86041,0.175,nan,nan,1529.0,5945.0,1.39,1.11
EPIC 229004835 b,EPIC 229004835,16.141132,0.208,0.03272,0.23,804.0,5868.0,1.0,0.97
K2-259 b,K2-259,15.48043,0.207,nan,nan,795.0,6059.0,1.13,1.14
K2-80 d,K2-80,28.867253,0.228,nan,nan,nan,5377.0,0.84,0.91
EPIC 228836835 b,EPIC 228836835,0.728113,0.098,nan,nan,nan,3782.0,0.32,nan
K2-331 c,K2-331,22.996591,0.243,nan,nan,673.0,5994.0,1.06,1.1
K2-333 b,K2-333,14.759287,0.551,nan,nan,826.0,5880.0,1.22,1.06
K2-334 b,K2-334,5.113981,0.504,nan,nan,1380.0,6502.0,1.49,1.36
K2-342 b,K2-342,11.561052,0.181,nan,nan,861.0,5920.0,1.09,1.01
K2-343 c,K2-343,7.676972,0.18,nan,nan,465.0,3804.0,0.46,0.49
K2-344 b,K2-344,3.35585,0.142,nan,nan,722.0,4374.0,0.49,0.51
K2-348 b,K2-348,4.688418,0.291,nan,nan,908.0,5077.0,0.85,0.83
K2-348 c,K2-348,12.550171,0.238,nan,nan,655.0,5077.0,0.85,0.83
K2-352 c,K2-352,8.234885,0.171,nan,nan,885.0,5791.0,0.95,0.98
K2-352 d,K2-352,14.871387,0.199,nan,nan,727.0,5791.0,0.95,0.98
G 9-40 b,G 9-40,5.7459982,0.17,0.01259,0.0,440.6,3395.0,0.3,0.3
HD 80653 b,HD 80653,0.719573,0.144,0.018,0.0,2463.0,5959.0,1.22,1.18
Kepler-21 b,Kepler-21,2.7858212,0.146,0.0236,0.0,2015.0,6305.0,1.9,1.41
Kepler-8 b,Kepler-8,3.5224991,1.416,0.59,nan,1680.0,6213.0,1.49,1.21
KOI-984 b,KOI-984,4.2881785,0.384,nan,0.12,1022.0,5295.0,0.82,0.93
Kepler-505 b,Kepler-505,27.52197994,0.232,nan,nan,nan,3931.0,0.53,0.55
Kepler-745 b,Kepler-745,9.93143556,0.193,nan,nan,nan,5849.0,1.04,1.04
Kepler-262 c,Kepler-262,21.853722,0.146,nan,nan,nan,5841.0,0.88,nan
Kepler-748 b,Kepler-748,7.40742793,0.225,nan,nan,nan,5934.0,1.1,1.07
Kepler-264 b,Kepler-264,40.806231,0.297,nan,nan,nan,6158.0,1.55,nan
HD 73344 b,HD 73344,15.611,0.257,0.03297,0.03,911.0,6252.6,1.22,1.2
Kepler-1732 b,Kepler-1732,32.31240082,0.366,nan,nan,nan,5821.0,1.49,1.04
Kepler-263 b,Kepler-263,16.568087,0.238,nan,nan,nan,5265.0,0.79,nan
Kepler-261 b,Kepler-261,10.381227,0.194,nan,nan,nan,5098.0,0.79,nan
K2-368 d,K2-368,20.201085,0.174,nan,nan,nan,4663.0,0.66,0.75
K2-368 c,K2-368,9.660186,0.121,nan,nan,nan,4663.0,0.66,0.75
Kepler-1733 b,Kepler-1733,9.22957993,0.324,nan,nan,nan,6320.0,1.25,1.27
Kepler-754 b,Kepler-754,14.5596237,0.179,nan,nan,nan,5935.0,1.08,1.06
K2-373 b,K2-373,11.02066,0.184,nan,nan,nan,6138.0,1.49,1.16
Kepler-753 b,Kepler-753,5.74772501,0.17,nan,nan,nan,4346.0,0.65,0.68
K2-339 b,K2-339,19.507428,0.171,nan,nan,508.0,4857.0,0.72,0.74
Kepler-752 b,Kepler-752,18.82747265,0.251,nan,nan,nan,5373.0,0.83,0.87
K2-343 b,K2-343,2.787174,0.147,nan,nan,653.0,3804.0,0.46,0.49
Kepler-766 b,Kepler-766,6.10027804,0.302,nan,nan,nan,5992.0,1.15,1.1
Kepler-771 b,Kepler-771,8.73485836,0.162,nan,nan,nan,5906.0,1.05,1.03
EPIC 212624936 c,EPIC 212624936,11.811437,0.205,nan,nan,nan,5765.0,0.93,nan
Kepler-773 b,Kepler-773,3.74910006,0.128,nan,nan,nan,5850.0,1.01,1.04
K2-379 b,K2-379,8.777247,0.195,nan,nan,nan,4603.0,0.75,0.86
K2-380 b,K2-380,9.401312,0.243,nan,nan,nan,5911.0,1.32,0.99
Kepler-767 b,Kepler-767,161.5280101,0.592,nan,nan,nan,5694.0,0.94,0.96
Kepler-260 b,Kepler-260,8.187399,0.179,nan,nan,nan,5250.0,0.86,nan
Kepler-268 b,Kepler-268,25.934138,0.227,nan,nan,nan,6081.0,1.27,nan
K2-384 f,K2-384,13.62749,0.198,nan,nan,nan,3623.0,0.35,0.33
K2-384 d,K2-384,6.679582,0.124,nan,nan,nan,3623.0,0.35,0.33
K2-384 c,K2-384,4.194766,0.106,nan,nan,nan,3623.0,0.35,0.33
K2-384 e,K2-384,9.715043,0.12,nan,nan,nan,3623.0,0.35,0.33
K2-385 b,K2-385,2.380867,0.137,nan,nan,nan,4844.0,0.76,0.93
Kepler-1736 b,Kepler-1736,37.81029892,0.346,nan,nan,nan,6085.0,0.97,0.98
K2-386 b,K2-386,7.473223,0.207,nan,nan,nan,5749.0,0.97,0.91
Kepler-774 b,Kepler-774,11.0895723,0.283,nan,nan,nan,6403.0,2.42,1.57
Kepler-772 b,Kepler-772,12.99207337,0.162,nan,nan,nan,5714.0,1.11,0.98
K2-268 d,K2-268,4.528598,0.133,nan,nan,888.0,5106.0,0.78,0.84
K2-268 f,K2-268,26.27057,0.199,nan,nan,492.0,5106.0,0.78,0.84
K2-268 e,K2-268,6.131243,0.119,nan,nan,801.0,5106.0,0.78,0.84
K2-393 b,K2-393,10.413181,0.21,nan,nan,nan,5678.0,1.07,0.88
K2-394 b,K2-394,5.095717,0.151,nan,nan,nan,4938.0,0.63,0.48
Kepler-119 b,Kepler-119,2.422082,0.321,nan,nan,nan,5595.0,0.84,nan
11 UMi b,11 UMi,516.21997,nan,14.74,0.08,nan,4213.0,29.79,2.78
14 And b,14 And,186.76,nan,3.559,0.0,nan,4888.0,11.55,1.78
14 Her b,14 Her,1765.0389,nan,8.053,0.373,nan,nan,nan,0.91
16 Cyg B b,16 Cyg B,798.5,nan,1.78,0.68,nan,5750.0,1.13,1.08
18 Del b,18 Del,982.85,nan,9.207,0.024,nan,4980.0,8.8,2.1
1RXS J160929.1-210524 b,1RXS J160929.1-210524,nan,nan,8.0,nan,1700.0,4060.0,nan,0.85
24 Sex b,24 Sex,452.8,nan,1.99,0.09,nan,5098.0,4.9,1.54
24 Sex c,24 Sex,883.0,nan,0.86,0.29,nan,5098.0,4.9,1.54
2MASS J12073346-3932539 b,2MASS J12073346-3932539,nan,nan,5.0,nan,1250.0,nan,nan,0.02
2MASS J04414489+2301513 b,2MASS J04414489+2301513,nan,nan,7.5,nan,nan,nan,nan,0.02
30 Ari B b,30 Ari B,335.10001,nan,13.82,0.29,nan,6331.0,1.41,1.93
42 Dra b,42 Dra,479.1,nan,3.88,0.38,nan,4200.0,22.03,0.98
47 UMa b,47 UMa,1078.0,nan,2.53,0.032,nan,5872.0,1.21,1.06
47 UMa c,47 UMa,2391.0,nan,0.54,0.098,nan,5872.0,1.21,1.06
47 UMa d,47 UMa,14002.0,nan,1.64,0.16,nan,5872.0,1.21,1.06
4 UMa b,4 UMa,270.27,nan,7.902,0.453,nan,4415.0,18.11,1.23
Kepler-770 b,Kepler-770,18.92540274,0.205,nan,nan,nan,5598.0,0.92,0.94
51 Peg b,51 Peg,4.230785,nan,0.472,0.013,nan,5758.0,1.18,1.03
55 Cnc b,55 Cnc,14.6516,nan,0.8036,0.0,nan,5172.0,0.94,0.91
55 Cnc c,55 Cnc,44.3989,nan,0.1611,0.03,nan,5172.0,0.94,0.91
55 Cnc d,55 Cnc,5574.2,nan,3.12,0.13,nan,5172.0,0.94,0.91
55 Cnc e,55 Cnc,0.7365474,0.167,0.02514,0.05,nan,5172.0,0.94,0.91
55 Cnc f,55 Cnc,259.88,nan,0.1503,0.08,nan,5172.0,0.94,0.91
61 Vir b,61 Vir,4.215,nan,0.016,0.12,nan,5577.0,0.96,0.94
61 Vir c,61 Vir,38.021,nan,0.057,0.14,nan,5577.0,0.96,0.94
61 Vir d,61 Vir,123.01,nan,0.072,0.35,nan,5577.0,0.96,0.94
6 Lyn b,6 Lyn,919.86,nan,1.881,0.042,nan,4941.0,4.94,1.32
70 Vir b,70 Vir,116.688,nan,7.416,0.3988,nan,5495.0,1.89,1.09
7 CMa b,7 CMa,735.1,nan,1.85,0.06,nan,4826.0,4.87,1.34
81 Cet b,81 Cet,1005.57,nan,3.307,0.037,nan,4734.0,11.21,1.23
AB Pic b,AB Pic,nan,nan,13.5,nan,nan,nan,nan,nan
BD-08 2823 b,BD-08 2823,5.6,nan,0.04,0.15,nan,4816.0,0.71,0.5
BD-08 2823 c,BD-08 2823,237.6,nan,0.33,0.19,nan,4746.0,nan,0.74
BD-10 3166 b,BD-10 3166,3.48777,nan,0.59,0.02,nan,5393.0,0.91,1.47
BD+14 4559 b,BD+14 4559,268.94,nan,1.04,0.29,nan,4864.0,0.86,0.49
BD-17 63 b,BD-17 63,655.57,nan,5.16,0.5439,nan,nan,nan,0.74
BD+20 2457 b,BD+20 2457,379.63,nan,21.42,0.15,nan,4137.0,49.0,2.8
BD+20 2457 c,BD+20 2457,621.99,nan,12.47,0.18,nan,4137.0,49.0,2.8
BD+48 738 b,BD+48 738,392.6,nan,0.91,0.2,nan,4414.0,11.0,0.74
bet Pic b,bet Pic,8617.50952,nan,11.729,0.106,nan,nan,nan,1.79
CoRoT-10 b,CoRoT-10,13.2406,0.97,2.75,0.53,600.0,5075.0,0.79,0.89
CoRoT-11 b,CoRoT-11,2.99433,1.43,2.33,0.0,1657.0,6440.0,1.37,1.27
CoRoT-12 b,CoRoT-12,2.828042,1.44,0.917,0.07,1442.0,5675.0,1.12,1.08
CoRoT-13 b,CoRoT-13,4.03519,0.885,1.308,0.0,1700.0,5945.0,1.01,1.09
CoRoT-14 b,CoRoT-14,1.51214,1.09,7.6,0.0,1952.0,6035.0,1.21,1.13
CoRoT-17 b,CoRoT-17,3.7681,1.02,2.43,0.0,1626.0,5740.0,1.59,1.04
CoRoT-18 b,CoRoT-18,1.9000693,1.31,3.47,0.08,1550.0,5440.0,1.0,0.95
CoRoT-19 b,CoRoT-19,3.89713,1.29,1.11,0.047,2000.0,6090.0,1.65,1.21
CoRoT-1 b,CoRoT-1,1.5089557,1.49,1.03,0.0,1898.0,5950.0,1.11,0.95
CoRoT-20 b,CoRoT-20,9.24285,nan,4.3,0.59,nan,nan,nan,1.14
CoRoT-23 b,CoRoT-23,3.6313,1.05,2.8,0.16,1660.0,5900.0,1.61,1.14
CoRoT-2 b,CoRoT-2,1.7429935,1.466,3.47,0.0143,nan,5625.0,0.91,0.96
CoRoT-3 b,CoRoT-3,4.2568,1.01,21.66,0.0,nan,6740.0,1.56,1.37
CoRoT-4 b,CoRoT-4,9.20205,1.19,0.72,0.0,1074.0,6190.0,1.17,1.16
CoRoT-5 b,CoRoT-5,4.0378962,1.388,0.467,0.09,1438.0,6100.0,1.19,1.0
CoRoT-6 b,CoRoT-6,8.886593,1.166,2.96,0.1,1017.0,6090.0,1.02,1.05
CoRoT-7 b,CoRoT-7,0.85359163,0.15,0.01283,0.0,nan,5275.0,0.83,0.82
Kepler-24 c,Kepler-24,12.33,0.224,0.03143,0.014,nan,6028.0,1.1,1.06
CoRoT-7 c,CoRoT-7,3.698,nan,0.02643,0.0,nan,5256.0,0.86,0.9
CoRoT-8 b,CoRoT-8,6.21229,0.57,0.22,0.0,nan,5080.0,0.77,0.88
CoRoT-9 b,CoRoT-9,95.272656,1.066,0.84,0.133,420.0,5625.0,0.96,0.96
CT Cha b,CT Cha,nan,2.2,17.0,nan,2600.0,nan,nan,nan
DP Leo b,DP Leo,10220.0,nan,6.05,0.39,nan,nan,nan,0.69
eps Eri b,eps Eri,2671.0,nan,0.66,0.07,nan,nan,nan,0.82
eps Tau b,eps Tau,585.82,nan,7.19,0.076,nan,4877.0,12.35,2.57
gam1 Leo b,gam1 Leo,428.5,nan,8.78,0.144,nan,4330.0,31.88,1.23
gam Cep b,gam Cep,913.0,nan,6.6,0.15,nan,4775.0,4.74,1.27
GJ 1214 b,GJ 1214,1.58040453,0.244,0.02646,0.0062,567.0,3101.0,0.22,0.18
GJ 3021 b,GJ 3021,133.71,nan,3.37,0.511,350.0,5540.0,0.9,0.9
GJ 317 b,GJ 317,695.66,nan,1.75282,0.07,nan,nan,nan,0.42
GJ 3634 b,GJ 3634,2.64561,nan,0.026,0.08,nan,nan,0.43,0.45
GJ 433 b,GJ 433,7.3705,nan,0.01901,0.04,nan,nan,nan,0.48
GJ 436 b,GJ 436,2.64388312,0.372,0.07,0.13827,nan,nan,0.46,0.47
GJ 649 b,GJ 649,600.1,nan,0.258,0.083,nan,3734.0,0.5,0.51
GJ 667 C b,GJ 667 C,7.203,nan,nan,0.2,nan,nan,nan,nan
GJ 667 C c,GJ 667 C,28.14,nan,0.012,0.02,nan,3350.0,nan,0.33
GJ 674 b,GJ 674,4.6938,nan,0.035,0.2,nan,3600.0,nan,0.35
GJ 676 A b,GJ 676 A,1051.44521,nan,5.792,0.319,nan,nan,nan,0.63
GJ 832 b,GJ 832,3853.0,nan,0.99,0.05,nan,nan,nan,0.45
GJ 849 b,GJ 849,1925.31,nan,0.893,0.029,nan,3467.0,0.45,0.45
GJ 179 b,GJ 179,2288.0,nan,0.82,0.21,nan,3370.0,0.38,0.36
GJ 581 b,GJ 581,5.3686,nan,0.0497,0.0,nan,3396.0,0.33,0.31
GJ 581 c,GJ 581,12.914,nan,0.0173,0.0,nan,3396.0,0.33,0.31
GJ 581 e,GJ 581,3.149,nan,0.0053,0.0,nan,3396.0,0.33,0.31
GJ 86 b,GJ 86,15.76491,nan,4.42,0.04,nan,5182.0,0.77,0.93
GJ 876 b,GJ 876,61.1166,nan,2.2756,0.0324,nan,nan,0.3,0.32
GJ 876 c,GJ 876,30.0881,nan,0.7142,0.25591,nan,nan,0.3,0.32
GJ 876 d,GJ 876,1.93778,nan,0.021,0.207,nan,nan,0.3,0.32
GJ 876 e,GJ 876,124.26,nan,0.046,0.055,nan,nan,0.3,0.32
GQ Lup b,GQ Lup,nan,3.0,20.0,nan,2650.0,nan,nan,0.7
GSC 06214-00210 b,GSC 06214-00210,nan,nan,16.0,nan,2300.0,4200.0,nan,0.9
HAT-P-12 b,HAT-P-12,3.2130598,0.959,0.211,0.0,963.0,4650.0,0.7,0.73
HAT-P-13 b,HAT-P-13,2.91625,1.272,0.851,0.0133,nan,nan,nan,nan
HAT-P-13 c,HAT-P-13,446.27,nan,14.28,0.6616,nan,nan,nan,nan
HAT-P-14 b,HAT-P-14,4.62767,1.42,3.44,0.11,nan,6600.0,1.82,2.65
HAT-P-15 b,HAT-P-15,10.8635,1.06,1.94,0.19,nan,5568.0,1.07,1.0
HAT-P-16 b,HAT-P-16,2.77596,1.289,4.193,0.036,1626.0,6158.0,1.24,1.22
HAT-P-17 b,HAT-P-17,10.33852,1.05,0.58,0.35,nan,5246.0,0.87,0.99
Kepler-123 b,Kepler-123,17.232366,0.262,nan,nan,nan,6089.0,1.26,nan
Kepler-769 b,Kepler-769,7.42608998,0.261,nan,nan,nan,6186.0,1.28,1.19
HAT-P-17 c,HAT-P-17,5584.0,nan,3.4,0.39,nan,5336.96,0.84,0.92
HAT-P-18 b,HAT-P-18,5.508023,0.995,0.197,0.084,852.0,4803.0,0.75,0.77
HAT-P-19 b,HAT-P-19,4.00878322,1.008,0.277,nan,981.2,4962.0,0.77,0.81
HAT-P-1 b,HAT-P-1,4.46529976,1.319,0.525,nan,1322.0,5980.0,1.17,1.15
HAT-P-20 b,HAT-P-20,2.875317,0.867,7.246,0.015,970.0,4595.0,0.69,0.76
HAT-P-21 b,HAT-P-21,4.12448,1.11,4.87,0.23,nan,5588.0,1.21,1.24
HAT-P-22 b,HAT-P-22,3.21222,1.15,2.47,0.02,nan,5302.0,1.11,1.13
HAT-P-23 b,HAT-P-23,1.212884,1.368,2.09,0.106,2056.0,5905.0,1.2,1.13
HAT-P-24 b,HAT-P-24,3.35524,1.3,0.75,0.07,nan,6373.0,1.38,1.37
HAT-P-25 b,HAT-P-25,3.65281514,1.135,0.569,0.023,1182.0,5519.0,0.92,1.01
HAT-P-26 b,HAT-P-26,4.23452,0.63,0.07,0.12,nan,5079.0,0.87,1.12
HAT-P-27 b,HAT-P-27,3.039577,1.02,0.62,0.0,nan,5316.0,0.86,0.92
HAT-P-28 b,HAT-P-28,3.257215,1.212,0.626,0.051,1384.0,5680.0,1.1,1.02
HAT-P-29 b,HAT-P-29,5.72319,1.17,0.88,0.09,nan,6087.0,1.3,1.45
HAT-P-2 b,HAT-P-2,5.6335158,nan,8.62,0.5172,nan,6380.0,1.39,1.33
HAT-P-30 b,HAT-P-30,2.8106,1.44,0.83,0.04,nan,6304.0,1.31,1.55
HAT-P-31 b,HAT-P-31,5.00542,1.09,2.27,0.25,nan,6065.0,1.39,1.31
HAT-P-32 b,HAT-P-32,2.1500082,1.98,0.68,0.159,1835.7,6001.0,1.37,1.13
HAT-P-33 b,HAT-P-33,3.47447,1.85,0.92,0.0,nan,6446.0,1.79,1.82
HAT-P-34 b,HAT-P-34,5.452654,1.197,3.33,0.432,nan,6442.0,1.53,1.39
Kepler-1735 b,Kepler-1735,7.71792984,0.107,nan,nan,nan,3975.0,0.51,0.54
HAT-P-35 b,HAT-P-35,3.646706,1.332,1.056,0.02,nan,6096.0,1.44,1.24
HAT-P-36 b,HAT-P-36,1.32734683,1.277,1.8482,nan,1780.97,5620.0,1.04,1.03
HAT-P-37 b,HAT-P-37,2.797436,1.178,1.169,0.058,1271.0,5500.0,0.88,0.93
HAT-P-3 b,HAT-P-3,2.8997,0.94,0.65,0.0,nan,5185.0,0.87,1.06
HAT-P-4 b,HAT-P-4,3.056536,1.274,0.671,0.0,1686.0,5860.0,nan,nan
HAT-P-5 b,HAT-P-5,2.78849,1.21,0.98,0.0,nan,5960.0,1.12,1.04
HAT-P-6 b,HAT-P-6,3.85298,1.48,1.32,0.0,nan,6570.0,1.62,1.79
HAT-P-8 b,HAT-P-8,3.07634,1.4,1.28,0.0,nan,6200.0,1.57,1.27
HAT-P-9 b,HAT-P-9,3.92281072,1.393,0.749,0.084,1540.0,6350.0,1.34,1.28
HD 100655 b,HD 100655,157.57001,nan,1.61,0.09,nan,4891.0,10.06,2.28
Kepler-765 b,Kepler-765,27.6655226,0.217,nan,nan,nan,5901.0,1.06,1.05
HD 100777 b,HD 100777,383.0,nan,1.23,0.38,nan,nan,nan,1.08
HD 10180 c,HD 10180,5.75969,nan,0.0416,0.073,nan,5911.0,1.11,1.06
HD 10180 d,HD 10180,16.357,nan,0.0378,0.131,nan,5911.0,1.11,1.06
HD 10180 e,HD 10180,49.748,nan,0.0805,0.051,nan,5911.0,1.11,1.06
HD 10180 f,HD 10180,122.744,nan,0.0722,0.119,nan,5911.0,1.11,1.06
HD 10180 g,HD 10180,604.67,nan,0.0732,0.263,nan,5911.0,1.11,1.06
HD 10180 h,HD 10180,2205.0,nan,0.2066,0.095,nan,5911.0,1.11,1.06
HD 101930 b,HD 101930,70.46,nan,0.25,0.11,nan,5108.0,0.86,0.57
HD 102117 b,HD 102117,20.8133,nan,0.17,0.12,nan,5655.0,1.23,1.06
HD 102195 b,HD 102195,4.11377,nan,0.41,0.0,nan,5301.0,0.82,0.76
Kepler-763 d,Kepler-763,6.50327035,0.149,nan,0.0,804.0,4999.0,0.84,0.8
HD 102272 b,HD 102272,127.58,nan,4.94,0.05,nan,4790.0,10.3,1.45
HD 102329 b,HD 102329,778.09998,nan,8.16,0.21,nan,4745.0,9.82,3.21
HD 102365 b,HD 102365,122.1,nan,0.05,0.34,nan,5630.0,nan,0.85
HD 102956 b,HD 102956,6.4947,nan,0.96,0.037,nan,4985.0,4.55,1.66
HD 103197 b,HD 103197,47.84,nan,0.09,0.0,nan,5250.0,0.88,0.8
HD 104067 b,HD 104067,55.851,nan,0.19539,0.123,nan,4952.0,0.78,0.82
HD 104985 b,HD 104985,199.68,nan,5.559,0.047,nan,4738.0,11.12,1.22
HD 106252 b,HD 106252,1531.0,nan,6.93,0.48,nan,5874.0,1.1,1.01
HD 106270 b,HD 106270,1888.0,nan,10.13,0.185,nan,5509.0,2.66,1.39
HD 10647 b,HD 10647,989.2,nan,0.94,0.15,nan,6218.0,1.1,1.11
HD 10697 b,HD 10697,1075.3799,nan,5.743,0.104,nan,nan,nan,0.99
HD 107148 b,HD 107148,48.056,nan,0.21,0.05,nan,5797.0,nan,1.12
HD 108147 b,HD 108147,10.8985,nan,0.261,0.53,nan,6255.73,1.21,1.22
HD 108863 b,HD 108863,437.7,nan,2.414,0.032,nan,4878.0,5.74,1.59
HD 108874 b,HD 108874,394.48123,nan,1.42,0.13,nan,5600.0,1.05,1.1
HD 108874 c,HD 108874,1624.0,nan,0.99,0.239,nan,5551.0,nan,0.95
HD 109246 b,HD 109246,68.27,nan,0.86,0.12,nan,5844.0,1.07,1.2
HD 109749 b,HD 109749,5.239891,nan,0.27,0.0,nan,5824.0,1.22,1.13
HD 110014 b,HD 110014,835.477,nan,11.09,0.462,nan,4445.0,20.9,2.17
HD 111232 b,HD 111232,1169.13202,nan,7.965,0.214,nan,nan,nan,0.96
HD 113538 b,HD 113538,663.2,nan,0.36,0.14,nan,4462.0,0.53,0.58
HD 113538 c,HD 113538,1818.0,nan,0.93,0.2,nan,4462.0,0.53,0.58
HD 114386 b,HD 114386,937.70001,nan,1.14,0.23,nan,4836.0,0.76,0.6
HD 114729 b,HD 114729,1121.79,nan,0.825,0.079,nan,5844.0,1.47,0.94
HD 114783 b,HD 114783,493.7,nan,1.1,0.144,nan,5135.0,nan,0.85
HD 11506 b,HD 11506,1617.7,nan,4.8,0.379,nan,6123.0,nan,1.22
HD 11506 c,HD 11506,223.92,nan,0.4,0.228,nan,6123.0,nan,1.22
HD 116029 b,HD 116029,670.0,nan,1.4,0.0,nan,4819.0,4.89,0.83
HD 117207 b,HD 117207,2621.75,nan,1.926,0.157,nan,5732.0,1.07,1.05
HD 117618 b,HD 117618,25.8,nan,0.174,0.15,nan,5990.0,nan,1.08
HD 118203 b,HD 118203,6.134989,1.12,2.182,0.301,1371.0,5788.0,2.03,1.22
HD 11964 b,HD 11964,1945.0,nan,0.622,0.041,nan,5303.0,2.01,0.91
HD 11964 c,HD 11964,37.91,nan,0.0788,0.3,nan,5303.0,2.01,0.91
HD 11977 b,HD 11977,711.0,nan,6.54,0.4,nan,4970.0,10.09,1.91
HD 121504 b,HD 121504,63.33,nan,1.51,0.03,nan,6027.0,1.07,1.62
HD 125595 b,HD 125595,9.6737,nan,0.02,0.0,nan,4691.0,0.74,0.29
HD 125612 b,HD 125612,557.69994,nan,2.974,0.446,nan,nan,nan,1.05
HD 125612 c,HD 125612,4.15466,nan,0.049,0.149,nan,nan,nan,1.05
HD 125612 d,HD 125612,2822.72698,nan,7.178,0.115,nan,nan,nan,1.05
Kepler-744 b,Kepler-744,12.06222443,0.145,nan,nan,nan,5594.0,0.93,0.94
HD 126525 b,HD 126525,960.41,nan,0.237,0.035,nan,5638.0,0.98,0.9
HD 126614 b,HD 126614,1257.25303,nan,0.339,0.548,nan,nan,nan,0.96
HD 12661 b,HD 12661,262.70862,nan,2.43,0.38,nan,5645.0,1.2,1.2
HD 12661 c,HD 12661,1708.0,nan,1.812,0.031,nan,5748.0,1.11,1.02
HD 128311 b,HD 128311,453.019,nan,1.769,0.303,nan,nan,0.76,0.83
HD 128311 c,HD 128311,921.538,nan,3.789,0.159,nan,nan,0.76,0.83
HD 129445 b,HD 129445,1840.0,nan,1.6,0.7,nan,nan,nan,0.99
HD 130322 b,HD 130322,10.70871,nan,1.15,0.029,nan,5387.0,0.85,0.92
HD 131496 b,HD 131496,896.0,nan,1.8,0.181,nan,4846.0,4.44,1.34
Kepler-764 b,Kepler-764,7.33683936,0.146,nan,nan,nan,5557.0,0.89,0.92
HD 13189 b,HD 13189,471.60001,nan,10.95,0.27,nan,4175.0,38.41,2.24
HD 132406 b,HD 132406,908.0,nan,5.94,0.25,nan,nan,nan,0.97
HD 132563 b,HD 132563,1544.0,nan,1.49,0.22,nan,6289.0,1.3,1.23
HD 134060 b,HD 134060,3.2696,nan,0.0318,0.45,nan,5966.0,nan,1.09
HD 134060 c,HD 134060,1291.5646,nan,0.0922,0.11,nan,5966.0,nan,1.09
HD 134987 b,HD 134987,258.17999,nan,1.61,0.23,nan,5736.0,1.22,1.1
HD 134987 c,HD 134987,5000.0,nan,0.82,0.12,nan,5585.0,1.25,1.1
HD 136352 b,HD 136352,11.57797,0.148,0.01485,0.0,905.0,5664.0,1.06,0.87
HD 136352 c,HD 136352,27.59221,0.26,0.03536,0.0,677.0,5664.0,1.06,0.87
HD 136352 d,HD 136352,107.245,0.229,0.02775,0.0,431.0,5664.0,1.06,0.87
Kepler-112 b,Kepler-112,8.408878,0.211,nan,nan,nan,5544.0,0.84,nan
HD 136418 b,HD 136418,464.29999,nan,2.14,0.25,nan,4989.0,3.78,1.48
HD 137388 b,HD 137388,330.0,nan,0.2,0.36,nan,5181.0,0.88,0.68
HD 13808 b,HD 13808,14.1815,nan,0.03524,0.071,nan,5035.0,0.78,0.77
HD 13808 c,HD 13808,53.753,nan,0.03134,0.156,nan,5035.0,0.78,0.77
HD 13931 b,HD 13931,4218.0,nan,2.2,0.02,nan,5867.0,1.25,1.3
HD 139357 b,HD 139357,1124.79139,nan,19.871,0.099,nan,nan,nan,2.69
HD 141937 b,HD 141937,653.21997,nan,9.69,0.41,nan,5870.0,1.03,1.09
HD 142022 A b,HD 142022 A,1928.0,nan,4.44,0.53,nan,5421.0,1.04,0.9
HD 142245 b,HD 142245,1299.0,nan,3.07,0.0,nan,4922.0,4.63,3.5
HD 142415 b,HD 142415,386.29999,nan,1.67,0.5,nan,5940.0,1.04,1.07
Kepler-267 b,Kepler-267,3.353728,0.177,nan,nan,nan,4258.0,0.56,nan
HD 142 b,HD 142,351.43394,nan,1.249,0.158,nan,nan,nan,1.21
HD 143361 b,HD 143361,1039.15,nan,3.532,0.197,nan,5507.0,0.92,0.97
HD 145377 b,HD 145377,103.95,nan,6.02,0.31,nan,6014.0,1.05,1.2
HD 145457 b,HD 145457,176.13,nan,2.794,0.111,nan,4757.0,9.9,1.9
HD 1461 b,HD 1461,5.77152,nan,0.02026,0.172,nan,5765.0,nan,1.02
HD 1461 c,HD 1461,13.5052,nan,0.01759,0.305,nan,5765.0,nan,1.02
HD 147018 b,HD 147018,44.236,nan,2.12,0.4686,nan,5441.0,nan,0.93
HD 147018 c,HD 147018,1008.0,nan,6.56,0.133,nan,5441.0,nan,0.93
HD 147513 b,HD 147513,528.4,nan,1.21,0.26,nan,5883.0,nan,1.11
HD 148156 b,HD 148156,1027.0,nan,0.85,0.52,nan,6308.0,1.21,1.22
HD 148427 b,HD 148427,331.5,nan,1.3,0.16,nan,5025.0,3.86,1.64
HD 149026 b,HD 149026,2.87589,0.74,0.38,0.0,nan,6179.0,1.41,1.42
HD 149143 b,HD 149143,4.07182,nan,1.33,0.0167,nan,5856.0,1.44,1.2
HD 1502 b,HD 1502,428.5,nan,2.75,0.031,nan,4947.0,4.67,1.46
HD 152079 b,HD 152079,2918.92,nan,2.661,0.532,nan,5907.0,1.13,1.15
HD 152581 b,HD 152581,686.5,nan,1.869,0.04,nan,5027.0,5.14,1.3
HD 153950 b,HD 153950,499.39999,nan,2.95,0.34,nan,6124.0,1.28,1.25
HD 154345 b,HD 154345,3341.55884,nan,0.82,0.04,nan,5468.0,0.85,0.71
HD 154672 b,HD 154672,163.94,nan,5.37,0.61,nan,5743.0,1.32,1.18
HD 154857 b,HD 154857,408.60001,nan,2.45,0.46,nan,5589.0,2.3,1.96
HD 155358 b,HD 155358,194.3,nan,0.99,0.17,nan,5905.0,1.38,1.15
HD 155358 c,HD 155358,391.9,nan,0.82,0.16,nan,5900.0,nan,0.92
HD 156279 b,HD 156279,133.40355,nan,9.432,0.647,nan,nan,nan,0.94
HD 156411 b,HD 156411,842.2,nan,0.74,0.22,nan,5900.0,2.16,1.25
HD 156668 b,HD 156668,4.6455,nan,0.013,0.0,nan,4850.0,0.72,0.77
HD 156846 b,HD 156846,359.51001,nan,10.67,0.85,nan,6090.0,1.9,1.38
HD 158038 b,HD 158038,521.0,nan,1.53,0.29,nan,4860.0,4.5,1.3
HD 159868 b,HD 159868,1184.1,nan,2.218,0.024,nan,5534.0,2.13,1.19
HD 160691 b,HD 160691,645.0,nan,4.3,nan,nan,5773.0,1.33,1.13
HD 160691 c,HD 160691,3947.0,nan,4.4,nan,nan,5773.0,1.33,1.13
HD 160691 d,HD 160691,9.6392,nan,nan,nan,nan,5773.0,1.33,1.13
HD 160691 e,HD 160691,307.9,nan,7.0,nan,nan,5773.0,1.33,1.13
HD 16141 b,HD 16141,75.523,nan,0.26,0.25,nan,5757.0,1.48,1.11
HD 16175 b,HD 16175,990.0,nan,5.1,0.6,nan,5981.0,1.72,1.63
HD 162020 b,HD 162020,8.4282,nan,9.84,0.28,nan,4723.0,0.75,0.42
HD 163607 b,HD 163607,75.2203,nan,0.7836,0.7441,nan,5522.0,1.76,1.12
HD 163607 c,HD 163607,1272.0,nan,2.201,0.08,nan,5522.0,1.76,1.12
HD 16417 b,HD 16417,17.24,nan,0.0696,0.2,nan,nan,nan,1.2
HD 164509 b,HD 164509,280.17,nan,0.443,0.238,nan,5859.0,1.11,1.12
HD 164604 b,HD 164604,641.472,nan,1.99792,0.35,nan,4684.0,nan,0.77
HD 164922 b,HD 164922,1207.0,nan,0.36497,0.08,nan,5390.0,0.95,0.93
HD 167042 b,HD 167042,417.67,nan,1.397,0.01,nan,4919.0,4.63,1.39
HD 168443 b,HD 168443,58.11187,nan,7.628,0.53,nan,nan,nan,0.98
HD 168443 c,HD 168443,1753.1096,nan,17.306,0.21,nan,nan,nan,0.98
HD 168746 b,HD 168746,6.404,nan,0.27,0.11,nan,5570.0,1.09,1.07
HD 1690 b,HD 1690,533.0,nan,8.79,0.64,nan,4374.0,21.66,1.86
HD 169830 b,HD 169830,225.67372,nan,2.531,0.294,nan,nan,nan,1.17
HD 169830 c,HD 169830,1818.82339,nan,7.669,0.246,nan,nan,nan,1.17
HD 170469 b,HD 170469,1145.0,nan,0.66,0.11,nan,5842.0,1.24,1.1
HD 17092 b,HD 17092,359.89999,nan,10.13,0.17,nan,4326.0,13.58,6.73
Kepler-762 b,Kepler-762,3.7705521,1.131,nan,nan,nan,5944.0,1.08,1.06
HD 171028 b,HD 171028,550.0,nan,2.62,0.59,nan,5671.0,2.47,1.53
HD 171238 b,HD 171238,1532.0,nan,2.72,0.234,nan,5440.0,1.01,0.96
HD 17156 b,HD 17156,21.21663,1.1,3.51,0.68,nan,6040.0,1.55,1.41
HD 173416 b,HD 173416,322.03,nan,1.841,0.208,nan,4683.0,13.5,2.0
HD 175167 b,HD 175167,1175.0,nan,14.8,0.51,nan,nan,nan,1.09
HD 175541 b,HD 175541,298.43,nan,0.598,0.11,nan,5013.0,4.19,1.39
HD 177830 b,HD 177830,410.10001,nan,1.69,0.1,nan,4901.0,3.26,1.7
HD 177830 c,HD 177830,110.9,nan,0.15,0.3,nan,4949.0,2.62,1.47
HD 178911 B b,HD 178911 B,71.484,nan,8.03,0.11,nan,5588.0,1.08,1.24
HD 179079 b,HD 179079,14.479,nan,0.081,0.049,nan,5646.0,1.63,1.14
HD 179949 b,HD 179949,3.092514,nan,0.916,0.022,nan,6168.0,nan,1.21
HD 180902 b,HD 180902,510.9,nan,1.685,0.107,nan,4961.0,4.16,1.41
HD 181342 b,HD 181342,564.1,nan,2.54,0.022,nan,4945.0,4.71,1.69
HD 181433 b,HD 181433,9.3743,nan,0.02,0.4,nan,4918.0,0.79,0.63
HD 181433 c,HD 181433,962.0,nan,0.64,0.28,nan,4962.0,nan,0.78
HD 181433 d,HD 181433,2172.0,nan,0.54,0.48,nan,4962.0,nan,0.78
HD 181720 b,HD 181720,956.0,nan,0.4,0.26,nan,5736.0,1.5,1.03
HD 183263 b,HD 183263,624.87404,nan,3.471,0.383,nan,nan,nan,1.06
HD 183263 c,HD 183263,4667.97841,nan,9.31,0.051,nan,nan,nan,1.06
HD 185269 b,HD 185269,6.83776,nan,1.01,0.229,nan,5923.0,2.0,1.3
HD 187085 b,HD 187085,1019.74,nan,0.836,0.251,nan,6117.0,1.27,1.19
HD 187123 b,HD 187123,3.0965828,nan,0.523,0.0103,nan,5790.0,1.15,1.04
HD 187123 c,HD 187123,3810.0,nan,1.99,0.252,nan,5790.0,1.15,1.04
HD 18742 b,HD 18742,766.0,nan,3.4,0.04,nan,4940.0,5.13,1.36
HD 188015 b,HD 188015,461.2,nan,1.5,0.137,nan,5746.0,nan,1.09
HD 189733 b,HD 189733,2.21857567,1.13,1.13,0.0,nan,5052.0,0.75,0.79
HD 190360 b,HD 190360,2854.0,nan,1.8,0.34,150.0,nan,nan,1.0
HD 190360 c,HD 190360,17.111,nan,0.06,0.237,nan,5549.0,1.17,0.98
HD 190647 b,HD 190647,1176.45,nan,1.985,0.224,nan,5656.0,1.38,1.07
HD 190984 b,HD 190984,4885.0,nan,3.1,0.57,nan,5988.0,1.53,0.91
HD 192263 b,HD 192263,24.3556,nan,0.56,0.05,nan,4976.0,0.74,0.66
HD 192310 b,HD 192310,74.72,nan,0.0532,0.13,355.0,5166.0,nan,0.8
HD 192310 c,HD 192310,525.8,nan,0.076,0.32,185.0,5166.0,nan,0.8
HD 192699 b,HD 192699,340.94,nan,2.096,0.082,nan,5041.0,4.41,1.38
HD 195019 b,HD 195019,18.20132,nan,3.98,0.01,nan,5751.0,1.48,1.21
HD 196050 b,HD 196050,1392.0,nan,4.7,0.2,nan,nan,nan,1.27
HD 196885 A b,HD 196885 A,1333.0,nan,2.58,0.48,nan,6254.0,1.31,1.28
HD 197037 b,HD 197037,1035.7,nan,0.79,0.22,nan,6150.0,nan,1.11
HD 19994 b,HD 19994,466.2,nan,1.37,0.063,nan,6188.0,nan,1.36
HD 20003 b,HD 20003,11.8482,nan,0.0367,0.36,nan,5494.0,nan,0.88
Kepler-1713 b,Kepler-1713,18.01160049,0.153,nan,nan,nan,6477.0,1.46,1.3
Kepler-781 b,Kepler-781,13.2140732,0.258,nan,nan,nan,5162.0,0.78,0.81
HD 20003 c,HD 20003,33.9239,nan,0.0454,0.1,nan,5494.0,nan,0.88
HD 200964 b,HD 200964,606.3,nan,1.599,0.087,nan,4982.0,4.92,1.39
HD 200964 c,HD 200964,852.5,nan,1.214,0.243,nan,4982.0,4.92,1.39
HD 202206 c,HD 202206,1260.0,nan,17.9,0.22,nan,5766.0,1.04,1.07
HD 2039 b,HD 2039,1120.0,nan,6.29,0.71,nan,5945.0,1.19,1.23
HD 204313 b,HD 204313,2041.11539,nan,4.615,0.1,nan,nan,nan,1.03
HD 204313 c,HD 204313,34.95875,nan,0.054,0.059,nan,nan,nan,1.03
HD 204941 b,HD 204941,1733.0,nan,0.23,0.37,nan,5026.0,0.78,0.58
HD 205739 b,HD 205739,279.8,nan,1.37,0.27,nan,6176.0,1.33,1.22
HD 206610 b,HD 206610,673.2,nan,2.036,0.1,nan,4842.0,6.12,1.55
Kepler-783 c,Kepler-783,7.05395,0.208,nan,nan,nan,5411.49,0.87,0.94
HD 20781 b,HD 20781,5.3135,nan,0.0061,0.1,nan,5256.0,nan,0.7
HD 20781 c,HD 20781,13.8905,nan,0.0168,0.09,nan,5256.0,nan,0.7
HD 20782 b,HD 20782,597.0643,nan,1.4878,0.95,nan,5782.13,1.13,1.04
HD 20794 b,HD 20794,18.315,nan,0.0085,0.0,660.0,5401.0,nan,0.7
HD 20794 c,HD 20794,40.114,nan,0.0076,0.0,508.0,5401.0,nan,0.7
HD 20794 d,HD 20794,90.309,nan,0.015,0.0,388.0,5401.0,nan,0.7
HD 208487 b,HD 208487,130.08,nan,0.52,0.24,nan,6067.0,nan,1.13
HD 20868 b,HD 20868,380.85001,nan,1.25,0.75,nan,4802.0,0.76,0.39
HD 209458 b,HD 209458,3.52474859,1.39,0.73,0.0,nan,6091.0,1.19,1.23
HD 210277 b,HD 210277,442.19,nan,1.29,0.48,nan,5538.0,1.07,1.01
HD 210702 b,HD 210702,355.5,nan,1.515,0.071,nan,4912.0,4.54,1.33
HD 212301 b,HD 212301,2.24571,nan,0.51,0.0,nan,6239.0,1.16,1.55
HD 212771 b,HD 212771,380.7,nan,2.39,0.076,nan,5003.0,5.27,1.56
HD 213240 b,HD 213240,882.70001,nan,5.58,0.42,nan,5979.0,1.51,1.57
HD 215152 b,HD 215152,5.75999,nan,0.00572,0.0,nan,4935.0,0.73,0.77
HD 215152 c,HD 215152,7.28243,nan,0.00541,0.0,nan,4935.0,0.73,0.77
HD 215497 b,HD 215497,3.93404,nan,0.02,0.16,nan,5110.0,0.85,0.67
HD 215497 c,HD 215497,566.0,nan,0.35,0.47,nan,nan,nan,0.92
HD 216435 b,HD 216435,1311.0,nan,1.26,0.07,nan,5999.0,nan,1.3
HD 216437 b,HD 216437,1359.0,nan,4.2,0.31,nan,nan,nan,1.22
HD 216770 b,HD 216770,118.45,nan,0.57,0.37,nan,5399.0,0.93,0.74
HD 21693 b,HD 21693,22.6786,nan,0.0259,0.12,nan,5430.0,nan,0.8
HD 21693 c,HD 21693,53.7357,nan,0.0547,0.07,nan,5430.0,nan,0.8
HD 217107 b,HD 217107,7.12682,nan,1.3,0.13,nan,5622.0,1.11,1.0
HD 217107 c,HD 217107,4270.0,nan,2.6,0.517,nan,5575.0,1.2,0.98
HD 217786 b,HD 217786,1301.36009,nan,13.852,0.311,nan,nan,nan,1.14
HD 218566 b,HD 218566,225.7,nan,0.2,0.3,nan,4730.0,0.85,0.76
91 Aqr b,91 Aqr,181.4,nan,3.2,0.027,nan,4665.0,11.0,1.4
HD 219828 b,HD 219828,3.83483,nan,0.06,0.091,nan,nan,nan,1.04
HD 220773 b,HD 220773,3724.7,nan,1.45,0.51,nan,5940.0,nan,1.16
HD 221287 b,HD 221287,456.1,nan,3.09,0.08,nan,6304.0,nan,1.25
HD 222582 b,HD 222582,572.38,nan,8.37,0.73,nan,5790.0,1.13,1.12
HD 224693 b,HD 224693,26.6904,nan,0.7,0.104,nan,5894.0,1.93,1.31
HD 22781 b,HD 22781,528.07,nan,13.65,0.8191,nan,5027.0,nan,0.75
HD 23079 b,HD 23079,730.59998,nan,2.61,0.1,nan,5974.0,1.07,1.12
HD 23127 b,HD 23127,1211.17,nan,1.527,0.406,nan,5843.0,1.49,1.21
HD 231701 b,HD 231701,141.63,nan,1.13,0.13,nan,6101.0,1.53,1.21
HD 23596 b,HD 23596,1535.11912,nan,11.914,0.282,nan,nan,nan,1.1
HD 240210 b,HD 240210,501.75,nan,5.21,0.15,nan,4297.0,nan,0.82
HD 240237 b,HD 240237,745.70001,nan,15.89,0.4,nan,3926.0,71.23,8.76
Kepler-1738 b,Kepler-1738,7.67463016,0.252,nan,nan,nan,6063.0,1.0,1.08
HD 25171 b,HD 25171,1802.29,nan,0.915,0.042,nan,6125.0,1.23,1.08
HD 2638 b,HD 2638,3.4442,nan,0.42,0.0,nan,5186.0,0.94,0.77
HD 27442 b,HD 27442,428.1,nan,1.56,0.06,nan,4846.0,nan,1.23
HD 27894 b,HD 27894,18.01939,nan,0.619,0.047,nan,nan,nan,0.81
HD 28185 b,HD 28185,385.52775,nan,5.837,0.055,nan,nan,nan,0.99
HD 28254 b,HD 28254,1333.0,nan,3.8,0.95,nan,nan,nan,1.1
HD 285968 b,HD 285968,8.7836,nan,0.026,0.0,450.0,nan,nan,0.5
HD 28678 b,HD 28678,380.2,nan,1.542,0.149,nan,4972.0,6.48,1.53
HD 290327 b,HD 290327,2443.0,nan,2.43,0.08,nan,5505.0,0.95,0.84
HD 30177 b,HD 30177,2514.53422,nan,8.403,0.207,nan,nan,nan,0.98
HD 30562 b,HD 30562,1157.0,nan,1.22,0.76,nan,5882.0,1.61,1.12
HD 30856 b,HD 30856,847.0,nan,1.547,0.061,nan,4895.0,4.4,1.17
HD 31253 b,HD 31253,466.0,nan,0.62,0.3,nan,6130.0,1.75,1.7
HD 31527 b,HD 31527,16.5535,nan,0.0329,0.1,nan,5898.0,nan,0.96
HD 31527 c,HD 31527,51.2053,nan,0.0445,0.04,nan,5898.0,nan,0.96
HD 31527 d,HD 31527,271.6737,nan,0.0372,0.24,nan,5898.0,nan,0.96
HD 32518 b,HD 32518,157.35,nan,2.849,0.028,nan,4580.0,10.22,1.13
HD 330075 b,HD 330075,3.38773,nan,0.48,0.0,nan,5000.0,0.84,0.47
HD 33142 b,HD 33142,330.0,nan,1.26,0.049,nan,5025.4,4.17,1.52
HD 33283 b,HD 33283,18.1991,nan,0.329,0.399,nan,5935.0,1.97,1.38
HD 33564 b,HD 33564,388.0,nan,9.1,0.34,nan,6250.0,nan,1.25
HD 34445 b,HD 34445,1049.0,nan,0.82,0.27,nan,5879.0,1.38,1.14
HD 3651 b,HD 3651,62.25,nan,0.228,0.645,nan,5221.0,nan,0.8
HD 37124 b,HD 37124,154.378,nan,0.675,0.054,nan,nan,nan,0.85
HD 37124 c,HD 37124,885.5,nan,0.652,0.125,nan,nan,nan,0.85
HD 37124 d,HD 37124,1862.0,nan,0.696,0.16,nan,nan,nan,0.85
HD 37605 b,HD 37605,55.01292,nan,2.69,0.6745,nan,5329.0,0.91,0.94
HD 38529 b,HD 38529,14.3099,nan,0.65,0.256,nan,nan,nan,0.98
HD 38529 c,HD 38529,2127.60566,nan,10.38,0.357,nan,nan,nan,0.98
HD 38801 b,HD 38801,685.25,nan,9.698,0.017,nan,5338.0,2.03,1.21
Kepler-1737 b,Kepler-1737,64.61750031,0.481,nan,nan,nan,5043.0,0.88,0.83
HD 39091 b,HD 39091,2088.75851,nan,12.325,0.642,nan,nan,nan,1.1
HD 40307 b,HD 40307,4.3123,nan,0.0126,0.2,nan,4956.0,nan,0.77
HD 40307 c,HD 40307,9.6184,nan,0.0208,0.06,nan,4956.0,nan,0.77
HD 40307 d,HD 40307,20.432,nan,0.0299,0.07,nan,4956.0,nan,0.77
HD 40979 b,HD 40979,264.14999,nan,4.67,0.25,nan,6165.0,1.21,1.45
HD 41004 A b,HD 41004 A,963.0,nan,2.54,0.74,nan,nan,nan,nan
HD 41004 B b,HD 41004 B,1.3283,nan,18.37,0.081,nan,nan,nan,0.4
HD 4113 b,HD 4113,526.5239,nan,1.703,0.899,nan,nan,nan,1.01
HD 4203 b,HD 4203,431.88,nan,2.23,0.52,nan,5596.0,1.42,1.25
HD 4208 b,HD 4208,832.97,nan,0.81,0.042,nan,5717.0,0.85,0.88
Kepler-272 c,Kepler-272,6.057342,0.16,nan,nan,nan,5297.0,0.93,nan
HD 4308 b,HD 4308,15.56,nan,0.05,0.0,nan,5686.0,1.02,0.93
HD 4313 b,HD 4313,356.21,nan,1.927,0.147,nan,4943.0,5.14,1.63
HD 43197 b,HD 43197,308.92072,nan,0.553,0.742,nan,nan,nan,0.96
HD 43691 b,HD 43691,36.9987,nan,2.55,0.0796,nan,6093.0,1.6,1.32
HD 44219 b,HD 44219,472.0,nan,0.58,0.41,nan,nan,nan,1.2
HD 45184 b,HD 45184,5.8854,nan,0.0384,0.07,nan,5869.0,nan,1.03
HD 45350 b,HD 45350,963.6,nan,1.79,0.778,nan,5566.0,1.26,0.98
HD 45364 b,HD 45364,225.79,nan,0.1893,0.067,nan,5466.0,0.89,0.82
HD 45364 c,HD 45364,345.43,nan,0.549,0.019,nan,5466.0,0.89,0.82
HD 45652 b,HD 45652,44.073,nan,0.433,0.607,nan,5294.0,0.94,0.92
HD 46375 b,HD 46375,3.023573,nan,0.226,0.063,nan,5285.0,nan,0.92
HD 47186 b,HD 47186,4.0845,nan,0.07,0.04,nan,5657.0,1.08,0.96
HD 47186 c,HD 47186,1353.6,nan,0.35061,0.249,nan,nan,nan,nan
HD 47536 b,HD 47536,712.13,nan,7.32,0.2,nan,4380.0,23.47,2.1
HD 48265 b,HD 48265,778.51,nan,1.525,0.211,nan,5733.0,1.9,1.31
HD 49674 b,HD 49674,4.94737,nan,0.1,0.09,nan,5602.0,1.02,1.03
HD 50499 b,HD 50499,2447.1,nan,1.636,0.266,nan,6102.0,1.35,1.25
HD 50554 b,HD 50554,1293.0,nan,4.954,0.501,nan,5987.0,1.02,1.04
HD 51608 b,HD 51608,14.0726,nan,0.0402,0.09,nan,5358.0,nan,0.8
HD 51608 c,HD 51608,95.9446,nan,0.045,0.14,nan,5358.0,nan,0.8
Kepler-273 b,Kepler-273,2.936532,0.134,nan,nan,nan,5626.0,0.81,nan
HD 52265 b,HD 52265,119.27,nan,1.21,0.27,nan,6136.0,nan,1.2
HD 5319 b,HD 5319,637.1,nan,1.556,0.092,nan,4871.0,4.06,1.27
HD 5891 b,HD 5891,177.11,nan,7.63,0.07,nan,4673.0,10.64,1.93
HD 59686 A b,HD 59686 A,299.36,nan,6.92,0.05,nan,4658.0,13.2,1.9
HD 60532 b,HD 60532,201.9,nan,1.06,0.26,nan,6245.0,2.57,1.5
HD 60532 c,HD 60532,600.1,nan,2.51,0.03,nan,6245.0,2.57,1.5
HD 62509 b,HD 62509,589.64,nan,2.3,0.02,nan,4892.63,nan,nan
HD 63454 b,HD 63454,2.81805,nan,0.25,0.0,nan,4812.0,0.77,0.42
HD 63765 b,HD 63765,358.0,nan,0.53,0.24,nan,5449.0,0.83,0.65
HD 6434 b,HD 6434,21.998,nan,0.49,0.17,nan,5769.0,1.12,1.1
Kepler-1739 b,Kepler-1739,7.34370995,0.217,nan,nan,nan,5757.0,0.76,0.86
HD 65216 b,HD 65216,577.6,nan,1.295,0.27,nan,5612.0,nan,0.87
HD 66428 b,HD 66428,2269.81726,nan,10.946,0.471,nan,nan,nan,1.01
HD 6718 b,HD 6718,2496.0,nan,1.68,0.1,nan,5801.0,0.95,1.08
HD 68988 b,HD 68988,6.27711,nan,1.97,0.12,nan,5932.0,1.19,1.28
HD 69830 b,HD 69830,8.667,nan,0.0321,0.1,nan,5385.0,nan,0.86
HD 69830 c,HD 69830,31.56,nan,0.0371,0.13,nan,5385.0,nan,0.86
HD 69830 d,HD 69830,197.0,nan,0.057,0.07,nan,5385.0,nan,0.86
HD 70573 b,HD 70573,851.8,nan,6.1,0.4,nan,5737.0,nan,1.0
HD 70642 b,HD 70642,2124.54,nan,1.993,0.175,nan,5732.0,0.98,1.08
HD 7199 b,HD 7199,615.0,nan,0.27,0.19,nan,5371.0,0.97,0.77
HD 72659 b,HD 72659,3549.39854,nan,2.988,0.257,nan,nan,nan,1.09
HD 73267 b,HD 73267,1257.99159,nan,4.158,0.261,nan,nan,nan,0.93
HD 73526 b,HD 73526,188.3,nan,3.08,0.19,nan,5601.0,1.53,1.14
HD 73526 c,HD 73526,379.1,nan,2.25,0.28,nan,nan,nan,1.01
HD 73534 b,HD 73534,1750.0,nan,1.112,0.126,nan,4917.0,2.58,1.16
HD 74156 b,HD 74156,51.63564,nan,1.675,0.636,nan,nan,nan,1.1
HD 74156 c,HD 74156,2448.48726,nan,8.665,0.377,nan,nan,nan,1.1
HD 7449 b,HD 7449,1270.55195,nan,8.174,0.752,nan,nan,nan,1.2
HD 75289 b,HD 75289,3.50927,nan,0.49,0.03,nan,6117.0,1.23,1.29
HD 75898 b,HD 75898,422.82,nan,2.55,0.105,nan,6122.0,nan,1.29
HD 76700 b,HD 76700,3.97097,nan,0.21,0.09,nan,5644.0,1.37,0.99
HD 7924 b,HD 7924,5.39792,nan,0.02,0.06,nan,5131.0,0.78,0.65
HD 79498 b,HD 79498,1807.0,nan,1.34,0.575,nan,5748.0,1.05,1.08
HD 80606 b,HD 80606,111.4367,1.07,4.38,0.93,nan,5561.0,1.04,1.15
HD 81040 b,HD 81040,1004.7,nan,7.53,0.527,nan,nan,nan,0.96
HD 81688 b,HD 81688,183.93,nan,1.654,0.04,nan,4797.0,11.13,1.07
HD 82886 b,HD 82886,705.0,nan,2.33,0.07,nan,4953.0,5.26,2.53
HD 82943 b,HD 82943,441.47,nan,1.681,0.162,nan,5935.0,1.18,1.08
HD 82943 c,HD 82943,220.078,nan,1.959,0.3663,nan,5935.0,1.18,1.08
HD 83443 b,HD 83443,2.985628,nan,0.402,0.012,nan,5442.0,0.94,1.0
HD 8535 b,HD 8535,1313.0,nan,0.68,0.15,nan,6136.0,1.19,1.13
HD 85390 b,HD 85390,799.52,nan,0.099,0.5,nan,5186.0,nan,0.76
HD 8574 b,HD 8574,227.0,nan,2.03,0.3,nan,6064.0,1.38,1.34
HD 86081 b,HD 86081,2.1378431,nan,1.48,0.0119,nan,5939.0,1.46,1.21
HD 86226 b,HD 86226,1628.0,nan,0.45,0.059,176.0,5863.0,1.05,1.02
HD 86264 b,HD 86264,1488.79123,nan,9.808,0.821,nan,nan,nan,1.26
HD 8673 b,HD 8673,1644.69097,nan,13.248,0.73,nan,nan,nan,1.28
HD 87883 b,HD 87883,3309.22118,nan,5.409,0.707,nan,nan,nan,0.81
HD 88133 b,HD 88133,3.414884,nan,0.2845,0.031,nan,5392.0,2.2,1.26
Kepler-782 b,Kepler-782,158.6853308,0.286,nan,nan,nan,5867.0,1.01,0.98
HD 89307 b,HD 89307,2166.0,nan,2.11,0.2,nan,5955.0,1.1,1.27
HD 89744 b,HD 89744,256.78,nan,8.35,0.677,nan,6291.0,nan,1.86
HD 90156 b,HD 90156,49.77,nan,0.057,0.31,nan,5599.0,nan,0.84
HD 92788 b,HD 92788,325.803,nan,3.76,0.35,nan,5744.0,1.14,1.15
HD 93083 b,HD 93083,143.58,nan,0.37,0.14,nan,4995.0,nan,0.7
HD 9446 b,HD 9446,30.052,nan,0.7,0.2,nan,5793.0,1.0,1.0
HD 9446 c,HD 9446,192.9,nan,1.82,0.06,nan,5793.0,1.0,1.0
HD 95089 b,HD 95089,464.4,nan,1.26,0.119,nan,4918.0,5.08,1.54
HD 96063 b,HD 96063,362.5,nan,1.27,0.17,nan,5020.0,4.75,1.37
HD 96127 b,HD 96127,647.29999,nan,20.96,0.3,nan,3943.0,51.1,10.94
HD 96167 b,HD 96167,498.04,nan,0.717,0.685,nan,5733.0,1.94,1.27
HD 97658 b,HD 97658,9.4897116,0.189,0.02611,0.05,751.0,5212.0,0.73,0.85
HD 98219 b,HD 98219,433.8,nan,1.964,0.079,nan,4925.0,4.6,1.41
HD 99109 b,HD 99109,439.29999,nan,0.44,0.09,nan,5282.0,0.98,0.76
HD 99492 b,HD 99492,17.0503,nan,0.08023,0.034,nan,4929.0,nan,0.85
HD 99706 b,HD 99706,841.0,nan,1.23,0.25,nan,4862.0,5.52,1.46
HIP 12961 b,HIP 12961,57.435,nan,0.36,0.17,nan,3901.0,0.65,0.69
HIP 14810 b,HIP 14810,6.673892,nan,3.9,0.14399,nan,5544.0,1.07,1.01
HIP 14810 c,HIP 14810,147.747,nan,1.31,0.1566,nan,5544.0,1.07,1.01
HIP 14810 d,HIP 14810,981.8,nan,0.59,0.185,nan,5544.0,1.07,1.01
Kepler-746 b,Kepler-746,3.48159251,0.099,nan,nan,nan,5418.0,0.93,0.91
HIP 5158 b,HIP 5158,345.72,nan,1.42,0.52,nan,4962.0,nan,0.78
GJ 1148 b,GJ 1148,41.38,nan,0.30425,0.38,nan,3287.0,0.36,0.34
HIP 57274 b,HIP 57274,8.1352,nan,0.02,0.19,nan,4510.0,0.78,0.29
HIP 57274 c,HIP 57274,32.03,nan,0.40902,0.05,nan,4640.0,0.68,0.73
HIP 57274 d,HIP 57274,431.7,nan,0.5267,0.27,nan,4640.0,0.68,0.73
HIP 70849 b,HIP 70849,3649.0,nan,4.5,0.65,nan,nan,nan,0.65
iot Dra b,iot Dra,510.8544,nan,11.82,0.701,nan,4504.0,11.79,1.54
HIP 78530 b,HIP 78530,nan,nan,23.0,nan,2700.0,10500.0,nan,2.5
HIP 79431 b,HIP 79431,111.7,nan,2.1,0.29,nan,3191.0,nan,0.49
HR 810 b,HR 810,302.79999,nan,2.27,0.14,nan,6167.0,1.13,1.34
HR 8799 b,HR 8799,170000.0,1.2,7.0,nan,nan,nan,nan,1.5
HR 8799 c,HR 8799,69000.0,1.2,10.0,nan,nan,nan,nan,1.5
HR 8799 d,HR 8799,37000.0,1.2,10.0,nan,nan,nan,nan,1.5
HR 8799 e,HR 8799,nan,1.17,10.0,0.15,1150.0,7400.0,nan,nan
kap CrB b,kap CrB,1253.68,nan,1.522,0.04,nan,4840.0,4.68,1.33
xi Aql b,xi Aql,136.97,nan,1.941,0.059,nan,4841.0,10.86,1.74
Lupus-TR-3 b,Lupus-TR-3,3.91405,0.89,0.81,0.0,nan,5000.0,0.82,0.87
MOA-2007-BLG-192L b,MOA-2007-BLG-192L,nan,nan,0.01,nan,nan,nan,nan,0.06
MOA-2007-BLG-400L b,MOA-2007-BLG-400L,nan,nan,1.7,nan,nan,nan,nan,0.69
MOA-2008-BLG-310L b,MOA-2008-BLG-310L,nan,nan,0.0736,nan,nan,nan,nan,0.21
MOA-2009-BLG-266L b,MOA-2009-BLG-266L,2800.0,nan,0.0327,nan,nan,nan,nan,0.56
MOA-2009-BLG-319L b,MOA-2009-BLG-319L,nan,nan,0.212,nan,nan,nan,nan,0.52
MOA-2009-BLG-387L b,MOA-2009-BLG-387L,1980.0,nan,2.6,nan,nan,nan,nan,0.19
BD-13 2130 b,BD-13 2130,714.29999,nan,9.78,0.21,nan,4545.0,19.17,2.12
OGLE-2005-BLG-071L b,OGLE-2005-BLG-071L,nan,nan,3.8,nan,55.0,nan,nan,0.46
OGLE-2005-BLG-169L b,OGLE-2005-BLG-169L,nan,nan,0.0444,nan,nan,nan,nan,0.69
OGLE-2005-BLG-390L b,OGLE-2005-BLG-390L,3285.0,nan,0.017,nan,50.0,nan,nan,0.22
OGLE-2006-BLG-109L b,OGLE-2006-BLG-109L,1788.5,nan,0.727,nan,nan,nan,nan,0.51
OGLE-2006-BLG-109L c,OGLE-2006-BLG-109L,4927.5,nan,0.27,0.15,nan,nan,nan,0.51
OGLE-2007-BLG-368L b,OGLE-2007-BLG-368L,nan,nan,0.06,nan,nan,nan,nan,0.64
OGLE-2003-BLG-235L b,OGLE-2003-BLG-235L,nan,nan,2.6,nan,nan,nan,nan,0.63
OGLE2-TR-L9 b,OGLE2-TR-L9,2.4855335,1.61,4.5,nan,nan,6933.0,1.53,1.52
OGLE-TR-10 b,OGLE-TR-10,3.101278,1.25,0.62,nan,nan,5950.0,1.17,1.14
OGLE-TR-111 b,OGLE-TR-111,4.0144463,1.019,nan,nan,nan,nan,0.83,nan
OGLE-TR-113 b,OGLE-TR-113,1.4324752,1.093,1.26,nan,nan,4790.0,0.77,0.78
OGLE-TR-132 b,OGLE-TR-132,1.689868,1.2,1.18,nan,2013.0,6210.0,1.32,1.3
OGLE-TR-182 b,OGLE-TR-182,3.9791,1.13,1.01,0.0,nan,5924.0,1.14,1.14
OGLE-TR-211 b,OGLE-TR-211,3.67724,1.36,1.03,0.0,nan,6325.0,1.64,1.33
OGLE-TR-56 b,OGLE-TR-56,1.2119189,1.363,1.39,nan,2212.0,6050.0,nan,nan
Kepler-743 b,Kepler-743,3.17926292,0.108,nan,nan,nan,5486.0,0.85,0.94
PSR B1257+12 b,PSR B1257+12,25.262,nan,6e-05,0.0,nan,nan,nan,1.4
PSR B1257+12 c,PSR B1257+12,66.5419,nan,0.01353,0.0186,nan,nan,nan,1.4
PSR B1257+12 d,PSR B1257+12,98.2114,nan,0.01227,nan,nan,nan,nan,1.4
PSR B1620-26 b,PSR B1620-26,nan,nan,2.5,nan,nan,nan,nan,1.35
Qatar-1 b,Qatar-1,1.4200242,1.143,1.294,0.0,1418.0,5013.0,0.8,0.84
Qatar-2 b,Qatar-2,1.33711647,1.254,2.494,0.0,1344.0,4645.0,0.78,0.74
rho CrB b,rho CrB,39.8438,nan,1.093,0.038,nan,5817.0,1.34,0.95
SWEEPS-4 b,SWEEPS-4,4.2,0.81,3.8,nan,nan,nan,1.18,1.24
SWEEPS-11 b,SWEEPS-11,1.796,1.13,9.7,nan,nan,nan,1.45,1.1
tau Boo b,tau Boo,3.3124568,nan,4.32,0.011,nan,6466.27,1.43,1.32
TrES-1 b,TrES-1,3.03007,1.13,0.84,0.0,nan,5230.0,0.85,1.04
TrES-3 b,TrES-3,1.30618581,1.336,1.91,0.0,nan,5650.0,0.83,0.93
TrES-4 b,TrES-4,3.55395,1.61,0.78,0.0,nan,6200.0,1.66,1.08
TrES-5 b,TrES-5,1.48224686,1.194,1.79,nan,1480.0,5171.0,0.87,0.9
ups And b,ups And,4.617033,nan,0.6876,0.0215,nan,nan,1.56,1.3
ups And c,ups And,241.258,nan,1.981,0.2596,nan,nan,1.56,1.3
ups And d,ups And,1276.46,nan,4.132,0.2987,nan,nan,1.56,1.3
USco CTIO 108 b,USco CTIO 108,nan,nan,14.0,nan,nan,2700.0,nan,0.06
V0391 Peg b,V0391 Peg,1170.0,nan,3.2,0.0,nan,29300.0,0.23,0.5
WASP-10 b,WASP-10,3.0927616,1.08,3.15,nan,1370.0,4675.0,0.7,0.75
WASP-11 b,WASP-11,3.72247,1.11,0.79,0.0,nan,4800.0,0.89,1.42
WASP-12 b,WASP-12,1.09142,1.937,1.465,nan,2592.6,6360.0,1.66,1.43
WASP-13 b,WASP-13,4.35301,1.22,0.36,0.0,nan,5950.0,1.37,0.72
WASP-14 b,WASP-14,2.24375,1.38,8.84,0.09,nan,6475.0,1.4,1.62
WASP-15 b,WASP-15,3.7521,1.41,0.54,0.0,nan,6300.0,1.48,1.18
WASP-16 b,WASP-16,3.1186,1.22,1.24,0.0,nan,5700.0,1.14,1.78
WASP-17 b,WASP-17,3.73543,1.87,0.78,0.0,nan,6550.0,1.49,2.28
WASP-18 b,WASP-18,0.94145223,1.24,10.2,0.0051,2429.0,6432.0,1.32,1.29
WASP-19 b,WASP-19,0.78883852,1.415,1.154,0.0126,2113.0,5616.0,1.01,0.96
WASP-1 b,WASP-1,2.5199454,1.483,0.854,0.0,nan,nan,1.47,1.24
Kepler-747 b,Kepler-747,35.61760587,0.47,nan,nan,nan,5096.0,0.78,0.82
WASP-21 b,WASP-21,4.322482,1.07,0.3,0.0,nan,nan,nan,nan
WASP-22 b,WASP-22,3.53269,1.23,0.67,0.02,nan,6000.0,1.24,1.46
WASP-24 b,WASP-24,2.34121,1.38,1.24,0.0,nan,6075.0,1.42,1.43
WASP-25 b,WASP-25,3.76483,1.07,0.44,0.0,nan,5750.0,0.8,0.67
WASP-26 b,WASP-26,2.7566,1.21,0.85,0.0,nan,6034.0,1.22,0.86
WASP-28 b,WASP-28,3.40883495,1.219,0.889,0.0,1456.0,nan,1.08,0.99
WASP-29 b,WASP-29,3.92273,0.77,0.23,0.03,nan,4800.0,0.79,0.77
WASP-2 b,WASP-2,2.152175,1.081,0.931,nan,1311.0,5180.0,0.87,0.9
WASP-31 b,WASP-31,3.4059096,1.549,0.478,0.0,nan,6302.0,1.25,1.16
WASP-32 b,WASP-32,2.71866,0.96,2.63,0.0,nan,6140.0,0.95,0.72
WASP-33 b,WASP-33,1.21987,1.593,2.093,nan,2781.7,7430.0,1.44,1.5
WASP-34 b,WASP-34,4.31768,1.0,0.56,0.04,nan,5700.0,0.91,0.96
WASP-35 b,WASP-35,3.16158,1.3,0.71,0.0,nan,5990.0,1.08,1.05
WASP-36 b,WASP-36,1.53736596,1.327,2.361,nan,1733.0,5959.0,0.98,1.08
WASP-37 b,WASP-37,3.577469,1.16,1.8,0.0,nan,5800.0,1.0,0.93
WASP-38 b,WASP-38,6.87188,1.23,3.44,0.03,nan,6180.0,1.52,1.76
WASP-39 b,WASP-39,4.0552842,nan,nan,0.0,nan,nan,nan,nan
WASP-3 b,WASP-3,1.84683,1.42,2.43,0.0,nan,6400.0,1.44,1.62
WASP-41 b,WASP-41,3.0524,1.1,0.85,0.0,nan,5545.0,0.83,0.81
WASP-43 b,WASP-43,0.813475,0.93,1.78,0.0,nan,4400.0,0.6,0.58
WASP-44 b,WASP-44,2.423804,1.1,0.87,nan,1337.0,5420.0,0.91,0.94
WASP-45 b,WASP-45,3.126089,0.946,0.964,nan,1153.0,5150.0,0.85,0.85
WASP-46 b,WASP-46,1.43036763,1.174,1.91,nan,1636.0,5600.0,0.86,0.83
WASP-48 b,WASP-48,2.14363,1.5,0.8,0.0,nan,5920.0,1.58,0.88
WASP-4 b,WASP-4,1.33823147,1.321,1.186,0.0,nan,5400.0,0.89,0.86
WASP-50 b,WASP-50,1.9551,1.166,1.4688,nan,1394.84,5400.0,0.84,0.89
WASP-5 b,WASP-5,1.6284279,1.087,1.58,0.038,1706.0,5700.0,1.03,0.96
WASP-6 b,WASP-6,3.36101,1.03,0.37,0.05,nan,5450.0,0.73,0.55
WASP-7 b,WASP-7,4.9546416,1.33,0.96,nan,1487.0,6400.0,1.43,1.28
WASP-8 b,WASP-8,8.15872,1.13,2.54,0.31,nan,5600.0,1.03,1.34
XO-1 b,XO-1,3.94153,1.14,0.83,0.0,nan,5750.0,0.88,0.88
XO-2 N b,XO-2 N,2.61586178,0.993,0.566,nan,nan,nan,0.99,0.97
XO-3 b,XO-3,3.19154,1.41,7.29,0.29,nan,6429.0,1.54,0.58
XO-4 b,XO-4,4.12508,1.25,1.42,0.0,nan,6397.0,1.45,1.1
XO-5 b,XO-5,4.1877558,1.14,1.19,0.0,1230.0,5430.0,1.13,1.04
11 Com b,11 Com,323.21,nan,15.464,0.238,nan,4874.0,13.76,2.09
alf Ari b,alf Ari,380.8,nan,1.8,0.25,nan,4553.0,13.9,1.5
CoRoT-16 b,CoRoT-16,5.35227,1.17,0.535,0.33,nan,5650.0,1.19,1.1
FU Tau b,FU Tau,nan,nan,16.0,nan,2375.0,2838.0,nan,0.05
HD 106515 A b,HD 106515 A,3586.86089,nan,9.518,0.565,nan,nan,nan,0.93
HD 166724 b,HD 166724,5144.0,nan,3.53,0.734,nan,5127.0,nan,0.81
HD 180314 b,HD 180314,394.73,nan,22.707,0.247,nan,4917.0,9.2,2.6
HD 196067 b,HD 196067,3638.0,nan,6.9,0.66,nan,6017.0,1.73,1.29
HD 220689 b,HD 220689,2266.4,nan,1.118,0.054,nan,5921.0,1.07,1.02
HD 27631 b,HD 27631,2198.14,nan,1.494,0.141,nan,5737.0,0.92,0.94
HD 38283 b,HD 38283,363.20001,nan,0.4,0.41,nan,5981.0,1.49,1.37
HD 65216 c,HD 65216,5370.0,nan,2.03,0.17,nan,5612.0,nan,0.87
HD 98649 b,HD 98649,5697.3043,nan,8.386,0.841,nan,nan,nan,1.02
HIP 5158 c,HIP 5158,9017.76,nan,15.04,0.14,nan,4813.0,0.75,0.78
Kepler-471 b,Kepler-471,5.01423457,1.335,nan,nan,nan,6733.0,1.8,1.49
HN Peg b,HN Peg,nan,1.051,21.9987,nan,nan,nan,nan,nan
HU Aqr AB b,HU Aqr,2390.0,nan,5.9,0.0,nan,nan,nan,0.88
HU Aqr AB c,HU Aqr,4368.0,nan,4.5,0.51,nan,nan,nan,0.88
LkCa 15 b,LkCa 15,nan,nan,nan,nan,nan,4194.0,1.61,nan
NN Ser c,NN Ser,5573.55,nan,7.33,0.08,nan,nan,nan,nan
NN Ser d,NN Ser,2883.5,nan,2.3,0.19,nan,nan,nan,nan
nu Oph b,nu Oph,529.93,nan,21.548,0.126,nan,4887.0,12.24,2.61
nu Oph c,nu Oph,3180.6,nan,23.693,0.179,nan,4887.0,12.24,2.61
NY Vir b,NY Vir,3160.0,nan,2.66,0.15,nan,32780.0,0.15,0.46
Oph 11 b,Oph 11,7300000.0,nan,14.0,nan,2175.0,2375.0,nan,0.02
Kepler-749 b,Kepler-749,17.31716585,0.277,nan,nan,nan,5009.0,0.75,0.79
Ross 458 c,Ross 458,nan,1.25,6.0,nan,nan,nan,nan,nan
SR 12 AB c,SR 12 AB,nan,nan,13.0,nan,nan,nan,nan,nan
tau Gem b,tau Gem,305.5,nan,20.6,0.031,nan,4388.0,26.8,2.3
WASP-23 b,WASP-23,2.9444256,0.962,0.884,0.062,nan,5150.0,0.77,0.78
KOI-55 b,KOI-55,0.240104,0.068,0.0014,nan,nan,27730.0,0.2,0.5
KOI-55 c,KOI-55,0.342887,0.077,0.0021,nan,nan,27730.0,0.2,0.5
MOA-2010-BLG-477L b,MOA-2010-BLG-477L,nan,nan,1.5,nan,nan,5950.0,nan,0.67
HD 142 c,HD 142,10159.64279,nan,10.901,0.277,nan,nan,nan,1.21
HATS-1 b,HATS-1,3.446459,1.302,1.855,0.12,1359.0,5870.0,1.04,0.99
WASP-78 b,WASP-78,2.17518,1.93,1.11,0.0,nan,6100.0,2.46,1.87
Kepler-750 b,Kepler-750,9.42887179,0.274,nan,nan,nan,6160.0,1.23,1.15
WASP-79 b,WASP-79,3.662392,1.53,0.85,0.0,1716.2,6600.0,1.51,1.39
KELT-1 b,KELT-1,1.217514,1.11,27.23,0.0099,nan,6518.0,1.46,1.32
KELT-2 A b,KELT-2 A,4.11379,1.35,1.7,0.0,nan,6327.0,1.93,1.54
Kepler-36 b,Kepler-36,13.86825,0.134,0.01205,0.0,nan,5979.0,1.63,1.03
GJ 3470 b,GJ 3470,3.3366496,0.408,0.04373,nan,593.5,3600.0,0.55,0.54
BD+20 274 b,BD+20 274,578.2,nan,4.2,0.21,nan,4296.0,17.3,0.8
HD 219415 b,HD 219415,2093.3,nan,1.0,0.4,nan,4820.0,2.9,1.0
Pr0201 b,Pr0201,4.4264,nan,0.54,0.0,nan,6174.0,1.15,1.24
Pr0211 b,Pr0211,2.1461,nan,1.88,0.011,nan,5300.0,0.83,0.94
HD 77338 b,HD 77338,5.7361,nan,0.06,0.09,nan,5341.0,0.97,1.37
HD 207832 b,HD 207832,160.07,nan,0.56,0.197,nan,5726.0,0.89,1.05
HD 207832 c,HD 207832,1155.7,nan,0.73,0.27,nan,5710.0,0.9,0.94
HAT-P-39 b,HAT-P-39,3.54387,1.571,0.599,0.0,1752.0,6430.0,1.62,1.4
HAT-P-40 b,HAT-P-40,4.45724,1.52,0.48,0.0,nan,6080.0,1.94,1.03
HAT-P-41 b,HAT-P-41,2.69405,2.05,1.19,0.0,nan,6390.0,2.05,2.56
HD 5608 b,HD 5608,768.7,nan,1.168,0.11,nan,4807.0,5.43,1.29
75 Cet b,75 Cet,696.62,nan,2.479,0.093,nan,4809.0,10.38,1.92
omi UMa b,omi UMa,1569.81,nan,3.651,0.149,nan,5075.0,13.84,2.72
omi CrB b,omi CrB,187.01,nan,1.12,0.105,nan,4769.0,11.87,1.3
WASP-42 b,WASP-42,4.9816819,1.122,0.527,nan,1021.0,5315.0,0.89,0.95
Kepler-751 b,Kepler-751,17.44490636,0.219,nan,nan,nan,5387.0,0.84,0.87
WASP-47 b,WASP-47,4.159151,1.147,1.17674,0.0006,nan,nan,1.16,1.06
WASP-49 b,WASP-49,2.78174,1.11,0.37,0.0,nan,5600.0,0.97,0.92
WASP-55 b,WASP-55,4.46563,1.33,0.61,0.0,nan,5900.0,1.09,1.11
WASP-61 b,WASP-61,3.8559,1.41,2.68,0.0,nan,6250.0,1.55,1.82
WASP-62 b,WASP-62,4.41195,1.32,0.52,0.0,nan,6230.0,1.23,1.11
WASP-63 b,WASP-63,4.37808,1.41,0.37,0.0,nan,5550.0,1.86,1.28
WASP-66 b,WASP-66,4.08605,1.4,2.35,0.0,nan,6600.0,1.76,1.33
WASP-67 b,WASP-67,4.61442,1.15,0.43,0.0,nan,5200.0,0.88,0.91
HAT-P-38 b,HAT-P-38,4.640382,0.825,0.267,0.067,1082.0,5330.0,0.92,0.89
Kepler-46 c,Kepler-46,57.011,nan,0.376,0.0146,455.0,5155.0,0.94,0.9
Kepler-47 b,Kepler-47,49.4643,0.272,0.00651,0.021,nan,nan,0.94,0.96
Kepler-47 c,Kepler-47,303.227,0.415,0.00997,0.044,nan,nan,0.94,0.96
eps CrB b,eps CrB,417.9,nan,6.7,0.11,nan,4406.0,21.0,1.7
WTS-1 b,WTS-1,3.352057,1.49,4.01,0.1,1500.0,6250.0,1.15,1.2
WASP-54 b,WASP-54,3.69364,1.58,0.59,0.07,nan,6100.0,1.76,1.08
WASP-56 b,WASP-56,4.6171,0.94,0.45,0.0,nan,5600.0,0.96,0.71
WASP-57 b,WASP-57,2.83891856,1.05,0.644,nan,1338.0,5600.0,0.93,0.89
HD 4732 b,HD 4732,371.74,nan,1.986,0.266,nan,4898.0,5.03,1.39
HD 4732 c,HD 4732,3184.2,nan,3.365,0.187,nan,4898.0,5.03,1.39
HD 37605 c,HD 37605,2720.0,nan,3.19,0.03,nan,5329.0,0.91,0.94
HD 40307 f,HD 40307,51.76,nan,0.0164,0.02,nan,4956.0,nan,0.77
HD 40307 g,HD 40307,197.8,nan,0.0223,0.29,nan,4956.0,nan,0.77
HD 66141 b,HD 66141,480.5,nan,6.0,0.07,nan,4323.0,21.4,1.1
HD 208527 b,HD 208527,875.5,nan,9.9,0.08,nan,4035.0,51.1,1.6
HD 220074 b,HD 220074,672.09998,nan,16.64,0.14,nan,3787.0,54.92,2.2
WASP-52 b,WASP-52,1.7497798,1.27,0.46,0.0,1315.0,5000.0,0.79,0.87
WASP-58 b,WASP-58,5.01718,1.43,0.97,0.0,nan,5800.0,1.22,1.06
WASP-59 b,WASP-59,7.919585,0.775,0.863,0.1,670.0,4650.0,0.61,0.72
WASP-60 b,WASP-60,4.305,0.88,0.55,0.0,nan,5900.0,1.17,1.19
WASP-77 A b,WASP-77 A,1.36002854,1.23,1.667,0.0074,1715.0,5617.0,0.91,0.9
GJ 676 A d,GJ 676 A,3.60076,nan,0.012,0.192,nan,nan,nan,0.63
GJ 676 A e,GJ 676 A,35.47358,nan,0.021,0.152,nan,nan,nan,0.63
kap And b,kap And,nan,nan,13.616,nan,1900.0,10900.0,nan,2.6
BD-06 1339 b,BD-06 1339,3.8728,nan,0.027,0.0,nan,4324.0,nan,0.7
BD-06 1339 c,BD-06 1339,125.94,nan,0.17,0.31,nan,4324.0,nan,0.7
HD 103774 b,HD 103774,5.8881,nan,0.367,0.09,nan,6489.0,nan,1.33
HD 109271 b,HD 109271,7.8543,nan,0.054,0.25,nan,5783.0,nan,1.05
HD 109271 c,HD 109271,30.93,nan,0.076,0.15,nan,5783.0,nan,1.05
MOA-2010-BLG-073L b,MOA-2010-BLG-073L,nan,nan,11.0,nan,nan,nan,nan,0.16
HD 219077 b,HD 219077,5478.68861,nan,9.62,0.768,nan,nan,nan,0.92
OGLE-2012-BLG-0026L b,OGLE-2012-BLG-0026L,nan,nan,0.145,nan,nan,nan,nan,1.06
OGLE-2012-BLG-0026L c,OGLE-2012-BLG-0026L,nan,nan,0.86,nan,nan,nan,nan,1.06
Kepler-68 d,Kepler-68,632.62,nan,0.749,0.102,nan,5847.0,1.26,1.06
WASP-64 b,WASP-64,1.5732918,1.271,1.271,0.0,1689.0,5400.0,1.06,1.0
WASP-72 b,WASP-72,2.21673,1.29,2.3,0.0,nan,6250.0,2.18,2.78
WASP-80 b,WASP-80,3.06785234,0.999,0.538,0.002,825.0,4143.0,0.59,0.58
WASP-71 b,WASP-71,2.90367,1.18,1.39,0.0,nan,6050.0,1.82,0.76
OGLE-2011-BLG-0251L b,OGLE-2011-BLG-0251L,nan,nan,0.53,nan,nan,nan,nan,0.26
HD 159868 c,HD 159868,351.0,nan,0.768,0.184,nan,5534.0,2.13,1.19
PH1 b,PH1,138.317,0.551,0.531,0.0702,481.0,6407.0,1.73,1.53
HD 222155 b,HD 222155,3999.0,nan,2.12,0.16,nan,5701.0,1.85,1.21
HD 24040 b,HD 24040,3668.0,nan,3.86,0.04,nan,5802.0,1.3,1.11
ome Ser b,ome Ser,278.59,nan,0.736,0.18,nan,4724.0,10.99,1.01
HD 2952 b,HD 2952,312.08,nan,0.896,0.269,nan,4853.0,10.9,1.91
HD 120084 b,HD 120084,2142.0,nan,6.4,0.483,nan,4879.0,10.37,2.16
Kepler-19 c,Kepler-19,28.731,nan,0.04122,0.21,nan,5544.0,0.86,0.94
BD+15 2940 b,BD+15 2940,137.48,nan,1.11,0.26,nan,4796.0,14.7,1.1
HD 233604 b,HD 233604,192.0,nan,6.575,0.05,nan,4791.0,10.9,1.5
HD 95086 b,HD 95086,nan,nan,5.0,nan,1000.0,nan,nan,1.6
KELT-3 b,KELT-3,2.70339,1.56,1.94,0.0,nan,6304.0,1.7,1.96
Kepler-116 b,Kepler-116,5.968734,0.305,nan,nan,nan,6142.0,1.45,nan
GJ 163 b,GJ 163,8.63182,nan,0.03335,0.073,nan,nan,nan,nan
GJ 163 c,GJ 163,25.63058,nan,0.0214,0.099,nan,nan,nan,nan
GJ 163 d,GJ 163,603.95116,nan,0.0925,0.373,nan,nan,nan,nan
DENIS-P J082303.1-491201 b,DENIS-P J082303.1-491201,246.36,nan,28.5,0.345,nan,nan,nan,0.07
HIP 63242 b,HIP 63242,124.6,nan,9.18,0.23,nan,4830.0,nan,1.54
GJ 667 C e,GJ 667 C,62.24,nan,0.008,0.02,nan,3350.0,nan,0.33
GJ 667 C f,GJ 667 C,39.026,nan,0.008,0.03,nan,3350.0,nan,0.33
GJ 667 C g,GJ 667 C,256.2,nan,0.014,0.08,nan,3350.0,nan,0.33
GJ 504 b,GJ 504,nan,nan,4.0,nan,510.0,6234.0,nan,1.22
Kepler-78 b,Kepler-78,0.35500745,0.107,0.00529,0.0,2223.0,5058.0,0.75,0.78
GJ 328 b,GJ 328,3771.0,nan,2.51,0.227,nan,3897.0,0.63,0.65
HD 203030 b,HD 203030,nan,1.29,11.0,nan,1040.0,nan,nan,nan
CHXR 73 b,CHXR 73,nan,nan,12.569,nan,nan,nan,nan,0.35
DH Tau b,DH Tau,nan,nan,11.0,nan,nan,nan,0.27,0.33
CFBDSIR J145829+101343 b,CFBDSIR J145829+101343,10037.5,nan,10.5,nan,370.0,580.5,nan,0.02
2MASS J01225093-2439505 b,2MASS J01225093-2439505,nan,nan,24.5,nan,nan,3530.0,nan,0.4
WD 0806-661 b,WD 0806-661,nan,nan,8.0,nan,340.0,nan,nan,0.62
POTS-1 b,POTS-1,3.1606296,0.941,2.31,nan,nan,4400.0,0.59,0.69
HATS-2 b,HATS-2,1.35413379,1.122,1.37,nan,1550.0,nan,0.88,0.9
HATS-3 b,HATS-3,3.547851,1.381,1.071,0.0,1648.0,6351.0,1.4,1.21
PSR J1719-1438 b,PSR J1719-1438,0.09070629,nan,1.2,0.06,nan,4500.0,nan,1.4
RR Cae b,RR Cae,4343.5,nan,4.2,0.0,nan,nan,nan,0.44
WASP-65 b,WASP-65,2.3114243,1.112,1.55,0.0,1480.0,5600.0,1.01,0.93
WASP-75 b,WASP-75,2.484193,1.27,1.07,0.0,1710.0,6100.0,1.26,1.14
HD 113337 b,HD 113337,317.58639,nan,3.259,0.28,nan,nan,nan,1.41
MOA-2011-BLG-293L b,MOA-2011-BLG-293L,nan,nan,4.8,nan,nan,nan,nan,0.86
HAT-P-42 b,HAT-P-42,4.641878,1.28,1.044,0.0,1428.0,5743.0,1.53,1.18
HAT-P-43 b,HAT-P-43,3.3326414,1.216,nan,nan,1353.0,5693.0,1.08,1.03
OGLE-2012-BLG-0358L b,OGLE-2012-BLG-0358L,nan,nan,1.85,nan,nan,nan,nan,0.02
ROXs 42 B b,ROXs 42 B,nan,nan,9.0,nan,1975.0,nan,nan,1.0
WISEP J121756.91+162640.2 A b,WISEP J121756.91+162640.2 A,nan,0.934,22.0,nan,450.0,575.0,0.09,0.03
MOA-2008-BLG-379L b,MOA-2008-BLG-379L,nan,nan,4.1,nan,nan,nan,nan,0.56
HD 13908 b,HD 13908,19.382,nan,0.865,0.02,nan,6255.0,1.67,1.29
HD 13908 c,HD 13908,931.0,nan,5.13,0.12,nan,6255.0,1.67,1.29
HD 159243 b,HD 159243,12.62,nan,1.13,0.02,nan,6123.0,1.12,1.12
HD 159243 c,HD 159243,248.4,nan,1.9,0.075,nan,6123.0,1.12,1.12
HIP 91258 b,HIP 91258,5.0505,nan,1.09,0.02,nan,5519.0,0.89,0.97
ROXs 12 b,ROXs 12,nan,nan,16.0,nan,nan,3850.0,nan,0.87
HD 106906 b,HD 106906,nan,nan,11.0,nan,1800.0,6516.0,nan,1.5
OGLE-2012-BLG-0406L b,OGLE-2012-BLG-0406L,nan,nan,2.73,nan,nan,nan,nan,0.44
Kepler-93 c,Kepler-93,1460.0,nan,3.0,nan,nan,5669.0,0.92,0.91
Kepler-94 c,Kepler-94,820.3,nan,9.836,nan,nan,4781.0,0.76,0.81
Kepler-48 e,Kepler-48,982.0,nan,2.067,nan,nan,5194.0,0.89,0.88
Kepler-25 d,Kepler-25,122.4,nan,0.226,0.13,nan,nan,1.32,1.17
KOI-142 c,KOI-142,22.26492,nan,0.674,0.05724,nan,5466.0,0.9,0.99
Kepler-97 c,Kepler-97,789.0,nan,1.08,nan,nan,5779.0,0.98,0.94
Kepler-407 c,Kepler-407,3000.0,nan,12.6,nan,nan,5476.0,1.01,1.0
MOA-2011-BLG-322L b,MOA-2011-BLG-322L,nan,nan,11.6,nan,nan,nan,nan,0.39
CoRoT-27 b,CoRoT-27,3.57532,1.007,10.39,0.065,1500.0,5900.0,1.08,1.05
WASP-103 b,WASP-103,0.925542,1.528,1.49,nan,2508.0,6110.0,1.44,1.22
KELT-6 b,KELT-6,7.8457,1.3,0.52,0.22,nan,6102.0,1.73,1.42
NGC 2682 YBP 1194 b,NGC 2682 YBP 1194,6.959,nan,0.32,0.3,nan,5780.0,nan,1.01
NGC 2682 YBP 1514 b,NGC 2682 YBP 1514,5.118,nan,0.4,0.28,nan,5725.0,nan,0.96
NGC 2682 Sand 364 b,NGC 2682 Sand 364,121.71,nan,6.69,0.35,nan,4284.0,39.59,9.06
HD 154857 c,HD 154857,3452.0,nan,2.58,0.06,nan,5605.0,1.76,1.72
UZ For b,UZ For,5840.0,nan,6.3,0.04,nan,nan,nan,0.7
UZ For c,UZ For,1916.25,nan,7.7,0.05,nan,nan,nan,0.7
Kepler-413 b,Kepler-413,66.262,0.388,0.211,0.1181,nan,4700.0,0.78,0.82
HAT-P-49 b,HAT-P-49,2.69155,1.59,2.2,0.0,nan,6820.0,2.06,2.22
WTS-2 b,WTS-2,1.0187068,1.363,1.12,0.0,2000.0,5000.0,0.75,0.82
HD 4203 c,HD 4203,6700.0,nan,2.17,0.24,nan,5582.0,1.5,0.99
WASP-8 c,WASP-8,4323.0,nan,9.45,0.0,nan,nan,nan,1.04
WASP-68 b,WASP-68,5.0843,1.32,1.08,0.0,nan,5910.0,1.79,1.49
WASP-73 b,WASP-73,4.08722,1.42,2.86,0.0,nan,6030.0,2.55,2.52
WASP-88 b,WASP-88,4.954,1.46,0.42,0.0,nan,6430.0,1.8,0.94
WASP-95 b,WASP-95,2.18467,1.23,1.44,0.0,nan,5830.0,1.23,1.46
WASP-96 b,WASP-96,3.4252602,1.2,0.48,0.0,1285.0,5540.0,1.05,1.06
WASP-97 b,WASP-97,2.07276,1.14,1.36,0.0,nan,5640.0,1.08,1.18
WASP-98 b,WASP-98,2.96264036,1.144,0.922,nan,1171.0,5473.0,0.74,0.81
WASP-99 b,WASP-99,5.75251,1.02,2.43,0.0,nan,6150.0,1.64,1.21
WASP-100 b,WASP-100,2.84938,1.33,1.26,0.0,nan,6900.0,1.57,0.77
WASP-101 b,WASP-101,3.58572,1.43,0.51,0.0,nan,6380.0,1.31,1.41
CoRoT-25 b,CoRoT-25,4.86069,1.08,0.27,0.0,1330.0,6040.0,1.19,1.09
CoRoT-26 b,CoRoT-26,4.20474,1.26,0.52,0.0,1600.0,5590.0,1.79,1.09
MOA-bin-1L b,MOA-bin-1L,nan,nan,3.7,nan,nan,nan,nan,0.75
HAT-P-44 b,HAT-P-44,4.301219,1.242,0.352,0.044,1108.0,5295.0,0.95,0.94
HAT-P-45 b,HAT-P-45,3.128992,1.426,0.892,0.049,1652.0,6330.0,1.32,1.26
HAT-P-46 b,HAT-P-46,4.463129,1.284,0.493,0.123,1458.0,6120.0,1.4,1.28
HAT-P-44 c,HAT-P-44,872.2,nan,4.0,0.494,nan,5295.0,0.95,0.94
HD 285507 b,HD 285507,6.0881,nan,0.98,0.09,nan,4503.0,0.69,0.82
GU Psc b,GU Psc,nan,1.265,11.3,nan,1050.0,nan,nan,0.33
HATS-5 b,HATS-5,4.763387,0.912,0.237,0.019,1025.0,5304.0,0.87,0.94
bet Cnc b,bet Cnc,605.2,nan,7.8,0.08,nan,4092.1,47.2,1.7
mu Leo b,mu Leo,357.8,nan,2.4,0.09,nan,4538.2,11.4,1.5
bet UMi b,bet UMi,522.3,nan,6.1,0.19,nan,4126.0,38.3,1.4
GJ 687 b,GJ 687,38.142,nan,0.05412,0.17,nan,nan,nan,0.4
Kapteyn c,Kapteyn,121.54,nan,0.022,0.23,nan,3550.0,0.29,0.28
HIP 105854 b,HIP 105854,184.2,nan,8.2,0.02,nan,4780.0,nan,2.1
CoRoT-24 b,CoRoT-24,5.1134,0.33,0.018,0.0,1070.0,4950.0,0.86,0.91
CoRoT-24 c,CoRoT-24,11.759,0.44,0.088,0.0,850.0,4950.0,0.86,0.91
OGLE-2008-BLG-355L b,OGLE-2008-BLG-355L,nan,nan,4.6,nan,nan,nan,nan,0.37
Kepler-419 c,Kepler-419,675.47,nan,7.3,0.184,nan,6430.0,1.74,1.39
HATS-4 b,HATS-4,2.516729,1.02,1.323,0.013,1315.0,5403.0,0.93,1.0
OGLE-2013-BLG-0341L B b,OGLE-2013-BLG-0341L B,nan,nan,0.00522,nan,nan,nan,nan,0.11
XO-2 S b,XO-2 S,18.157,nan,0.26,0.18,nan,5399.0,1.0,0.98
XO-2 S c,XO-2 S,120.8,nan,1.37,0.1528,nan,5399.0,1.02,0.98
HD 150706 b,HD 150706,5894.0,nan,2.71,0.38,nan,5961.0,0.96,1.17
CoRoT-22 b,CoRoT-22,9.75598,0.435,0.038,0.077,885.0,5939.0,1.14,1.1
Kepler-412 b,Kepler-412,1.7208604,1.341,0.941,nan,1850.0,5750.0,1.29,1.17
WASP-117 b,WASP-117,10.02165,1.06,0.3,0.3,nan,6040.0,1.22,1.29
GJ 15 A b,GJ 15 A,11.4407,nan,0.00953,0.094,nan,3607.0,0.38,0.38
WASP-104 b,WASP-104,1.7554137,1.137,1.272,0.0,1516.0,5475.0,0.96,1.08
WASP-106 b,WASP-106,9.28971,1.02,1.62,0.0,nan,6055.0,1.31,0.93
HD 14067 b,HD 14067,2744.0,nan,15.3,0.65,nan,4815.0,12.4,2.4
HIP 67851 b,HIP 67851,88.87622,nan,1.568,0.063,nan,nan,nan,1.9
HIP 67851 c,HIP 67851,3923.6609,nan,6.937,0.356,nan,nan,nan,1.9
HIP 97233 b,HIP 97233,1062.26506,nan,19.187,0.63,nan,nan,nan,1.81
WASP-94 A b,WASP-94 A,3.95019,1.58,0.5,0.0,nan,6170.0,1.48,1.67
WASP-94 B b,WASP-94 B,2.00839,nan,0.618,0.0,nan,6040.0,1.35,1.24
KIC 10001893 b,KIC 10001893,0.2197,nan,nan,nan,nan,27500.0,nan,nan
KIC 10001893 c,KIC 10001893,0.32528,nan,nan,nan,nan,27500.0,nan,nan
KIC 10001893 d,KIC 10001893,0.81161,nan,nan,nan,nan,27500.0,nan,nan
Kepler-424 c,Kepler-424,223.3,nan,6.97,nan,nan,5460.0,0.94,1.01
WASP-69 b,WASP-69,3.86814,1.11,0.29,0.0,nan,4700.0,0.86,0.98
WASP-70 A b,WASP-70 A,3.7130203,1.164,0.59,0.0,1387.0,5763.0,1.22,1.11
WASP-84 b,WASP-84,8.52349648,0.956,0.692,nan,732.0,nan,0.77,0.85
TYC 1422-614-1 b,TYC 1422-614-1,198.4,nan,2.5,0.06,nan,4806.0,6.85,1.15
TYC 1422-614-1 c,TYC 1422-614-1,559.3,nan,10.0,0.048,nan,4806.0,6.85,1.15
OGLE-2008-BLG-092L b,OGLE-2008-BLG-092L,nan,nan,0.18,nan,nan,nan,nan,0.71
Kepler-289 d,Kepler-289,66.0282,0.27,0.01677,nan,nan,5990.0,1.0,1.08
HD 5319 c,HD 5319,872.2,nan,1.053,0.183,nan,4871.0,4.06,1.27
HD 10442 b,HD 10442,1032.3,nan,1.487,0.132,nan,4912.0,1.97,1.01
HD 75784 b,HD 75784,341.2,nan,1.0,0.097,nan,4867.0,3.4,1.26
GJ 3293 b,GJ 3293,30.5987,nan,0.07406,0.06,nan,3466.0,0.4,0.42
GJ 3293 c,GJ 3293,122.6196,nan,0.06636,0.11,nan,3466.0,0.4,0.42
GJ 3341 b,GJ 3341,14.207,nan,0.0208,0.31,nan,3526.0,0.44,0.47
HIP 116454 b,HIP 116454,9.1004157,0.22,0.03052,0.215,753.2,5048.0,0.76,0.8
HD 564 b,HD 564,492.3,nan,0.33,0.096,nan,5902.0,1.01,0.96
HD 30669 b,HD 30669,1684.0,nan,0.47,0.18,nan,5400.0,0.91,0.92
Kepler-755 b,Kepler-755,1.26909037,0.157,nan,nan,nan,5043.0,0.77,0.82
HD 108341 b,HD 108341,1129.0,nan,3.5,0.85,nan,5122.0,0.79,0.84
HD 103720 b,HD 103720,4.5557,nan,0.62,0.086,nan,5017.0,0.73,0.79
BD-11 4672 b,BD-11 4672,1634.0,nan,0.65,0.05,nan,4550.0,0.64,0.65
OGLE-2013-BLG-0102L b,OGLE-2013-BLG-0102L,nan,nan,13.0,nan,nan,nan,nan,0.1
BD+49 828 b,BD+49 828,2590.0,nan,1.6,0.35,nan,4943.0,7.6,1.52
HD 145934 b,HD 145934,2751.53433,nan,2.072,0.078,nan,nan,nan,2.06
Kepler-445 d,Kepler-445,8.15275,0.11,nan,0.0,nan,3157.0,0.21,0.18
HD 95127 b,HD 95127,482.0,nan,10.63,0.11,nan,4218.0,41.01,3.7
HD 216536 b,HD 216536,148.60001,nan,1.05,0.38,nan,4639.0,9.83,0.81
OGLE-2014-BLG-0124L b,OGLE-2014-BLG-0124L,nan,nan,0.65,nan,nan,nan,nan,0.9
Kepler-1734 b,Kepler-1734,6.7968502,0.276,nan,nan,nan,6061.0,0.97,1.05
WASP-82 b,WASP-82,2.70579,1.62,1.17,0.0,nan,6480.0,2.1,1.48
K2-3 b,K2-3,10.0546535,0.185,0.01608,0.107,501.3,3844.0,0.55,0.55
K2-3 c,K2-3,24.646729,0.141,0.00843,0.048,371.8,3844.0,0.55,0.55
K2-3 d,K2-3,44.55603,0.13,0.00692,0.091,305.2,3844.0,0.55,0.55
OGLE-2011-BLG-0265L b,OGLE-2011-BLG-0265L,nan,nan,0.88,nan,nan,nan,nan,0.21
WASP-20 b,WASP-20,4.8996284,1.462,0.311,0.0,1379.0,5940.0,1.39,1.2
HD 1605 b,HD 1605,577.2,nan,0.934,0.095,nan,4915.0,3.49,1.33
HD 1605 c,HD 1605,2149.0,nan,3.62,0.099,nan,4915.0,3.49,1.33
HD 1666 b,HD 1666,270.0,nan,6.43,0.63,nan,6317.0,1.93,1.5
HD 67087 b,HD 67087,352.2,nan,3.06,0.17,nan,6330.0,1.55,1.36
Kepler-265 c,Kepler-265,17.028937,0.235,nan,nan,nan,5835.0,1.1,nan
HD 67087 c,HD 67087,2374.0,nan,4.85,0.76,nan,6330.0,1.55,1.36
CoRoT-28 b,CoRoT-28,5.20851,0.955,0.484,0.047,nan,5150.0,1.78,1.01
CoRoT-29 b,CoRoT-29,2.85057,0.9,0.85,0.082,nan,5260.0,0.9,0.97
HAT-P-54 b,HAT-P-54,3.799847,0.944,0.76,0.074,818.0,4390.0,0.62,0.65
HD 100546 b,HD 100546,nan,6.9,8.5,nan,nan,10500.0,nan,2.4
Kepler-432 c,Kepler-432,406.2,nan,2.43,0.498,nan,4995.0,4.06,1.32
HATS-6 b,HATS-6,3.3252725,0.998,0.319,0.0,712.8,3724.0,0.57,0.57
HD 7924 c,HD 7924,15.299,nan,0.02473,0.098,583.6,5075.0,0.78,0.83
HD 7924 d,HD 7924,24.451,nan,0.02026,0.21,499.0,5075.0,0.78,0.83
VHS J125601.92-125723.9 b,VHS J125601.92-125723.9,5800000.0,1.22,16.0,0.68,1194.0,nan,nan,nan
Kepler-756 b,Kepler-756,1.22486632,0.1,nan,nan,nan,5282.0,0.79,0.82
2MASS J02192210-3925225 b,2MASS J02192210-3925225,nan,1.44,13.9,nan,nan,3064.0,0.28,0.11
HATS-9 b,HATS-9,1.915291,1.236,nan,nan,1746.0,5599.0,1.56,1.1
HATS-10 b,HATS-10,3.312846,0.969,0.526,0.501,1407.0,5880.0,1.1,1.1
alf Tau b,alf Tau,628.96,nan,6.47,0.1,nan,4055.0,45.1,1.13
2MASS J19383260+4603591 b,2MASS J19383260+4603591,406.0,nan,1.86,0.33,nan,29564.0,0.2,0.48
MOA-2010-BLG-328L b,MOA-2010-BLG-328L,nan,nan,0.029,nan,nan,nan,nan,0.11
MOA-2011-BLG-262L b,MOA-2011-BLG-262L,nan,nan,0.053,nan,nan,nan,nan,0.11
HIP 65891 b,HIP 65891,1079.55726,nan,5.888,0.128,nan,nan,nan,2.49
HIP 107773 b,HIP 107773,144.3,nan,1.98,0.09,nan,4945.0,11.6,2.42
KELT-7 b,KELT-7,2.73477,1.6,1.39,0.0,nan,6768.0,1.81,1.76
HAT-P-55 b,HAT-P-55,3.5852313,1.324,0.596,nan,1367.0,5804.0,1.1,1.03
HATS-8 b,HATS-8,3.583893,0.873,0.138,0.376,1324.0,5679.0,1.09,1.06
WASP-74 b,WASP-74,2.13775,1.36,0.72,0.0,nan,5990.0,1.42,0.98
WASP-83 b,WASP-83,4.971252,1.04,0.3,0.0,1120.0,5510.0,1.05,1.11
WASP-89 b,WASP-89,3.3564227,1.04,5.9,0.193,1120.0,5130.0,0.88,0.92
K2-4 b,K2-4,10.003417,0.187,nan,0.08,nan,4014.73,0.57,0.64
K2-5 b,K2-5,5.73594,0.17,nan,nan,565.0,3930.0,0.57,0.61
K2-5 c,K2-5,10.93241,0.202,nan,nan,456.0,3930.0,0.57,0.61
K2-6 b,K2-6,30.94191,0.223,nan,nan,615.0,5850.0,0.96,0.97
K2-7 b,K2-7,28.6781,0.36,nan,0.24,786.0,5700.0,1.53,1.06
K2-8 b,K2-8,10.35239,0.319,nan,nan,631.0,4870.0,0.74,0.78
K2-9 b,K2-9,18.4498,0.201,nan,nan,314.0,3390.0,0.31,0.3
K2-19 b,K2-19,7.9222,0.624,0.10194,0.2,nan,5322.0,0.82,0.88
K2-19 c,K2-19,11.8993,0.366,0.03398,0.21,nan,5322.0,0.82,0.88
K2-10 b,K2-10,19.3044,0.343,0.08495,0.31,nan,5620.0,0.98,0.92
K2-11 b,K2-11,39.93767,0.674,nan,nan,734.0,5433.0,5.15,1.35
K2-12 b,K2-12,8.28246,0.218,0.01636,0.5,1026.0,5672.0,1.12,0.96
K2-13 b,K2-13,39.91488,0.169,nan,nan,511.0,5698.0,0.78,0.8
K2-14 b,K2-14,8.36802,0.429,nan,nan,488.0,3789.0,0.45,0.47
K2-15 b,K2-15,11.8104,0.221,nan,nan,676.0,5131.0,0.68,0.72
K2-16 b,K2-16,7.6188,0.18,nan,nan,658.0,4742.0,0.66,0.68
K2-16 c,K2-16,19.07863,0.227,nan,nan,485.0,4742.0,0.66,0.68
K2-17 b,K2-17,17.96753,0.199,nan,nan,487.0,4320.0,0.66,0.71
K2-18 b,K2-18,32.939623,0.211,0.02807,0.2,284.0,3457.0,0.41,0.36
HAT-P-56 b,HAT-P-56,2.79083,1.51,2.31,nan,nan,6566.0,1.47,1.42
HD 219134 b,HD 219134,3.092926,0.143,0.01491,0.0,1015.0,4699.0,0.78,0.81
HD 219134 c,HD 219134,6.76458,0.135,0.01372,0.062,782.0,4699.0,0.78,0.81
HD 219134 d,HD 219134,46.859,0.144,0.05088,0.138,410.5,4699.0,0.78,0.81
HATS-13 b,HATS-13,3.0440499,1.212,0.543,0.181,1244.0,5523.0,0.89,0.96
HATS-14 b,HATS-14,2.7667641,1.039,1.071,0.142,1276.0,5346.0,0.93,0.97
OGLE-2012-BLG-0563L b,OGLE-2012-BLG-0563L,nan,nan,0.39,nan,nan,nan,nan,0.34
51 Eri b,51 Eri,nan,nan,2.0,nan,700.0,nan,nan,1.75
KELT-8 b,KELT-8,3.24406,1.62,0.66,0.04,nan,5754.0,1.46,0.81
KELT-6 c,KELT-6,1276.0,nan,3.71,0.21,nan,6272.0,1.53,1.13
HD 164595 b,HD 164595,40.0,nan,0.05078,0.088,nan,5790.0,nan,0.99
K2-21 b,K2-21,9.325038,0.164,nan,0.1,nan,4222.06,0.65,0.68
K2-21 c,K2-21,15.50192,0.222,nan,0.21,nan,4222.06,0.65,0.68
K2-22 b,K2-22,0.381073,0.205,nan,nan,nan,3879.0,0.58,nan
WASP-47 c,WASP-47,589.57,nan,1.40642,0.264,nan,nan,1.16,1.06
WASP-47 d,WASP-47,9.030501,0.326,0.04877,0.001,nan,nan,1.16,1.06
WASP-47 e,WASP-47,0.78961,0.163,0.02832,0.0,nan,nan,1.16,1.06
WASP-41 c,WASP-41,421.0,nan,3.18,0.294,241.0,5545.0,0.87,0.93
HD 11755 b,HD 11755,433.70001,nan,5.63,0.19,nan,4312.0,20.58,0.72
HD 12648 b,HD 12648,133.60001,nan,1.96,0.04,nan,4835.0,11.02,0.67
HD 24064 b,HD 24064,535.59998,nan,12.89,0.35,nan,4052.0,40.0,1.61
8 UMi b,8 UMi,93.4,nan,1.31,0.06,nan,4847.0,10.3,1.44
Kepler-453 b,Kepler-453,240.503,0.553,0.05034,0.0359,nan,5527.0,0.83,0.94
HAT-P-57 b,HAT-P-57,2.4653,1.74,1.41,0.0,nan,6330.0,1.85,2.77
GJ 1132 b,GJ 1132,1.62892911,0.106,0.00578,0.0118,583.8,3229.0,0.22,0.19
Kepler-757 b,Kepler-757,1.02267882,0.121,nan,nan,nan,6014.0,1.13,1.08
HAT-P-50 b,HAT-P-50,3.1220109,1.288,1.35,0.115,1862.0,6280.0,1.7,1.27
HAT-P-51 b,HAT-P-51,4.21802091,1.205,0.307,nan,1168.2,5453.0,0.99,0.96
HAT-P-52 b,HAT-P-52,2.7535953,1.009,0.818,0.047,1218.0,5131.0,0.89,0.89
HAT-P-53 b,HAT-P-53,1.9616241,1.318,1.484,0.134,1778.0,5956.0,1.21,1.09
HD 175607 b,HD 175607,29.01,nan,0.02825,0.11,nan,5392.0,0.7,0.71
HD 219134 f,HD 219134,22.717,0.117,0.02297,0.148,522.6,4699.0,0.78,0.81
HD 219134 g,HD 219134,94.2,nan,0.034,0.0,nan,4913.0,0.77,0.79
HD 219134 h,HD 219134,2247.0,nan,0.34,0.06,nan,4913.0,0.77,0.79
WASP-135 b,WASP-135,1.4013794,1.3,1.9,0.0,nan,5675.0,0.96,0.98
LkCa 15 c,LkCa 15,nan,nan,nan,nan,nan,4194.0,1.61,nan
Kepler-758 b,Kepler-758,12.1097104,0.221,nan,nan,nan,6228.0,1.42,1.16
Kepler-454 c,Kepler-454,524.19,nan,4.51,0.0053,nan,5687.0,1.07,1.03
HD 95872 b,HD 95872,4375.0,nan,3.74,0.06,nan,5312.0,0.84,0.7
psi1 Dra B b,psi1 Dra B,3117.0,nan,1.53,0.4,nan,6212.0,nan,1.19
Wolf 1061 b,Wolf 1061,4.8869,nan,0.00601,0.15,nan,3342.0,0.31,0.29
Wolf 1061 c,Wolf 1061,17.8719,nan,0.01073,0.11,nan,3342.0,0.31,0.29
Wolf 1061 d,Wolf 1061,217.21,nan,0.02423,0.55,nan,3342.0,0.31,0.29
KIC 3558849 b,KIC 3558849,1322.3,0.616,nan,nan,nan,6175.0,1.01,0.98
KIC 8540376 b,KOI-7892,31.8099,0.366,nan,nan,nan,6474.0,1.26,1.04
KIC 8540376 c,KOI-7892,75.2,0.214,nan,nan,nan,6474.0,1.26,1.04
Kepler-759 b,Kepler-759,41.805985,0.203,nan,nan,nan,5860.0,1.04,1.04
KIC 10525077 b,KIC 10525077,854.083,0.491,nan,nan,nan,6091.0,1.01,1.01
K2-25 b,K2-25,3.48456408,0.306,0.07709,0.428,494.0,3207.0,0.29,0.26
HD 32963 b,HD 32963,2372.0,nan,0.7,0.07,nan,5727.0,nan,0.94
HD 33844 b,HD 33844,551.40002,nan,2.01,0.15,nan,4861.0,5.39,1.84
HD 33844 c,HD 33844,916.0,nan,1.75,0.13,nan,4861.0,5.29,1.78
K2-26 b,K2-26,14.5665,0.238,nan,nan,430.0,3785.0,0.52,0.56
WASP-76 b,WASP-76,1.80988198,1.854,0.894,0.0,2228.0,6329.0,1.76,1.46
WASP-90 b,WASP-90,3.916243,1.63,0.63,0.0,1840.0,6430.0,1.98,1.55
HD 5583 b,HD 5583,139.35,nan,5.78,0.076,nan,4830.0,9.09,1.01
BD+15 2375 b,BD+15 2375,153.22,nan,1.061,0.001,nan,4649.0,8.95,1.08
Pr0211 c,Pr0211,4850.0,nan,7.79,0.71,nan,5300.0,0.83,0.94
HD 143105 b,HD 143105,2.1974,nan,1.21,0.07,nan,6380.0,nan,1.51
HIP 109600 b,HIP 109600,232.08,nan,2.68,0.163,nan,5530.0,nan,0.87
HD 35759 b,HD 35759,82.467,nan,3.76,0.389,nan,6060.0,nan,1.15
HIP 109384 b,HIP 109384,499.48,nan,1.56,0.549,nan,5180.0,nan,0.78
HD 220842 b,HD 220842,218.47,nan,3.18,0.404,nan,5960.0,nan,1.13
HD 12484 b,HD 12484,58.83,nan,2.98,0.07,nan,5920.0,nan,1.01
HIP 65407 b,HIP 65407,28.125,nan,0.428,0.14,nan,5460.0,nan,0.93
HIP 65407 c,HIP 65407,67.3,nan,0.784,0.12,nan,5460.0,nan,0.93
HD 141399 b,HD 141399,94.44,nan,0.451,0.04,nan,5600.0,nan,1.07
HD 141399 c,HD 141399,201.99,nan,1.33,0.048,nan,5600.0,nan,1.07
HD 141399 d,HD 141399,1069.8,nan,1.18,0.074,nan,5600.0,nan,1.07
HD 141399 e,HD 141399,5000.0,nan,0.66,0.26,nan,5600.0,nan,1.07
KELT-4 A b,KELT-4 A,2.9895932,1.699,0.902,0.0,1823.0,6206.0,1.6,1.2
HIP 8541 b,HIP 8541,1852.14387,nan,7.714,0.36,nan,nan,nan,2.01
HIP 74890 b,HIP 74890,822.3,nan,2.4,0.07,nan,4850.0,5.77,1.74
KELT-14 b,KELT-14,1.7100566,1.743,1.284,0.0,1970.0,5720.0,1.52,1.24
KELT-15 b,KELT-15,3.32944,1.74,1.31,0.0,nan,6003.0,1.78,2.06
OGLE-2015-BLG-0966L b,OGLE-2015-BLG-0966L,nan,nan,0.066,nan,nan,nan,nan,0.38
K2-29 b,K2-29,3.2588321,1.19,0.73,0.066,1171.0,5358.0,0.86,0.94
HATS-17 b,HATS-17,16.254611,0.777,1.338,0.029,814.0,5846.0,1.09,1.13
MOA-2011-BLG-028L b,MOA-2011-BLG-028L,nan,nan,0.09,nan,nan,nan,nan,0.75
TYC 3667-1280-1 b,TYC 3667-1280-1,26.468,nan,5.4,0.036,1350.0,5130.0,6.26,1.87
K2-30 b,K2-30,4.098503,1.039,0.579,0.0,1092.0,5425.0,0.84,0.9
KELT-10 b,KELT-10,4.1662739,1.399,0.679,nan,1377.0,5948.0,1.21,1.11
OGLE-2012-BLG-0724L b,OGLE-2012-BLG-0724L,nan,nan,0.47,nan,nan,nan,nan,0.29
TRAPPIST-1 b,TRAPPIST-1,1.510826,0.1,0.00432,nan,nan,2566.0,0.12,0.09
TRAPPIST-1 c,TRAPPIST-1,2.421937,0.098,0.00412,nan,nan,2566.0,0.12,0.09
TRAPPIST-1 d,TRAPPIST-1,4.049219,0.07,0.00122,nan,nan,2566.0,0.12,0.09
K2-34 b,K2-34,2.9956348,1.227,nan,nan,1687.0,6168.0,1.42,1.16
WASP-119 b,WASP-119,2.49979,1.4,1.23,0.058,1600.0,5650.0,1.2,1.02
WASP-124 b,WASP-124,3.37265,1.24,0.6,0.017,1400.0,6050.0,1.02,1.07
WASP-126 b,WASP-126,3.28883,nan,0.28411,nan,nan,5800.0,1.27,1.12
WASP-129 b,WASP-129,5.748145,0.93,1.0,0.096,1100.0,5900.0,0.9,1.0
WASP-133 b,WASP-133,2.176423,1.21,1.16,0.17,1790.0,5700.0,1.44,1.16
Kepler-539 c,Kepler-539,1000.0,nan,2.4,0.5,253.0,5820.0,0.95,1.05
HD 191806 b,HD 191806,1603.38923,nan,9.334,0.213,nan,nan,nan,1.07
HD 214823 b,HD 214823,1854.84424,nan,18.61,0.161,nan,nan,nan,1.11
HD 221585 b,HD 221585,1173.0,nan,1.61,0.123,nan,5620.0,nan,1.19
Kepler-1647 b,Kepler-1647,1107.5923,1.059,1.51968,0.0581,nan,6210.0,1.79,1.22
MOA-2013-BLG-605L b,MOA-2013-BLG-605L,nan,nan,0.0102,nan,nan,nan,nan,0.02
HD 219828 c,HD 219828,4789.87297,nan,16.054,0.811,nan,nan,nan,1.04
WASP-120 b,WASP-120,3.6112706,1.473,4.85,0.057,1880.0,6450.0,1.87,1.39
WASP-123 b,WASP-123,2.9776412,1.318,0.899,0.0,1520.0,5740.0,1.28,1.17
HATS-25 b,HATS-25,4.2986432,1.26,0.613,0.176,1277.0,5715.0,1.11,0.99
HATS-26 b,HATS-26,3.3023881,1.75,0.65,0.245,1918.0,6071.0,2.04,1.3
HATS-27 b,HATS-27,4.637038,1.5,0.53,0.581,1659.0,6438.0,1.74,1.42
HATS-28 b,HATS-28,3.1810781,1.194,0.672,0.202,1253.0,5498.0,0.92,0.93
HATS-29 b,HATS-29,4.6058749,1.251,0.653,0.158,1212.0,5670.0,1.07,1.03
HATS-30 b,HATS-30,3.1743516,1.175,0.706,0.096,1414.0,5943.0,1.06,1.09
Kepler-502 b,Kepler-502,4.28686431,0.426,nan,nan,nan,6125.0,1.22,1.15
WASP-121 b,WASP-121,1.27492504,1.753,1.157,0.0,nan,nan,1.46,1.36
MOA-2010-BLG-353L b,MOA-2010-BLG-353L,nan,nan,0.27,nan,nan,nan,nan,0.18
V830 Tau b,V830 Tau,4.927,nan,0.7,nan,nan,4250.0,2.0,1.0
HATS-15 b,HATS-15,1.74748753,1.105,2.17,0.126,1505.0,5311.0,0.92,0.87
HATS-16 b,HATS-16,2.686502,1.3,3.27,0.0,1592.0,5738.0,1.24,0.97
WASP-157 b,WASP-157,3.951623,0.998,nan,nan,1193.0,5772.0,1.1,1.06
K2-38 b,K2-38,4.01593,0.148,0.02423,0.11,1310.0,5705.0,1.14,1.05
K2-38 c,K2-38,10.56103,0.222,0.02328,0.086,949.0,5705.0,1.14,1.05
HIP 41378 b,HIP 41378,15.572098,nan,nan,nan,nan,6226.0,1.34,1.17
HIP 41378 c,HIP 41378,31.70648,nan,nan,nan,nan,6226.0,1.34,1.17
HIP 41378 d,HIP 41378,1114.0,nan,nan,nan,nan,6226.0,1.34,1.17
HIP 41378 e,HIP 41378,nan,nan,nan,nan,nan,6226.0,1.34,1.17
HIP 41378 f,HIP 41378,1084.0,nan,nan,nan,nan,6226.0,1.34,1.17
NGC 2682 YBP 401 b,NGC 2682 YBP 401,4.087,nan,0.46,0.15,nan,6165.0,nan,1.14
WASP-113 b,WASP-113,4.54216875,1.409,0.475,0.0,1496.0,5890.0,1.61,1.32
WASP-114 b,WASP-114,1.5487743,1.339,1.769,0.012,2043.0,5940.0,1.43,1.29
OGLE-2015-BLG-0954L b,OGLE-2015-BLG-0954L,nan,nan,3.4,nan,nan,nan,nan,0.3
GJ 3998 b,GJ 3998,2.64977,nan,0.00777,0.0,nan,3722.0,0.49,0.5
GJ 3998 c,GJ 3998,13.74,nan,0.0197,0.049,nan,3722.0,0.49,0.5
BD+20 594 b,BD+20 594,41.6855,0.23,0.07,0.0,nan,5766.0,1.08,1.67
Kepler-760 b,Kepler-760,8.70419416,0.273,nan,nan,nan,5322.0,0.85,0.89
KIC 7917485 b,KIC 7917485,840.0,nan,11.8,0.15,nan,7067.0,nan,1.63
HD 87646 b,HD 87646,13.481,nan,12.4,0.05,nan,5770.0,1.55,1.12
Proxima Cen b,Proxima Cen,11.1868,nan,0.00337,0.02,nan,2900.0,0.14,0.12
K2-95 b,K2-95,10.1346454,0.295,nan,nan,474.0,3566.0,0.4,0.41
HD 3167 b,HD 3167,0.959641,0.149,0.01564,0.0,1774.0,5261.0,0.88,0.84
HD 3167 c,HD 3167,29.8454,0.268,0.03502,0.06,564.0,5261.0,0.88,0.84
HD 133131 A b,HD 133131 A,649.0,nan,1.42,0.33,nan,5799.0,nan,0.95
HD 133131 A c,HD 133131 A,3568.0,nan,0.42,0.49,nan,5799.0,nan,0.95
HD 133131 B b,HD 133131 B,5769.0,nan,2.5,0.61,nan,5805.0,nan,0.93
HR 2562 b,HR 2562,nan,1.11,30.0,nan,1200.0,nan,nan,1.3
Kepler-266 b,Kepler-266,6.61833,0.221,nan,nan,nan,5885.0,1.03,nan
KELT-17 b,KELT-17,3.0801716,1.525,1.31,nan,2087.0,7454.0,1.65,1.64
WASP-92 b,WASP-92,2.1746742,1.461,0.805,0.0,1871.0,6280.0,1.34,1.19
WASP-93 b,WASP-93,2.7325321,1.597,1.47,0.0,1942.0,6700.0,1.52,1.33
WASP-118 b,WASP-118,4.0460435,1.44,0.514,0.0,1729.0,6410.0,1.7,1.32
HD 111998 b,HD 111998,810.0,nan,4.8,0.13,nan,nan,nan,1.4
HAT-P-65 b,HAT-P-65,2.60544751,1.611,0.554,nan,1818.0,5872.0,1.67,1.3
HAT-P-66 b,HAT-P-66,2.972086,1.59,0.783,0.09,1896.0,6002.0,1.88,1.25
OGLE-2007-BLG-349L AB c,OGLE-2007-BLG-349L A,2557.0,nan,0.25171,nan,nan,nan,nan,0.41
HATS-11 b,HATS-11,3.619188,1.609,nan,nan,1596.0,6563.0,1.54,1.33
HATS-12 b,HATS-12,3.142702,0.692,nan,nan,1446.0,6357.0,1.17,1.16
GJ 676 A c,GJ 676 A,13921.42302,nan,13.492,0.295,nan,nan,nan,0.63
OGLE-2015-BLG-0051L b,OGLE-2015-BLG-0051L,nan,nan,0.72,nan,nan,nan,nan,0.1
Kepler-56 d,Kepler-56,1002.0,nan,5.61,0.2,nan,4819.44,4.22,nan
HD 42618 b,HD 42618,149.61,nan,0.04531,0.19,337.0,5727.0,1.0,1.01
HD 164922 c,HD 164922,75.74,nan,0.0409,0.12,nan,5390.0,0.95,0.93
rho CrB c,rho CrB,102.19,nan,0.08873,0.096,nan,5817.0,1.34,0.95
HATS-18 b,HATS-18,0.83784,1.329,1.9795,nan,2069.48,5600.0,1.02,1.04
OGLE-2012-BLG-0950L b,OGLE-2012-BLG-0950L,nan,nan,0.11,nan,nan,nan,nan,0.57
OGLE-2014-BLG-1760L b,OGLE-2014-BLG-1760L,nan,nan,0.56,nan,nan,nan,nan,0.51
HD 9174 b,HD 9174,1179.0,nan,1.11,0.12,nan,5577.0,1.67,1.03
Kepler-761 b,Kepler-761,10.12804789,0.181,nan,nan,nan,5706.0,0.93,0.95
HD 68402 b,HD 68402,1103.0,nan,3.07,0.03,nan,5950.0,1.02,1.12
HD 72892 b,HD 72892,39.44603,nan,5.468,0.419,nan,nan,nan,1.01
HD 128356 b,HD 128356,298.2,nan,0.89,0.57,nan,4875.0,0.85,0.65
HD 147873 b,HD 147873,116.596,nan,5.14,0.207,nan,5972.0,2.29,1.38
HD 147873 c,HD 147873,491.54,nan,2.3,0.23,nan,5972.0,2.29,1.38
HD 165155 b,HD 165155,434.5,nan,2.89,0.2,nan,5426.0,0.95,1.02
HD 224538 b,HD 224538,1202.05199,nan,6.531,0.476,nan,nan,nan,1.23
2MASS J22362452+4751425 b,2MASS J22362452+4751425,nan,nan,12.5,nan,nan,4045.0,nan,0.6
GJ 536 b,GJ 536,8.7076,nan,0.01686,0.08,nan,3685.0,0.5,0.52
WASP-130 b,WASP-130,11.55098,0.89,1.23,0.0,833.0,5625.0,0.96,1.04
WASP-131 b,WASP-131,5.322023,1.22,0.27,0.0,1460.0,6030.0,1.53,1.06
WASP-132 b,WASP-132,7.133514,0.897,nan,0.07,nan,4714.0,0.75,0.78
WASP-139 b,WASP-139,5.924262,0.8,0.117,0.0,910.0,5310.0,0.8,0.92
WASP-140 b,WASP-140,2.2359835,1.44,2.44,0.047,1320.0,5260.0,0.87,0.9
WASP-141 b,WASP-141,3.310651,1.21,2.69,0.0,1540.0,5900.0,1.37,1.25
WASP-142 b,WASP-142,2.052868,1.53,0.84,0.0,2000.0,6010.0,1.64,1.33
HATS-31 b,HATS-31,3.37796,1.64,0.88,0.233,1823.0,6050.0,1.87,1.27
HATS-32 b,HATS-32,2.8126548,1.249,0.92,0.471,1437.0,5700.0,1.1,1.1
HATS-33 b,HATS-33,2.5495551,1.23,1.192,0.08,1429.0,5659.0,1.02,1.06
HATS-34 b,HATS-34,2.1061607,1.43,0.941,0.108,1445.0,5380.0,0.98,0.95
Kepler-418 b,Kepler-418,86.67856,1.2,1.1,0.2,nan,5820.0,1.09,0.98
HATS-35 b,HATS-35,1.8209993,1.464,1.222,0.306,2037.0,6300.0,1.43,1.32
HD 86950 b,HD 86950,1270.0,nan,3.6,0.17,nan,4805.0,8.8,1.66
HD 222076 b,HD 222076,871.0,nan,1.56,0.08,nan,4806.0,4.1,1.07
WASP-127 b,WASP-127,4.17806203,1.311,0.1647,0.0,nan,nan,1.33,0.95
WASP-136 b,WASP-136,5.215357,1.38,1.51,nan,1742.0,6260.0,2.21,1.41
WASP-138 b,WASP-138,3.634433,1.09,1.22,nan,1590.0,6272.0,1.36,1.22
K2-101 b,K2-101,14.6762429,0.178,nan,nan,618.0,4927.0,0.76,0.82
K2-102 b,K2-102,9.915615,0.116,nan,0.1,nan,4695.0,0.71,0.77
EPIC 211822797 b,EPIC 211822797,21.1701963,0.171,nan,nan,431.0,4057.0,0.58,0.62
OGLE-2014-BLG-0676L b,OGLE-2014-BLG-0676L,nan,nan,3.68,nan,nan,nan,nan,0.73
XO-6 b,XO-6,3.7650007,2.07,4.4,0.0,1577.0,6720.0,1.93,1.47
HD 30177 c,HD 30177,12085.45186,nan,6.15,0.039,nan,nan,nan,0.98
EPIC 220674823 b,EPIC 220674823,0.571292,0.154,0.02583,0.0,2300.0,5532.0,0.99,0.95
EPIC 220674823 c,EPIC 220674823,13.3397,0.253,0.028,0.13,805.0,5532.0,0.99,0.95
K2-107 b,K2-107,3.313959,1.426,nan,nan,1649.0,6061.0,1.81,1.3
WASP-53 b,WASP-53,3.3098443,1.074,2.132,0.03,1053.0,4953.0,0.8,0.84
WASP-53 c,WASP-53,2840.0,nan,16.35,0.8369,nan,4953.0,0.8,0.84
WASP-81 b,WASP-81,2.7164762,1.429,0.729,0.066,1623.0,5870.0,1.28,1.08
TAP 26 b,TAP 26,10.79,nan,1.66,nan,nan,4620.0,1.17,1.04
KELT-16 b,KELT-16,0.9689951,1.415,2.75,0.0,2453.0,6236.0,1.36,1.21
TRAPPIST-1 e,TRAPPIST-1,6.101013,0.082,0.00218,nan,nan,2566.0,0.12,0.09
TRAPPIST-1 f,TRAPPIST-1,9.20754,0.093,0.00327,nan,nan,2566.0,0.12,0.09
TRAPPIST-1 g,TRAPPIST-1,12.352446,0.101,0.00416,nan,nan,2566.0,0.12,0.09
TRAPPIST-1 h,TRAPPIST-1,18.772866,0.067,0.00103,nan,nan,2566.0,0.12,0.09
HD 106315 b,HD 106315,9.55237,0.218,0.03964,0.093,1153.0,6327.0,1.3,1.09
HD 106315 c,HD 106315,21.05704,0.388,0.04782,0.22,886.0,6327.0,1.3,1.09
HD 17674 b,HD 17674,623.8,nan,0.87,0.13,nan,5904.0,1.18,0.98
HD 42012 b,HD 42012,857.5,nan,1.6,0.2,nan,5405.0,0.82,0.83
HD 29021 b,HD 29021,1362.3,nan,2.4,0.459,nan,5560.0,0.85,0.85
HATS-22 b,HATS-22,4.7228124,0.953,2.74,0.079,858.0,4803.0,0.69,0.76
Kepler-474 b,Kepler-474,5.66067294,0.273,nan,nan,nan,5785.0,1.08,0.99
HATS-23 b,HATS-23,2.1605156,1.86,1.47,0.114,1654.0,5780.0,1.2,1.12
HATS-24 b,HATS-24,1.3484978,1.395,2.26,0.0,2166.0,6125.0,1.12,1.07
Kepler-20 g,Kepler-20,34.94,nan,0.0628,0.15,524.0,5495.0,0.96,0.95
NGC 2682 Sand 978 b,NGC 2682 Sand 978,511.21,nan,2.18,0.16,nan,4200.0,nan,1.37
GJ 3138 b,GJ 3138,1.22003,nan,0.0056,0.19,nan,3717.0,0.5,0.68
GJ 3138 c,GJ 3138,5.974,nan,0.01315,0.11,nan,3717.0,0.5,0.68
GJ 3138 d,GJ 3138,257.8,nan,0.03304,0.32,nan,3717.0,0.5,0.68
GJ 3323 b,GJ 3323,5.3636,nan,0.00636,0.23,nan,3159.0,0.12,0.16
GJ 3323 c,GJ 3323,40.54,nan,0.00727,0.17,nan,3159.0,0.12,0.16
GJ 273 b,GJ 273,18.6498,nan,0.00909,0.1,nan,3382.0,0.29,0.29
Kepler-768 b,Kepler-768,11.3910025,0.16,nan,nan,nan,5108.0,0.78,0.82
GJ 273 c,GJ 273,4.7234,nan,0.00371,0.17,nan,3382.0,0.29,0.29
GJ 3293 d,GJ 3293,48.1345,nan,0.02391,0.12,nan,3466.0,0.4,0.42
GJ 3293 e,GJ 3293,13.2543,nan,0.01032,0.21,nan,3466.0,0.4,0.42
HAT-P-67 b,HAT-P-67,4.8101025,2.085,0.34,0.0,1903.0,6406.0,2.55,1.64
Kepler-19 d,Kepler-19,62.95,nan,0.07079,0.05,nan,5544.0,0.86,0.94
Kepler-150 f,Kepler-150,637.2093,0.325,nan,nan,nan,5528.0,0.91,0.97
Qatar-3 b,Qatar-3,2.5079204,1.096,4.31,0.0,1681.0,6007.0,1.27,1.15
Qatar-4 b,Qatar-4,1.8053564,1.135,6.1,0.0,1385.0,5215.0,0.85,0.9
Qatar-5 b,Qatar-5,2.8792319,1.107,4.32,0.0,1415.0,5747.0,1.08,1.13
LHS 1140 b,LHS 1140,24.73723,0.154,0.01762,0.043,226.0,3096.0,0.22,0.18
HIP 67537 b,HIP 67537,2523.64713,nan,13.558,0.586,nan,nan,nan,2.32
KELT-18 b,KELT-18,2.8717518,1.57,1.18,0.0,2085.0,6670.0,1.91,1.52
KELT-12 b,KELT-12,5.031623,1.78,0.95,0.0,1800.0,6279.0,2.37,1.59
KELT-11 b,KELT-11,4.7361,1.35,0.171,0.0007,nan,5375.0,2.69,1.44
OGLE-2016-BLG-1195L b,OGLE-2016-BLG-1195L,nan,nan,0.0045,nan,nan,nan,nan,0.08
MOA-2016-BLG-227L b,MOA-2016-BLG-227L,nan,nan,2.8,nan,nan,nan,nan,0.29
KELT-9 b,KELT-9,1.4811235,1.891,2.88,0.0,4050.0,10170.0,2.36,2.52
HD 3167 d,HD 3167,8.4112,nan,0.01362,0.12,nan,5261.0,0.88,0.84
HD 20794 e,HD 20794,147.02,nan,0.01501,0.29,nan,nan,nan,0.81
HD 27894 c,HD 27894,36.07,nan,0.162,0.015,nan,nan,nan,0.8
HD 27894 d,HD 27894,5019.54244,nan,6.493,0.343,nan,nan,nan,0.81
BD+03 2562 b,BD+03 2562,481.9,nan,6.4,0.2,nan,4095.0,32.35,1.14
HD 177565 b,HD 177565,44.505,nan,0.04751,0.0593,nan,nan,nan,1.0
MOA-2012-BLG-505L b,MOA-2012-BLG-505L,nan,nan,0.0211,nan,nan,nan,nan,0.1
TYC 4282-00605-1 b,TYC 4282-00605-1,101.54,nan,10.78,0.28,nan,4300.0,16.21,0.97
HIP 65426 b,HIP 65426,nan,1.5,9.0,nan,1500.0,8840.0,1.77,1.96
WASP-167 b,WASP-167,2.0219596,1.58,8.0,nan,2329.0,7000.0,1.79,1.59
K2-113 b,K2-113,5.817685,1.083,nan,nan,1098.0,5660.0,1.24,1.04
MXB 1658-298 b,MXB 1658-298,760.0,nan,23.7,nan,nan,nan,nan,nan
tau Cet g,tau Cet,20.0,nan,0.00551,0.06,nan,nan,nan,0.78
tau Cet h,tau Cet,49.41,nan,0.00576,0.23,nan,nan,nan,0.78
tau Cet e,tau Cet,162.87,nan,0.01237,0.18,nan,nan,nan,0.78
tau Cet f,tau Cet,636.13,nan,0.01237,0.16,nan,nan,nan,0.78
WASP-91 b,WASP-91,2.798581,1.03,1.34,0.0,1160.0,4920.0,0.86,0.84
WASP-105 b,WASP-105,7.87288,0.96,1.8,0.0,900.0,5070.0,0.9,0.89
WASP-107 b,WASP-107,5.7214742,nan,0.096,0.06,nan,4425.0,0.67,0.68
YZ Cet b,YZ Cet,2.02087,nan,0.0022,0.06,471.2,3151.0,0.16,0.14
YZ Cet c,YZ Cet,3.05989,nan,0.00359,0.0,410.3,3151.0,0.16,0.14
YZ Cet d,YZ Cet,4.65626,nan,0.00343,0.07,356.7,3151.0,0.16,0.14
MOA-2012-BLG-006L b,MOA-2012-BLG-006L,nan,nan,8.4,nan,nan,nan,nan,0.49
CoRoTID 223977153 b,CoRoTID 223977153,6.71837,0.57,0.15,nan,938.0,5970.0,0.79,1.08
OGLE-2016-BLG-0263L b,OGLE-2016-BLG-0263L,nan,nan,4.1,nan,nan,nan,nan,0.13
GJ 625 b,GJ 625,14.628,nan,0.00887,0.13,nan,3499.0,0.31,0.3
HD 208897 b,HD 208897,358.27,nan,1.194,0.02,nan,4860.0,4.98,1.25
K2-117 c,K2-117,5.444017,0.184,nan,nan,537.0,3778.0,0.51,0.54
K2-118 b,K2-118,50.92092,0.227,nan,0.2,nan,4726.29,0.73,0.76
K2-125 b,K2-125,21.750264,0.194,nan,0.08,nan,3654.47,0.4,0.49
K2-128 b,K2-128,5.675819,0.127,nan,0.23,nan,4469.51,0.78,0.71
K2-129 b,K2-129,8.239493,0.093,nan,0.13,nan,3459.09,0.36,0.36
K2-130 b,K2-130,2.49412,0.112,nan,0.17,nan,4356.47,0.74,0.7
K2-131 b,K2-131,0.3693038,0.151,0.02486,0.0,2223.0,5120.0,0.76,0.8
GJ 1148 c,GJ 1148,532.58,nan,0.21414,0.342,nan,3287.0,0.36,0.34
K2-132 b,K2-132,9.1751,1.3,0.49,nan,nan,4840.0,3.85,1.08
K2-133 b,K2-133,3.07133,0.12,nan,nan,nan,3655.0,0.46,0.46
K2-133 c,K2-133,4.86784,0.143,nan,nan,nan,3655.0,0.46,0.46
K2-133 d,K2-133,11.02454,0.179,nan,nan,nan,3655.0,0.46,0.46
WASP-151 b,WASP-151,4.5334775,1.187,0.316,0.0,1312.0,nan,1.18,1.08
WASP-153 b,WASP-153,3.332609,1.55,0.39,0.009,1700.0,5914.0,1.73,1.34
WASP-156 b,WASP-156,3.8361623,0.538,0.13152,0.0,934.498327568,4987.0,0.83,0.87
OGLE-2013-BLG-0132L b,OGLE-2013-BLG-0132L,nan,nan,0.29,nan,nan,nan,nan,0.54
OGLE-2013-BLG-1721L b,OGLE-2013-BLG-1721L,nan,nan,0.64,nan,nan,nan,nan,0.46
HD 34445 c,HD 34445,214.67,nan,0.168,0.036,nan,5836.0,1.38,1.07
HD 34445 d,HD 34445,117.87,nan,0.097,0.027,nan,5836.0,1.38,1.07
HD 34445 e,HD 34445,49.175,nan,0.0529,0.09,nan,5836.0,1.38,1.07
HD 34445 f,HD 34445,676.8,nan,0.119,0.031,nan,5836.0,1.38,1.07
HD 34445 g,HD 34445,5700.0,nan,0.38,0.032,nan,5836.0,1.38,1.07
MASCARA-1 b,MASCARA-1,2.14877381,1.597,nan,0.00034,2594.3,7490.0,2.08,1.9
GJ 9827 b,GJ 9827,1.208974,0.128,0.01347,nan,1035.01,4236.0,0.58,0.62
GJ 9827 c,GJ 9827,3.648103,0.101,0.00585,nan,715.94,4236.0,0.58,0.62
GJ 9827 d,GJ 9827,6.20183,0.177,0.0095,nan,675.0,4236.0,0.58,0.62
KELT-20 b,KELT-20,3.4741085,1.741,3.382,nan,2262.0,8720.0,1.56,1.76
NGTS-1 b,NGTS-1,2.647298,1.33,0.812,0.016,790.0,3916.0,0.57,0.62
K2-136 b,K2-136,7.9752,0.09,0.01353,0.14,610.0,4500.0,0.68,0.74
K2-136 c,K2-136,17.30713,0.268,0.05695,0.047,470.0,4500.0,0.68,0.74
K2-136 d,K2-136,25.575,0.14,0.00944,0.071,420.0,4500.0,0.68,0.74
K2-137 b,K2-137,0.179719,0.057,nan,nan,nan,3697.0,0.29,nan
Ross 128 b,Ross 128,9.8658,nan,0.0044,0.116,301.0,3192.0,0.2,0.17
HD 76920 b,HD 76920,415.891,nan,3.13,0.8782,nan,4664.0,8.33,1.0
HD 40956 b,HD 40956,578.6,nan,2.7,0.24,nan,4869.0,8.56,2.0
HD 111591 b,HD 111591,1056.4,nan,4.4,0.26,nan,4884.0,8.03,1.94
HD 113996 b,HD 113996,610.2,nan,6.3,0.28,nan,4181.0,25.11,1.49
OGLE-2016-BLG-1190L b,OGLE-2016-BLG-1190L,1220.0,nan,13.38,0.42,nan,nan,nan,0.88
OGLE-2016-BLG-0613L AB b,OGLE-2016-BLG-0613L AB,nan,nan,4.18,nan,nan,nan,nan,0.72
K2-139 b,K2-139,28.380619,0.813,nan,nan,524.0,5370.0,0.88,0.96
Kepler-80 g,Kepler-80,14.64558,0.101,nan,nan,418.0,4540.0,0.68,0.83
Kepler-90 i,KOI-351,14.44912,0.118,nan,nan,709.0,6015.0,1.29,1.12
K2-18 c,K2-18,8.962,nan,0.02363,0.47,363.0,3457.0,0.41,0.36
HD 176986 b,HD 176986,6.4898,nan,0.01806,0.066,nan,4931.0,0.78,0.79
HD 176986 c,HD 176986,16.8191,nan,0.02888,0.111,nan,4931.0,0.78,0.79
GJ 3942 b,GJ 3942,6.905,nan,0.02246,0.121,590.0,3867.0,0.61,0.63
Kepler-500 b,Kepler-500,8.5083244,0.23,nan,nan,nan,5813.0,1.03,1.02
Kepler-269 b,Kepler-269,5.326718,0.22,nan,nan,nan,5847.0,0.96,nan
PSR J2322-2650 b,PSR J2322-2650,0.322964,nan,0.7949,0.0017,nan,nan,nan,1.4
K2-140 b,K2-140,6.569188,1.21,0.93,0.0,962.0,5585.0,1.06,0.96
HD 147379 b,HD 147379,86.58,nan,0.06796,0.063,nan,4090.0,nan,0.58
HATS-50 b,HATS-50,3.8297015,1.13,0.39,0.516,nan,5990.0,1.12,1.17
HATS-51 b,HATS-51,3.3488702,1.41,0.768,0.33,1553.0,5758.0,1.44,1.19
HATS-52 b,HATS-52,1.36665436,1.382,2.24,0.246,1834.0,6010.0,1.05,1.11
HATS-53 b,HATS-53,3.8537768,1.34,0.595,0.33,1312.0,5644.0,1.1,0.96
K2-138 b,K2-138,2.35309,0.135,0.00975,0.048,nan,5356.3,0.86,0.94
K2-138 c,K2-138,3.56004,0.205,0.01985,0.045,nan,5356.3,0.86,0.94
K2-138 d,K2-138,5.40479,0.213,0.02492,0.043,nan,5356.3,0.86,0.94
Kepler-775 b,Kepler-775,0.97486893,0.106,nan,nan,nan,5468.0,0.84,0.92
K2-138 e,K2-138,8.26146,0.302,0.04081,0.077,nan,5356.3,0.86,0.94
K2-138 f,K2-138,12.75758,0.259,0.00513,0.062,nan,5356.3,0.86,0.94
KELT-19 A b,KELT-19 A,4.6117093,1.91,4.07,nan,1935.0,7500.0,1.83,1.62
K2-141 b,K2-141,0.2803244,0.135,0.01564,0.0,2103.0,4570.0,0.68,0.71
K2-141 c,K2-141,7.7485,0.624,0.02517,0.092,695.0,4570.0,0.68,0.71
HD 238914 b,HD 238914,4100.0,nan,6.0,0.56,nan,4769.0,12.73,1.47
TYC 3318-01333-1 b,TYC 3318-01333-1,562.0,nan,3.42,0.098,nan,4776.0,5.9,1.19
BD+48 740 b,BD+48 740,733.0,nan,1.7,0.76,nan,4534.0,10.33,1.09
K2-147 b,K2-147,0.961939,0.131,nan,0.38,1077.0,3690.0,0.58,0.56
K2-148 b,K2-148,4.38395,0.119,nan,nan,nan,4079.0,0.63,0.65
Kepler-776 b,Kepler-776,4.89718784,0.114,nan,nan,nan,5071.0,0.78,0.83
K2-148 c,K2-148,6.9226,0.154,nan,nan,nan,4079.0,0.63,0.65
K2-148 d,K2-148,9.7579,0.146,nan,nan,nan,4079.0,0.63,0.65
K2-149 b,K2-149,11.332,0.146,nan,nan,nan,3745.0,0.57,0.59
K2-150 b,K2-150,10.59357,0.178,nan,nan,nan,3499.0,0.44,0.46
K2-152 b,K2-152,32.6479,0.204,nan,nan,337.0,4044.0,0.61,0.63
K2-153 b,K2-153,7.51574,0.178,nan,nan,497.0,3845.0,0.53,0.55
K2-154 b,K2-154,3.67626,0.178,nan,nan,715.0,4097.0,0.63,0.65
K2-154 c,K2-154,7.95486,0.185,nan,nan,552.0,4097.0,0.63,0.65
K2-155 b,K2-155,6.342,0.161,nan,nan,708.0,4258.0,0.58,0.65
K2-155 c,K2-155,13.85,0.232,nan,nan,583.0,4258.0,0.58,0.65
K2-155 d,K2-155,40.718,0.17,nan,nan,381.0,4258.0,0.58,0.65
KELT-21 b,KELT-21,3.6127647,1.586,3.91,0.0,2051.0,7598.0,1.64,1.46
HD 215152 d,HD 215152,10.86499,nan,0.00881,0.0,nan,4935.0,0.73,0.77
HD 215152 e,HD 215152,25.1967,nan,0.00905,0.0,nan,4935.0,0.73,0.77
TCP J05074264+2447555 b,TCP J05074264+2447555,nan,nan,0.06293,nan,nan,nan,nan,0.59
Kepler-1654 b,Kepler-1654,1047.8356,0.819,0.5,0.26,206.0,5597.0,1.18,1.01
UKIRT-2017-BLG-001L b,UKIRT-2017-BLG-001L,nan,nan,1.28,nan,nan,nan,nan,0.81
OGLE-2017-BLG-0173L b,OGLE-2017-BLG-0173L,nan,nan,0.01029,nan,nan,nan,nan,0.4
MOA-2010-BLG-117L b,MOA-2010-BLG-117L,nan,nan,0.54,nan,nan,nan,nan,0.58
K2-232 b,K2-232,11.168454,1.0,0.398,0.258,1030.0,6154.0,1.16,1.19
K2-231 b,K2-231,13.841901,0.223,nan,nan,nan,5695.0,0.95,1.01
HATS-39 b,HATS-39,4.5776348,1.57,0.63,0.275,1645.0,6572.0,1.62,1.38
HATS-40 b,HATS-40,3.2642736,1.58,1.59,0.312,2101.0,6460.0,2.26,1.56
HATS-41 b,HATS-41,4.193649,1.33,9.7,0.38,1710.0,6424.0,1.71,1.5
HATS-42 b,HATS-42,2.292102,1.4,1.88,0.229,1856.0,6060.0,1.48,1.27
OGLE-2017-BLG-1522L b,OGLE-2017-BLG-1522L,nan,nan,0.75,nan,nan,nan,nan,0.04
HD 158996 b,HD 158996,820.2,nan,14.0,0.13,nan,4069.0,50.3,1.8
KPS-1 b,KPS-1,1.706291,1.03,1.09,0.0,1459.0,5165.0,0.91,0.89
K2-233 b,K2-233,2.4675,0.12,0.03543,0.079,1121.0,5033.0,0.71,0.79
K2-233 c,K2-233,7.06005,0.114,0.0403,0.2002,790.0,5033.0,0.71,0.79
K2-233 d,K2-233,24.3645,0.21,0.06651,0.1999,523.0,5033.0,0.71,0.79
OGLE-2017-BLG-0373L b,OGLE-2017-BLG-0373L,nan,nan,0.401,nan,nan,nan,nan,0.25
gam Lib b,gam Lib,414.88,nan,1.126,0.16,nan,4879.0,12.38,1.78
gam Lib c,gam Lib,966.49,nan,5.231,0.065,nan,4879.0,12.38,1.78
24 Boo b,24 Boo,30.33,nan,0.883,0.032,nan,4816.0,12.19,1.05
OGLE-2017-BLG-1434L b,OGLE-2017-BLG-1434L,nan,nan,0.01394,nan,nan,nan,nan,0.23
HATS-43 b,HATS-43,4.3888497,1.18,0.261,0.173,1003.0,5099.0,0.81,0.84
HATS-44 b,HATS-44,2.7439004,1.067,0.56,0.279,1161.0,5080.0,0.85,0.86
HATS-45 b,HATS-45,4.1876244,1.286,0.7,0.24,1518.0,6450.0,1.31,1.27
HATS-46 b,HATS-46,4.7423729,0.903,0.173,0.559,1054.0,5495.0,0.85,0.92
HATS-7 b,HATS-7,3.185315,0.563,0.12,0.17,1084.0,4985.0,0.81,0.85
HD 47366 b,HD 47366,360.08,nan,2.082,0.071,nan,4866.0,7.3,1.81
HD 47366 c,HD 47366,677.53,nan,1.522,0.161,nan,4866.0,7.3,1.81
NGTS-3 A b,NGTS-3 A,1.6753728,1.48,2.38,nan,nan,5600.0,0.93,1.02
HD 89345 b,HD 89345,11.8143,0.66,0.11,0.22,1089.0,5576.0,1.75,1.16
OGLE-2017-BLG-1140L b,OGLE-2017-BLG-1140L,nan,nan,1.59,nan,nan,nan,nan,0.21
K2-239 b,K2-239,5.24,0.098,nan,nan,502.0,3420.0,0.36,0.4
K2-239 c,K2-239,7.775,0.089,nan,nan,427.0,3420.0,0.36,0.4
K2-239 d,K2-239,10.115,0.098,nan,nan,399.0,3420.0,0.36,0.4
K2-240 b,K2-240,6.034,0.178,nan,nan,586.0,3810.0,0.54,0.58
K2-240 c,K2-240,20.523,0.161,nan,nan,389.0,3810.0,0.54,0.58
OGLE-2017-BLG-0482L b,OGLE-2017-BLG-0482L,nan,nan,0.028,nan,nan,nan,nan,0.2
K2-237 b,K2-237,2.18053332,1.433,1.366,0.03,1759.0,6180.0,1.24,1.26
K2-238 b,K2-238,3.20466,1.3,0.86,0.0,1587.0,5630.0,1.59,1.19
OGLE-2014-BLG-1722L b,OGLE-2014-BLG-1722L,nan,nan,0.174,nan,nan,nan,nan,0.4
OGLE-2014-BLG-1722L c,OGLE-2014-BLG-1722L,nan,nan,0.263,nan,nan,nan,nan,0.4
GJ 1132 c,GJ 1132,8.929,nan,0.00831,0.27,300.0,3270.0,0.21,0.18
HAT-P-11 c,HAT-P-11,3299.0,nan,nan,0.617,nan,nan,nan,nan
K2-241 b,K2-241,26.8199,0.227,nan,nan,507.0,5262.0,0.75,0.71
K2-242 b,K2-242,6.51389,0.227,nan,nan,416.0,3459.0,0.37,0.38
K2-158 c,K2-158,5.90279,0.114,nan,nan,948.0,5503.0,0.95,0.92
K2-243 b,K2-243,11.54182,0.194,nan,nan,1035.0,6570.0,1.39,1.29
K2-243 c,K2-243,24.94598,0.179,nan,nan,801.0,6570.0,1.39,1.29
K2-245 b,K2-245,11.89307,0.387,nan,nan,923.0,5793.0,1.25,0.83
K2-246 b,K2-246,5.76918,0.311,nan,nan,977.0,5610.0,0.94,0.87
K2-247 b,K2-247,2.25021,0.189,nan,nan,979.0,4667.0,0.69,0.74
K2-247 c,K2-247,6.49424,0.195,nan,nan,688.0,4667.0,0.69,0.74
K2-248 b,K2-248,7.17256,0.229,nan,nan,886.0,5528.0,0.92,0.88
K2-249 b,K2-249,12.409,0.249,nan,nan,1061.0,6504.0,1.57,1.32
K2-250 b,K2-250,4.01392,0.242,nan,0.21,1003.0,5003.0,0.8,0.81
K2-251 b,K2-251,9.30075,0.21,nan,nan,437.0,3717.0,0.49,0.52
K2-252 b,K2-252,13.81513,0.155,nan,nan,639.0,5152.0,0.82,0.79
K2-253 b,K2-253,4.00167,1.13,nan,nan,1238.0,6027.0,1.1,1.08
K2-254 b,K2-254,4.09639,0.145,nan,nan,791.0,4629.0,0.67,0.71
K2-254 c,K2-254,12.11839,0.195,nan,nan,551.0,4629.0,0.67,0.71
K2-255 b,K2-255,1.96417,0.259,nan,nan,1034.0,4676.0,0.69,0.71
K2-257 b,K2-257,1.60588,0.074,nan,nan,789.0,3725.0,0.5,0.52
K2-258 b,K2-258,19.0921,0.268,nan,nan,831.0,6351.0,1.31,1.21
IC 4651 9122 b,IC 4651 9122,734.0,nan,6.3,0.18,nan,nan,nan,2.1
Kepler-128 b,Kepler-128,15.0,0.127,0.01192,nan,nan,6072.0,1.66,1.18
CoRoT-20 c,CoRoT-20,1675.0,nan,17.0,0.6,nan,nan,nan,1.14
K2-260 b,K2-260,2.62669762,1.643,1.72,0.053,2090.0,6860.0,1.75,1.64
K2-261 b,K2-261,11.6334681,0.827,0.217,0.274,1036.0,5490.0,1.66,1.11
WASP-174 b,WASP-174,4.2337005,1.437,0.33,0.0,1528.0,6399.0,1.35,1.24
Wolf 503 b,Wolf 503,6.00127,0.182,0.01973,0.409,789.0,4716.0,0.69,0.69
K2-264 b,K2-264,5.840002,0.199,nan,nan,496.0,3660.0,0.47,0.5
K2-264 c,K2-264,19.660302,0.238,nan,nan,331.0,3660.0,0.47,0.5
HD 55696 b,HD 55696,1827.0,nan,3.87,0.705,nan,6012.0,1.52,1.29
HD 98736 b,HD 98736,968.8,nan,2.33,0.226,nan,5271.0,0.93,0.92
HD 148164 b,HD 148164,328.55,nan,1.23,0.587,nan,6032.0,1.34,1.21
HD 148164 c,HD 148164,5062.0,nan,5.16,0.125,nan,6032.0,1.34,1.21
HD 211810 b,HD 211810,1558.0,nan,0.67,0.68,nan,5652.0,1.13,1.03
HD 75784 c,HD 75784,7900.0,nan,5.64,0.489,nan,4867.0,3.4,1.26
NGTS-2 b,NGTS-2,4.511164,1.595,0.74,0.0,1468.0,6478.0,1.7,1.64
EPIC 246851721 b,EPIC 246851721,6.180235,1.051,3.0,nan,1401.0,6202.0,1.59,1.32
K2-266 b,K2-266,0.658524,0.294,0.03545,nan,1515.0,4285.0,0.7,0.69
K2-266 c,K2-266,7.814,0.063,0.00091,0.042,664.5,4285.0,0.7,0.69
K2-266 d,K2-266,14.697,0.261,0.028,0.047,538.3,4285.0,0.7,0.69
K2-266 e,K2-266,19.482,0.244,0.04499,0.043,490.1,4285.0,0.7,0.69
K2-268 b,K2-268,2.151676,0.134,nan,nan,1136.0,5106.0,0.78,0.84
WASP-144 b,WASP-144,2.2783152,0.85,0.44,0.0,1260.0,5200.0,0.81,0.81
WASP-145 A b,WASP-145 A,1.7690381,0.9,0.89,0.0,1200.0,4900.0,0.68,0.76
WASP-158 b,WASP-158,3.656333,1.07,2.79,0.0,1590.0,6350.0,1.39,1.38
WASP-159 b,WASP-159,3.840401,1.38,0.55,0.0,1850.0,6120.0,2.11,1.41
WASP-162 b,WASP-162,9.62468,1.0,5.2,0.434,910.0,5300.0,1.11,0.95
WASP-168 b,WASP-168,4.153658,1.5,0.42,0.0,1340.0,6000.0,1.12,1.08
WASP-172 b,WASP-172,5.477433,1.57,0.47,0.0,1740.0,6900.0,1.91,1.49
WASP-173 A b,WASP-173 A,1.38665318,1.2,3.69,0.0,1880.0,5800.0,1.11,1.05
OGLE-2011-BLG-0173L b,OGLE-2011-BLG-0173L,nan,nan,0.19,nan,nan,nan,nan,0.41
WASP-147 b,WASP-147,4.60273,1.115,0.275,0.0,1404.0,5702.0,1.43,1.04
WASP-160 B b,WASP-160 B,3.7684952,1.09,0.278,0.0,1119.0,5298.0,0.87,0.87
WASP-164 b,WASP-164,1.7771255,1.128,2.13,0.0,1610.0,5806.0,0.93,0.95
WASP-165 b,WASP-165,3.465509,1.26,0.658,0.0,1624.0,5599.0,1.75,1.25
OGLE-2013-BLG-1761L b,OGLE-2013-BLG-1761L,nan,nan,2.7,nan,nan,nan,nan,0.33
GJ 96 b,GJ 96,73.94,nan,0.06186,0.44,nan,3785.0,nan,0.6
KMT-2016-BLG-1820L b,KMT-2016-BLG-1820L,nan,nan,4.57,nan,nan,nan,nan,0.04
KMT-2016-BLG-2142L b,KMT-2016-BLG-2142L,nan,nan,15.49,nan,nan,nan,nan,0.07
Kepler-777 b,Kepler-777,5.72812599,0.131,nan,nan,nan,4043.0,0.56,0.58
MOA-2015-BLG-337L b,MOA-2015-BLG-337L,nan,nan,0.106,nan,nan,nan,nan,0.01
KMT-2016-BLG-1397L b,KMT-2016-BLG-1397L,nan,nan,7.0,nan,nan,nan,nan,0.45
pi Men c,HD 39091,6.26791,nan,0.011,0.077,nan,nan,nan,1.1
K2-284 b,K2-284,4.795069,0.248,nan,0.078,653.0,4140.0,0.61,0.63
MOA-2016-BLG-319L b,MOA-2016-BLG-319L,nan,nan,0.62,nan,nan,nan,nan,0.15
MOA-2011-BLG-291L b,MOA-2011-BLG-291L,nan,nan,0.057,nan,nan,nan,nan,0.15
GJ 317 c,GJ 317,6739.323,nan,1.64396,0.17,nan,nan,nan,0.42
HD 33142 c,HD 33142,810.2,nan,0.89,0.081,nan,5025.4,4.17,1.52
HD 95089 c,HD 95089,1785.0,nan,3.45,0.284,nan,4918.0,5.08,1.54
HD 99706 c,HD 99706,1278.0,nan,5.69,0.411,nan,nan,nan,1.72
Kepler-778 b,Kepler-778,3.75574426,0.15,nan,nan,nan,5102.0,0.77,0.81
HD 102329 c,HD 102329,1123.0,nan,1.52,0.209,nan,nan,nan,1.3
HD 116029 c,HD 116029,907.0,nan,1.27,0.038,nan,nan,nan,1.33
HD 156279 c,HD 156279,4818.25358,nan,9.75,0.261,nan,nan,nan,0.94
HD 114783 c,HD 114783,4352.0,nan,1.9,0.05,nan,nan,nan,0.9
HATS-59 b,HATS-59,5.416081,1.126,0.806,0.129,1128.0,5670.0,1.04,1.04
HATS-59 c,HATS-59,1422.0,nan,12.7,0.083,175.9,5670.0,1.04,1.04
GJ 3779 b,GJ 3779,3.0232,nan,0.02517,0.07,nan,3324.0,0.28,0.27
GJ 1265 b,GJ 1265,3.6511,nan,0.02328,0.04,nan,3236.0,0.19,0.18
LHS 1140 c,LHS 1140,3.77794,0.113,0.00601,0.05,422.0,3096.0,0.22,0.18
CoRoT-21 b,CoRoT-21,2.72474,1.3,2.26,0.0,nan,6200.0,1.95,1.29
HD 13167 b,HD 13167,2613.0,nan,3.31,0.563,nan,5671.0,2.39,1.35
HD 14787 b,HD 14787,676.6,nan,1.121,0.155,nan,4946.0,5.01,1.43
HD 18015 b,HD 18015,2278.0,nan,3.18,0.148,nan,5603.0,3.13,1.49
HD 72490 b,HD 72490,858.0,nan,1.768,0.124,nan,4934.0,4.96,1.21
HD 94834 b,HD 94834,1576.0,nan,1.26,0.14,nan,4798.0,4.2,1.11
HD 180053 b,HD 180053,213.72,nan,2.194,0.081,nan,5131.0,4.06,1.75
HD 4917 b,HD 4917,400.5,nan,1.615,0.066,nan,4802.0,5.01,1.32
WASP-161 b,WASP-161,5.4060425,1.143,2.49,nan,1557.0,6400.0,1.71,1.39
WASP-163 b,WASP-163,1.6096884,1.202,1.87,nan,1638.0,5500.0,1.01,0.97
WASP-170 b,WASP-170,2.34478022,1.096,1.6,nan,1422.0,5600.0,0.94,0.93
K2-285 b,K2-285,3.471745,0.231,0.03046,0.0,1088.9,4975.0,0.79,0.83
K2-285 c,K2-285,7.138048,0.315,0.04933,0.0,741.4,4975.0,0.79,0.83
K2-285 d,K2-285,10.45582,0.221,0.02045,0.0,619.9,4975.0,0.79,0.83
K2-285 e,K2-285,14.76289,0.174,0.03367,0.0,500.9,4975.0,0.79,0.83
K2-286 b,K2-286,27.359,0.187,nan,nan,347.0,3926.0,0.62,0.64
K2-287 b,K2-287,14.893291,0.847,0.315,0.478,804.0,5695.0,1.07,1.06
K2-288 B b,K2-288 B,31.393463,0.17,nan,nan,226.36,3341.0,0.32,0.33
HATS-60 b,HATS-60,3.560829,1.153,0.662,0.191,1528.0,5688.0,1.46,1.1
HATS-61 b,HATS-61,7.817953,1.195,3.4,0.092,1226.1,5542.0,1.66,1.08
HATS-62 b,HATS-62,3.2768837,1.055,0.179,0.298,1237.0,5416.0,0.93,0.9
HATS-63 b,HATS-63,3.0566527,1.207,0.96,0.136,1398.3,5627.0,1.07,0.93
HATS-64 b,HATS-64,4.908897,1.679,0.96,0.151,1793.0,6554.0,2.11,1.56
HATS-65 b,HATS-65,3.105161,1.501,0.821,0.062,1634.0,6277.0,1.31,1.26
HATS-66 b,HATS-66,3.1414391,1.411,5.33,0.064,1998.0,6626.0,1.84,1.41
HATS-67 b,HATS-67,1.6091788,1.685,1.45,0.057,2193.0,6594.0,1.44,1.44
HATS-68 b,HATS-68,3.5862202,1.232,1.29,0.036,1741.0,6147.0,1.75,1.35
HATS-69 b,HATS-69,2.2252577,0.945,0.577,0.519,1295.7,5137.0,0.88,0.89
HD 202696 b,HD 202696,517.8,nan,1.996,0.011,nan,5040.0,6.43,1.91
HD 202696 c,HD 202696,946.6,nan,1.864,0.028,nan,5040.0,6.43,1.91
K2-290 b,K2-290,9.21165,0.273,0.0343,0.0,1230.0,6302.0,1.51,1.19
Kepler-779 b,Kepler-779,7.09714223,0.082,nan,nan,nan,3804.0,0.44,0.46
K2-290 c,K2-290,48.36685,1.006,0.774,0.0,676.0,6302.0,1.51,1.19
K2-291 b,K2-291,2.225177,0.142,0.02042,0.0,nan,5520.0,0.9,0.93
GJ 4276 b,GJ 4276,13.352,nan,0.05213,0.37,nan,3387.0,0.41,0.41
LHS 3844 b,LHS 3844,0.46292913,0.116,nan,nan,805.0,3036.0,0.19,0.15
HD 202772 A b,HD 202772 A,3.308958,1.545,1.017,0.038,2132.0,6272.0,2.59,1.72
K2-292 b,K2-292,16.9841,0.235,0.07709,0.04,795.0,5725.0,1.09,1.0
HD 20781 d,HD 20781,29.158,nan,0.0334,0.11,nan,5256.0,nan,0.7
HD 20781 e,HD 20781,85.5073,nan,0.0442,0.06,nan,5256.0,nan,0.7
HD 45184 c,HD 45184,13.1354,nan,0.0277,0.07,nan,5869.0,nan,1.03
HATS-70 b,HATS-70,1.8882378,1.384,12.9,0.18,2730.0,7930.0,1.88,1.78
Kepler-499 b,Kepler-499,5.63252845,0.194,nan,nan,nan,5312.0,0.83,0.87
GJ 143 b,GJ 143,35.61253,0.233,0.07142,0.188,422.0,4640.0,0.69,0.73
HD 23472 b,HD 23472,17.667087,0.178,0.02618,0.072,543.0,4684.0,0.71,0.67
HD 23472 c,HD 23472,29.79749,0.167,0.01073,0.063,467.0,4684.0,0.71,0.67
KMT-2016-BLG-1107L b,KMT-2016-BLG-1107L,nan,nan,3.283,nan,nan,nan,nan,0.09
HD 219666 b,HD 219666,6.04345,0.378,nan,nan,838.0,5527.0,1.03,0.92
HD 1397 b,HD 1397,11.53533,1.026,0.415,0.251,1228.3,5521.0,2.34,1.32
GJ 411 b,GJ 411,12.9394,nan,0.00846,0.063,nan,3719.0,0.37,0.39
WASP-190 b,WASP-190,5.367753,1.15,1.0,0.0,1500.0,6400.0,1.6,1.35
Gl 378 b,Gl 378,3.822,nan,0.04097,0.109,830.0,3879.0,0.56,0.56
PDS 70 b,PDS 70,nan,2.72,3.0,0.19,1204.0,3972.0,nan,nan
Kepler-270 b,Kepler-270,11.476094,0.179,nan,nan,nan,6067.0,1.46,nan
KMT-2017-BLG-1038L b,KMT-2017-BLG-1038L,nan,nan,2.0,nan,nan,nan,nan,0.37
KMT-2017-BLG-1146L b,KMT-2017-BLG-1146L,nan,nan,0.71,nan,nan,nan,nan,0.33
Gl 686 b,Gl 686,15.53,nan,0.02084,0.05,nan,3656.0,0.43,0.43
Qatar-7 b,Qatar-7,2.032046,1.7,1.88,0.0,2053.0,6387.0,1.56,1.41
TOI-172 b,TOI-172,9.47725,0.965,5.42,0.3806,1198.0,5645.0,1.78,1.13
K2-293 b,K2-293,13.1225,0.219,nan,nan,750.0,5532.0,0.95,0.96
K2-294 b,K2-294,2.50387,0.148,nan,nan,1425.0,5612.0,1.2,0.99
GJ 685 b,GJ 685,24.16,nan,0.02832,0.0,nan,3816.0,0.54,0.55
HD 181234 b,HD 181234,7593.40512,nan,9.379,0.726,nan,nan,nan,0.94
HD 25015 b,HD 25015,6134.427,nan,9.077,0.341,nan,nan,nan,0.86
HD 50499 c,HD 50499,8619.9,nan,2.93,0.0,nan,6099.0,1.42,1.31
HD 92788 c,HD 92788,11611.2975,nan,3.67,0.46,nan,5744.0,1.14,1.15
HD 221416 b,HD 221416,14.2767,0.836,0.19,0.115,nan,5080.0,2.94,1.21
WASP-177 b,WASP-177,3.071722,1.58,0.508,nan,1142.0,5017.0,0.89,0.88
WASP-181 b,WASP-181,4.5195064,1.184,0.299,nan,1186.0,5839.0,0.96,1.04
WASP-183 b,WASP-183,4.1117771,1.47,0.502,nan,1111.0,5313.0,0.87,0.78
Kepler-47 d,Kepler-47,187.366,0.628,0.05984,0.024,nan,nan,0.94,0.96
HD 21749 c,GJ 143,7.78993,0.08,0.01164,nan,701.0,4640.0,0.69,0.73
Qatar-8 b,Qatar-8,3.71495,1.285,0.371,0.0,1457.0,5738.0,1.31,1.03
Kepler-780 b,Kepler-780,0.67737516,0.079,nan,nan,nan,5769.0,1.02,1.01
Qatar-9 b,Qatar-9,1.540731,1.009,1.19,0.0,1134.0,4309.0,0.7,0.72
Qatar-10 b,Qatar-10,1.645321,1.543,0.736,0.0,1955.0,6124.0,1.25,1.16
TOI-216.02,TOI-216,17.16073,0.714,0.059,0.16,nan,nan,0.75,0.77
TOI-216.01,TOI-216,34.525528,0.901,0.56,0.0046,nan,nan,0.75,0.77
HD 221420 b,HD 221420,10066.0,nan,22.0,0.12,nan,nan,nan,1.34
NGTS-5 b,NGTS-5,3.3569866,1.136,0.229,0.0,952.0,4987.0,0.74,0.66
HD 210193 b,HD 210193,649.918,nan,0.4817,0.24,nan,5790.0,nan,1.04
HD 211970 b,HD 211970,25.201,nan,0.0409,0.15,nan,4127.0,nan,0.61
HD 39855 b,HD 39855,3.2498,nan,0.02674,0.14,nan,5576.0,nan,0.87
HIP 35173 b,HIP 35173,41.516,nan,0.03996,0.16,nan,4881.0,nan,0.79
Kepler-271 b,Kepler-271,10.43547805,0.11,nan,nan,nan,5555.0,0.87,0.9
HD 102843 b,HD 102843,3090.942,nan,0.35837,0.11,nan,5436.0,nan,0.95
HD 103949 b,HD 103949,120.878,nan,0.03524,0.19,nan,4792.0,nan,0.77
HD 206255 b,HD 206255,96.045,nan,0.1076,0.23,nan,5635.0,nan,1.42
HD 21411 b,HD 21411,84.288,nan,0.20734,0.4,nan,5605.0,nan,0.89
HD 64114 b,HD 64114,45.791,nan,0.056,0.12,nan,5676.0,nan,0.95
HD 8326 b,HD 8326,158.991,nan,0.20955,0.2,nan,4914.0,nan,0.8
HIP 54373 b,HIP 54373,7.76,nan,0.02712,0.2,nan,4021.0,nan,0.57
HIP 54373 c,HIP 54373,15.144,nan,0.03914,0.2,nan,4021.0,nan,0.57
HD 24085 b,HD 24085,2.0455,nan,0.03713,0.22,nan,6034.0,nan,1.22
HIP 71135 b,HIP 71135,87.19,nan,0.05915,0.21,nan,4146.0,nan,0.66
Kepler-418 c,Kepler-418,12.21829987,0.466,nan,nan,nan,5822.0,1.08,0.96
HD 15337 b,HD 15337,4.75615,0.146,0.02363,0.09,1001.0,5125.0,0.86,0.9
HD 15337 c,HD 15337,17.1784,0.213,0.02552,0.05,642.0,5125.0,0.86,0.9
NGTS-4 b,NGTS-4,1.3373508,0.284,0.06481,0.0,1650.0,5143.0,0.84,0.75
K2-133 e,K2-133,26.5841,0.154,nan,nan,296.0,3655.0,0.46,0.46
K2-32 e,K2-32,4.34934,0.108,0.00661,0.043,1066.0,5271.0,0.86,0.83
EPIC 201238110 b,EPIC 201238110,28.1656,0.167,nan,nan,nan,nan,nan,0.41
EPIC 201497682 b,EPIC 201497682,2.13174,0.062,nan,nan,nan,nan,nan,0.78
EPIC 201615463 c,K2-166,3.80464,0.109,nan,nan,nan,nan,nan,1.07
EPIC 201754305 d,K2-16,2.71578,0.092,nan,nan,nan,nan,nan,0.67
EPIC 201833600 c,K2-50,3.96151,0.089,nan,nan,nan,nan,nan,0.61
EPIC 201841433 b,EPIC 201841433,4.1698,0.093,nan,nan,nan,5053.0,0.63,0.8
EPIC 205950854 c,K2-168,8.050722,0.117,nan,nan,960.6,5502.7,0.83,0.88
EPIC 206024342 b,EPIC 206024342,4.50756,0.152,nan,nan,nan,nan,nan,0.93
EPIC 206032309 b,EPIC 206032309,2.87814,0.09,nan,nan,nan,nan,nan,0.22
EPIC 206042996 b,EPIC 206042996,5.2986,0.152,nan,nan,nan,4114.0,0.5,nan
EPIC 206215704 b,EPIC 206215704,2.255436,0.089,nan,nan,nan,3297.0,0.25,nan
EPIC 206317286 b,EPIC 206317286,1.58252,0.086,nan,nan,nan,nan,nan,0.71
EPIC 212297394 b,EPIC 212297394,2.289363,0.132,nan,nan,1149.0,5171.0,0.8,0.83
EPIC 212424622 b,EPIC 212424622,18.0983,0.194,nan,nan,nan,nan,nan,1.11
EPIC 212499991 b,EPIC 212499991,34.885,0.143,nan,nan,nan,nan,nan,0.91
Kepler-407 b,Kepler-407,0.66931,0.095,0.01007,nan,nan,5476.0,1.01,1.0
EPIC 212587672 b,EPIC 212587672,15.28078,0.112,nan,nan,756.0,6004.0,0.98,0.99
EPIC 220554210 c,K2-282,0.70531,0.143,nan,nan,nan,5499.0,1.0,nan
L 98-59 b,L 98-59,2.2531136,0.076,0.00126,0.103,627.0,3415.0,0.3,0.27
L 98-59 c,L 98-59,3.6906777,0.124,0.00698,0.103,553.0,3415.0,0.3,0.27
L 98-59 d,L 98-59,7.4507245,0.136,0.0061,0.074,416.0,3415.0,0.3,0.27
PDS 70 c,PDS 70,nan,2.04,2.0,0.11,995.0,3972.0,nan,nan
K2-308 b,K2-308,3.38628,0.884,nan,nan,nan,6100.0,1.24,1.09
Kepler-65 e,Kepler-65,258.8,nan,0.82,0.283,nan,nan,1.44,1.25
HD 2685 b,HD 2685,4.12688,1.44,1.17,0.091,2061.0,6801.0,1.56,1.43
Gl 49 b,Gl 49,13.8508,nan,0.01771,0.363,nan,3805.0,0.51,0.52
Kepler-851 b,Kepler-851,8.50699658,0.15,nan,nan,nan,5455.0,0.85,0.89
TOI-150.01,TOI-150,5.857487,1.255,2.51,0.262,1404.5,6255.0,1.53,1.35
KELT-23 A b,KELT-23 A,2.255251,1.323,0.938,0.0,1561.0,5899.0,1.0,0.94
HD 180617 b,HD 180617,105.911,nan,0.03843,0.101,nan,3534.0,0.48,0.48
LSPM J2116+0234 b,LSPM J2116+0234,14.4399,nan,0.04185,0.183,nan,3475.0,0.43,0.43
NSVS 14256825 b,NSVS 14256825,3225.0,nan,14.15,0.12,nan,40000.0,0.19,0.42
V1298 Tau b,V1298 Tau,24.1396,0.916,nan,0.29,677.0,nan,1.34,1.1
Teegarden's Star b,Teegarden's Star,4.90634,nan,0.00365,0.03,277.0,3034.0,0.12,0.1
Teegarden's Star c,Teegarden's Star,11.416,nan,0.0033,0.04,209.0,3034.0,0.12,0.1
WASP-87 b,WASP-87,1.682795,1.385,2.18,0.0,nan,6450.0,1.63,1.2
Kepler-850 b,Kepler-850,7.19303878,0.159,nan,nan,nan,5932.0,1.09,1.06
HIP 79098 AB b,HIP 79098 AB,nan,nan,20.5,nan,2450.0,nan,nan,3.75
Kepler-411 e,Kepler-411,31.509728,nan,0.03398,0.016,503.0,nan,0.82,0.87
DS Tuc A b,DS Tuc A,8.138268,0.509,nan,0.0,850.0,5428.0,0.96,1.01
OGLE-2018-BLG-0596L b,OGLE-2018-BLG-0596L,nan,nan,0.04383,nan,nan,nan,nan,0.23
DE CVn b,DE CVn,4098.1,nan,12.0293,0.0,nan,nan,nan,0.51
OGLE-2015-BLG-1670L b,OGLE-2015-BLG-1670L,nan,nan,0.0563,nan,nan,nan,nan,0.55
EPIC 248847494 b,EPIC 248847494,3650.0,1.11,13.0,0.0,183.0,4898.0,2.7,0.9
EPIC 212737443 c,EPIC 212737443,65.55,0.24,nan,0.2,316.0,4684.0,0.67,0.69
KMT-2017-BLG-0165L b,KMT-2017-BLG-0165L,nan,nan,0.11,nan,nan,nan,nan,0.76
WASP-166 b,WASP-166,5.44354,0.63,0.101,0.0,1270.0,6050.0,1.22,1.19
Kepler-476 b,Kepler-476,14.00640607,0.275,nan,nan,nan,5837.0,1.09,1.03
Kepler-849 b,Kepler-849,394.62508,0.721,0.94,0.078,362.7,5950.0,1.82,1.26
Kepler-82 f,Kepler-82,75.732,nan,0.06576,0.0014,nan,nan,0.9,0.91
HR 858 b,HR 858,3.58599,0.186,nan,0.3,1572.0,6201.0,1.31,1.15
HR 858 c,HR 858,5.97293,0.173,nan,0.19,1326.0,6201.0,1.31,1.15
HR 858 d,HR 858,11.23,0.193,nan,0.28,1075.0,6201.0,1.31,1.15
TOI-270 b,TOI-270,3.3601538,0.108,0.00497,0.034,581.0,3506.0,0.38,0.39
TOI-270 c,TOI-270,5.6605731,0.21,0.01935,0.027,488.0,3506.0,0.38,0.39
TOI-270 d,TOI-270,11.379573,0.19,0.01504,0.032,387.0,3506.0,0.38,0.39
GJ 357 b,GJ 357,3.9306,0.107,nan,nan,518.0,3505.0,0.34,0.34
GJ 357 c,GJ 357,9.1247,nan,0.0107,nan,401.2,3505.0,0.34,0.34
GJ 357 d,GJ 357,55.661,nan,0.01919,nan,219.6,3505.0,0.34,0.34
Kepler-848 b,Kepler-848,6.91134416,0.152,nan,nan,nan,5695.0,1.2,1.01
K2-43 c,K2-43,2.198884,0.216,nan,nan,1093.7,3840.6,0.54,0.57
LTT 1445 A b,LTT 1445 A,5.35876,0.105,nan,nan,555.0,3340.0,0.27,0.26
K2-146 c,K2-146,4.00498,0.195,0.02358,0.075,nan,3385.0,0.33,0.33
HAT-P-69 b,HAT-P-69,4.7869491,1.676,3.58,0.0,1930.0,7394.0,1.93,1.65
HAT-P-70 b,HAT-P-70,2.74432452,1.87,6.78,0.0,2562.0,8450.0,1.86,1.89
HATS-54 b,HATS-54,2.5441765,1.015,0.753,0.0,1429.0,5621.0,1.23,1.05
HATS-55 b,HATS-55,4.2042001,1.251,0.921,0.092,1367.0,6214.0,1.13,1.2
HATS-56 b,HATS-56,4.324799,1.688,0.602,0.019,1902.0,6536.0,2.2,1.57
HATS-57 b,HATS-57,2.350621,1.139,3.147,0.028,1413.4,5587.0,0.96,1.03
HATS-58 A b,HATS-58 A,4.2180896,1.095,1.03,0.168,1721.0,7175.0,1.43,1.46
Kepler-1751 b,Kepler-1751,7.01731014,0.163,nan,nan,nan,6052.0,0.97,0.97
bet Pic c,bet Pic,1192.77951,nan,10.139,0.314,nan,nan,nan,1.79
HR 5183 b,HR 5183,27000.0,nan,3.23,0.84,171.0,5794.0,1.53,1.07
OGLE-2018-BLG-0740L b,OGLE-2018-BLG-0740L,5480.0,nan,4.8,0.0,nan,5912.0,nan,1.0
WASP-169 b,WASP-169,5.6114118,1.304,0.561,0.0,1604.0,6110.0,2.01,1.34
WASP-171 b,WASP-171,3.8186244,0.98,1.084,0.0,1642.0,5965.0,1.64,1.17
WASP-175 b,WASP-175,3.0652907,1.208,0.99,0.0,1571.0,6229.0,1.2,1.21
WASP-182 b,WASP-182,3.3769848,0.85,0.148,0.0,1479.0,5638.0,1.34,1.08
OGLE-2018-BLG-1011L b,OGLE-2018-BLG-1011L,nan,nan,1.8,nan,nan,nan,nan,0.18
OGLE-2018-BLG-1011L c,OGLE-2018-BLG-1011L,nan,nan,2.8,nan,nan,nan,nan,0.18
KMT-2016-BLG-0212L b,KMT-2016-BLG-0212L,nan,nan,18.0,nan,nan,nan,nan,0.48
Kepler-301 b,Kepler-301,2.508553,0.12,nan,nan,nan,5815.0,0.9,nan
OGLE-2016-BLG-1067L b,OGLE-2016-BLG-1067L,nan,nan,0.43,nan,nan,nan,nan,0.3
KELT-24 b,KELT-24,5.55149296,1.134,4.59,0.0319,1391.0,6426.0,1.34,1.27
NGTS-6 b,NGTS-6,0.882059,1.326,1.339,0.0,1283.9,4730.0,0.75,0.77
WASP-180 A b,WASP-180 A,3.409264,1.24,0.9,0.0,1540.0,6600.0,1.19,1.3
GJ 15 A c,GJ 15 A,7600.0,nan,0.11327,0.27,nan,3607.0,0.38,0.38
WASP-178 b,WASP-178,3.3448285,1.81,1.66,0.0,2470.0,9360.0,1.67,2.07
WASP-184 b,WASP-184,5.1817,1.33,0.57,0.0,1480.0,6000.0,1.65,1.23
WASP-185 b,WASP-185,9.38755,1.25,0.98,0.24,1160.0,5900.0,1.5,1.12
WASP-192 b,WASP-192,2.8786765,1.23,2.3,0.0,1620.0,5910.0,1.32,1.09
GJ 3512 b,GJ 3512,203.69,nan,0.46,0.44,nan,3081.0,0.14,0.12
Kepler-300 c,Kepler-300,40.714955,0.201,nan,nan,nan,5986.0,0.9,nan
GJ 27.1 b,GJ 27.1,15.819,nan,0.0409,0.08,nan,3542.0,nan,0.53
GJ 160.2 b,GJ 160.2,5.2354,nan,0.03209,0.06,nan,4347.0,nan,0.69
GJ 180 b,GJ 180,17.133,nan,0.02042,0.07,nan,nan,nan,0.43
GJ 180 c,GJ 180,24.329,nan,0.02014,0.09,nan,3371.0,nan,0.43
GJ 229 b,GJ 229,579.47495,nan,0.047,0.404,nan,nan,nan,0.51
GJ 422 b,GJ 422,20.129,nan,0.03483,0.11,nan,nan,nan,0.35
GJ 433 c,GJ 433,5094.105,nan,0.10201,0.12,nan,nan,nan,0.48
GJ 682 b,GJ 682,17.478,nan,0.01384,0.08,nan,3028.0,nan,0.27
GJ 682 c,GJ 682,57.32,nan,0.02737,0.1,nan,3028.0,nan,0.27
OGLE-2015-BLG-1649L b,OGLE-2015-BLG-1649L,nan,nan,2.54,nan,nan,nan,nan,0.34
Kepler-847 b,Kepler-847,2.3432319,0.105,nan,nan,nan,4940.0,0.77,0.83
V1298 Tau c,V1298 Tau,8.24958,0.499,nan,0.43,968.0,nan,1.34,1.1
V1298 Tau d,V1298 Tau,12.4032,0.572,nan,0.21,845.0,nan,1.34,1.1
V1298 Tau e,V1298 Tau,53.5,0.89,1.01,nan,nan,4941.0,1.43,1.26
HD 97048 b,HD 97048,nan,nan,2.5,nan,nan,10000.0,2.25,2.4
7 CMa c,7 CMa,996.0,nan,0.87,0.08,nan,4826.0,4.87,1.34
NY Vir c,NY Vir,8799.0,nan,5.54,0.15,nan,32780.0,0.15,0.46
eps Ind A b,eps Ind A,nan,nan,6.31,0.4,275.0,4760.0,0.68,0.76
LP 791-18 b,LP 791-18,0.9479981,0.108,nan,nan,564.3,2960.0,0.18,0.14
LP 791-18 c,LP 791-18,4.9899093,0.218,0.02234,8e-05,324.4,2960.0,0.18,0.14
TOI-163 b,TOI-163,4.231306,1.489,1.22,0.0,1669.0,6495.0,1.65,1.44
Kepler-846 b,Kepler-846,19.80792185,0.221,nan,nan,nan,5579.0,0.91,0.94
Kepler-448 c,KOI-12,2500.0,nan,22.0,0.65,nan,nan,1.4,1.5
TOI-125 b,TOI-125,4.65382,0.243,0.02989,0.194,1037.0,5320.0,0.85,0.86
TOI-125 c,TOI-125,9.15059,0.246,0.02086,0.066,827.8,5320.0,0.85,0.86
KMT-2018-BLG-1990L b,KMT-2018-BLG-1990L,nan,nan,0.348,nan,nan,nan,nan,0.09
MOA-bin-29 b,MOA-bin-29,nan,nan,0.6,nan,nan,nan,nan,0.03
HD 125390 b,HD 125390,1757.39151,nan,27.204,0.597,nan,nan,nan,1.82
NGTS-8 b,NGTS-8,2.4997,1.09,0.93,0.01,1345.0,5241.0,0.98,0.89
NGTS-9 b,NGTS-9,4.43527,1.07,2.9,0.06,1448.0,6330.0,1.38,1.34
HD 220197 b,HD 220197,1728.0,nan,0.2,0.187,nan,5683.0,0.98,0.91
HD 233832 b,HD 233832,2058.0,nan,1.78,0.359,nan,4981.0,0.68,0.71
Kepler-299 c,Kepler-299,6.885875,0.236,nan,nan,nan,5617.0,1.03,nan
Qatar-6 b,Qatar-6,3.506195,1.062,0.668,0.0,1006.0,5052.0,0.72,0.82
PSR B0329+54 b,PSR B0329+54,10140.0,nan,0.0062,0.236,nan,nan,nan,1.44
Kepler-1660 AB b,Kepler-1660 A,239.5044,nan,4.992,0.05541,nan,nan,1.49,1.14
HD 213885 b,HD 213885,1.008035,0.156,0.02778,0.0,2128.0,5978.0,1.1,1.07
HD 213885 c,HD 213885,4.78503,nan,0.06277,0.0,1265.4,5978.0,1.1,1.07
WASP-18 c,WASP-18,2.1558,nan,0.17368,0.015,nan,6400.0,1.23,1.22
WASP-126 c,WASP-126,7.63,nan,0.20199,0.05,nan,5800.0,1.27,1.12
XO-7 b,XO-7,2.8641424,1.373,0.709,0.038,1743.0,6250.0,1.48,1.41
USco1621 b,USco1621 A,nan,nan,16.0,nan,2270.0,3460.0,nan,0.36
USco1556 b,USco1556 A,nan,nan,15.0,nan,2240.0,3410.0,nan,0.33
DMPP-1 b,DMPP-1,18.57,nan,0.07636,0.083,877.0,6196.0,1.26,1.21
DMPP-1 c,DMPP-1,6.584,nan,0.0302,0.057,1239.0,6196.0,1.26,1.21
DMPP-1 d,DMPP-1,2.882,nan,0.01054,0.07,1632.0,6196.0,1.26,1.21
DMPP-1 e,DMPP-1,5.516,nan,0.01299,0.07,1314.0,6196.0,1.26,1.21
DMPP-2 b,DMPP-2,5.2072,nan,0.437,0.078,1000.0,6500.0,1.78,1.44
DMPP-3 A b,DMPP-3 A,6.6732,nan,0.00812,0.14,854.0,5138.0,0.91,0.87
TOI-813 b,TOI-813,83.8911,0.599,nan,0.0,610.0,5907.0,1.94,1.32
GJ 180 d,GJ 180,106.3,nan,0.02379,0.14,nan,nan,nan,0.43
GJ 229 A c,GJ 229,121.93268,nan,0.027,0.366,nan,nan,nan,0.51
GJ 433 d,GJ 433,36.059,nan,0.01643,0.07,nan,nan,nan,0.48
Kepler-298 b,Kepler-298,10.475464,0.175,nan,nan,nan,4465.0,0.58,nan
GJ 3082 b,GJ 3082,11.949,nan,0.0258,0.22,nan,nan,nan,0.47
GJ 1252 b,GJ 1252,0.5182331,0.106,0.00415,0.0,nan,3458.0,0.39,0.38
EPIC 249893012 b,EPIC 249893012,3.5951,0.174,0.02753,0.06,1616.0,5430.0,1.71,1.05
EPIC 249893012 c,EPIC 249893012,15.624,0.327,0.04616,0.07,990.0,5430.0,1.71,1.05
EPIC 249893012 d,EPIC 249893012,35.747,0.352,0.03203,0.15,752.0,5430.0,1.71,1.05
L 168-9 b,L 168-9,1.40152604,0.145,0.01281,0.0,998.0,3842.0,0.6,0.61
TOI-125 d,TOI-125,19.98,0.261,0.04279,0.168,638.1,5320.0,0.85,0.86
Kepler-1661 b,Kepler-1661,175.06,0.345,0.05349,0.057,243.0,5100.0,0.76,0.84
TOI-132 b,TOI-132,2.1097019,0.305,0.07048,0.059,1395.0,5397.0,0.9,0.97
GJ 1061 b,GJ 1061,3.204,nan,0.00431,0.31,nan,2953.0,0.16,0.12
Kepler-95 b,Kepler-95,11.5231,0.305,0.041,nan,nan,5699.0,1.41,1.08
Kepler-1750 b,Kepler-1750,205.9120026,0.536,nan,nan,nan,5644.0,0.97,0.98
GJ 1061 c,GJ 1061,6.689,nan,0.00547,0.29,nan,2953.0,0.16,0.12
GJ 1061 d,GJ 1061,13.031,nan,0.00516,0.53,nan,2953.0,0.16,0.12
HATS-47 b,HATS-47,3.9228038,1.117,0.369,0.088,852.9,4512.0,0.66,0.67
HATS-48 A b,HATS-48 A,3.1316666,0.8,0.243,0.162,954.6,4546.0,0.72,0.73
HATS-49 b,HATS-49,4.1480467,0.765,0.353,0.071,834.8,4405.0,0.7,0.71
HATS-72 b,HATS-72,7.3279474,0.722,0.1254,0.013,739.3,4656.1,0.72,0.73
OGLE-2013-BLG-0911L b,OGLE-2013-BLG-0911L,nan,nan,9.51,nan,nan,nan,nan,0.29
KMT-2016-BLG-1836L b,KMT-2016-BLG-1836L,nan,nan,2.2,nan,nan,nan,nan,0.49
OGLE-2016-BLG-1227L b,OGLE-2016-BLG-1227L,nan,nan,0.79,nan,nan,nan,nan,0.1
NGTS-10 b,NGTS-10,0.7668944,1.205,2.162,0.0,1332.0,4600.0,0.7,0.7
Kepler-845 b,Kepler-845,0.92785982,0.182,nan,nan,nan,4913.0,0.75,0.79
MASCARA-4 b,MASCARA-4,2.82406,1.53,3.1,0.0,2100.0,7800.0,1.92,1.75
LHS 1815 b,LHS 1815,3.814334,0.097,0.00497,0.0,nan,3643.0,0.5,0.5
TYC 8998-760-1 b,TYC 8998-760-1,nan,nan,14.0,nan,nan,4573.0,nan,1.0
TOI-1130 b,TOI-1130,4.074554,0.327,0.0623,0.052162,825.0,4360.0,0.7,0.74
TOI-1130 c,TOI-1130,8.3501898,1.16,1.05717,0.0398,650.0,4360.0,0.7,0.74
HD 158259 b,HD 158259,2.178,nan,0.00698,nan,nan,nan,1.21,1.08
HD 158259 c,HD 158259,3.432,nan,0.01762,nan,nan,nan,1.21,1.08
HD 158259 d,HD 158259,5.1980814,nan,0.01702,nan,nan,nan,1.21,1.08
HD 158259 e,HD 158259,7.951,nan,0.01913,nan,nan,nan,1.21,1.08
HD 158259 f,HD 158259,12.028,nan,0.01932,nan,nan,nan,1.21,1.08
Kepler-844 b,Kepler-844,2.61302086,0.15,nan,nan,nan,4128.0,0.57,0.59
CoRoT-30 b,CoRoT-30,9.06005,1.009,2.9,0.007,nan,5650.0,0.91,0.98
CoRoT-31 b,CoRoT-31,4.62941,1.46,0.84,0.02,nan,5700.0,2.15,1.25
TOI-677 b,TOI-677,11.2366,1.17,1.236,0.435,1252.0,6295.0,1.28,1.18
HD 164922 d,HD 164922,12.458,nan,0.01259,0.12,nan,5390.0,0.95,0.93
WASP-150 b,WASP-150,5.644207,1.07,8.46,0.3775,1460.0,6218.0,1.65,1.39
WASP-176 b,WASP-176,3.899052,1.505,0.855,0.0,1721.0,5941.0,1.93,1.34
HD 332231 b,HD 332231,18.712024,0.809,0.23314,0.0,798.303294664,6128.0,1.27,1.16
Kepler-88 d,KOI-142,1403.0,nan,3.05046,0.41,nan,5466.0,0.9,0.99
LTT 3780 b,LTT 3780,0.76837931,0.118,0.00774,0.0,903.0,3358.0,0.38,0.38
LTT 3780 c,LTT 3780,12.252284,0.213,0.0253,0.024,359.0,3358.0,0.38,0.38
Kepler-297 b,Kepler-297,38.871826,0.256,nan,nan,nan,5619.0,0.92,nan
TOI-1235 b,TOI-1235,3.444714,0.151,0.02105,0.049,nan,3997.0,0.62,0.63
HD 81817 b,HD 81817,1021.20159,nan,24.128,0.097,nan,nan,nan,4.3
TOI-1338 b,TOI-1338 A,95.4001,0.683,0.0355,0.0331,nan,nan,1.31,1.09
OGLE-2018-BLG-0677L b,OGLE-2018-BLG-0677L,nan,nan,0.0125,nan,nan,nan,nan,0.12
OGLE-2015-BLG-1771L b,OGLE-2015-BLG-1771L,nan,nan,0.433,nan,nan,nan,nan,0.08
OGLE-2018-BLG-1700L b,OGLE-2018-BLG-1700L,nan,nan,4.4,nan,nan,nan,nan,0.42
KMT-2018-BLG-0029L b,KMT-2018-BLG-0029L,nan,nan,0.0239,nan,nan,nan,nan,1.14
KMT-2018-BLG-1292L b,KMT-2018-BLG-1292L,nan,nan,4.42,nan,nan,nan,nan,1.09
OGLE-2012-BLG-0838L b,OGLE-2012-BLG-0838L,nan,nan,0.167,nan,nan,nan,nan,0.4
AU Mic b,AU Mic,8.46308,0.353,nan,0.00577,600.0,3678.0,0.74,0.51
Kepler-843 b,Kepler-843,2.05387982,0.231,nan,nan,nan,5830.0,1.03,1.02
GJ 338 B b,GJ 338 B,24.422,nan,0.03335,0.109,nan,4014.0,0.58,0.64
OGLE-2017-BLG-0406L b,OGLE-2017-BLG-0406L,nan,nan,0.41,nan,nan,nan,nan,0.56
Kepler-160 d,Kepler-160,30.0,nan,0.31463,nan,nan,5471.0,1.12,nan
WASP-148 b,WASP-148,8.803809,0.756,0.287,0.208,nan,5555.0,0.91,0.95
WASP-148 c,WASP-148,34.524,nan,0.392,0.1809,nan,5555.0,0.91,0.95
TOI-1728 b,TOI-1728,3.49151,0.451,0.08426,0.057,767.0,3980.0,0.62,0.65
NGTS-11 b,NGTS-11,35.45533,0.817,0.344,0.13,435.0,5050.0,0.83,0.86
GJ 887 b,GJ 887,9.262,nan,0.01321,0.0,468.0,3688.0,0.47,0.49
GJ 887 c,GJ 887,21.789,nan,0.02391,nan,352.0,3688.0,0.47,0.49
TOI-849 b,TOI-849,0.765548,0.325,0.13152,0.0,nan,5257.0,0.97,0.97
Kepler-842 b,Kepler-842,1.21956827,0.143,nan,nan,nan,4848.0,0.73,0.78
Wendelstein-1 b,Wendelstein-1,2.663416,1.031,0.592,0.012,2198.0,4251.0,0.61,0.65
Wendelstein-2 b,Wendelstein-2,1.7522239,1.159,0.731,0.057,2470.0,4591.0,0.66,0.73
HD 95338 b,HD 95338,55.087,0.347,0.13353,0.197,385.0,5212.0,0.87,0.83
HD 191939 b,HD 191939,8.8803256,0.304,0.03146,0.031,880.0,5348.0,0.94,0.81
HD 191939 c,HD 191939,28.579743,0.285,0.02517,0.034,600.0,5348.0,0.94,0.81
HD 191939 d,HD 191939,38.353037,0.267,0.00881,0.031,540.0,5348.0,0.94,0.81
TOI-700 b,TOI-700,9.977219,0.082,nan,0.075,nan,3459.0,0.42,0.41
TOI-700 c,TOI-700,16.051137,0.232,nan,0.068,nan,3459.0,0.42,0.41
TOI-700 d,TOI-700,37.42396,0.096,nan,0.042,nan,3459.0,0.42,0.41
TYC 8998-760-1 c,TYC 8998-760-1,nan,1.1,6.0,nan,1240.0,nan,nan,1.0
Kepler-841 b,Kepler-841,124.4198398,0.467,nan,nan,nan,5324.0,0.81,0.85
BD-11 4672 c,BD-11 4672,74.2,nan,0.04836,0.4,nan,4550.0,0.64,0.65
HIP 67522 b,HIP 67522,6.9594731,0.891,nan,0.064,1175.0,5675.0,1.38,1.22
TOI-1899 b,TOI-1899,29.090312,0.99,0.67,0.044,378.0,3926.0,0.61,0.63
HIP 65 A b,HIP 65 A,0.9809734,2.03,3.213,0.0,1411.0,4590.0,0.72,0.78
TOI-157 b,TOI-157,2.0845435,1.286,1.18,0.0,1588.0,5404.0,1.17,0.95
TOI-169 b,TOI-169,2.2554477,1.086,0.791,0.0,1715.0,5880.0,1.29,1.15
K2-315 b,K2-315,3.1443189,0.085,nan,nan,460.0,3300.0,0.2,0.17
HATS-37 A b,HATS-37 A,4.3315366,0.606,0.099,0.0,1085.0,5326.0,0.88,0.84
HATS-38 b,HATS-38,4.375021,0.614,0.074,0.0,1294.0,5732.0,1.1,0.89
HD 86226 c,HD 86226,3.98442,0.193,0.02281,0.075,1311.0,5863.0,1.05,1.02
Kepler-296 c,Kepler-296,5.8416366,0.178,nan,0.33,nan,3740.0,0.48,0.5
GJ 2056 b,GJ 2056,69.971,nan,0.05097,0.72,nan,nan,nan,0.62
GJ 480 b,GJ 480,9.567,nan,0.04153,0.1,nan,nan,nan,0.45
GJ 687 c,GJ 687,727.562,nan,0.05034,0.4,nan,nan,nan,0.4
GJ 9066 c,GJ 9066,771.36,nan,0.21,0.46,nan,3154.0,0.16,0.15
HIP 107772 b,HIP 107772,55.199,nan,0.04059,0.18,nan,nan,nan,0.63
HIP 38594 b,HIP 38594,60.722,nan,0.02549,0.17,nan,nan,nan,0.61
HIP 38594 c,HIP 38594,3477.768,nan,0.15228,0.16,nan,nan,nan,0.61
HIP 4845 b,HIP 4845,34.15,nan,0.04531,0.25,nan,nan,nan,0.62
HIP 48714 b,HIP 48714,17.818,nan,0.07205,0.5,nan,nan,nan,0.58
2MASS J01033563-5515561 AB b,2MASS J01033563-5515561 A,nan,nan,13.0,nan,nan,nan,nan,0.19
KMT-2019-BLG-1339L b,KMT-2019-BLG-1339L,nan,nan,1.25,nan,nan,nan,nan,0.48
KMT-2019-BLG-1953L b,KMT-2019-BLG-1953L,nan,nan,0.64,nan,nan,nan,nan,0.31
K2-316 b,K2-316,1.133,0.119,nan,nan,841.0,3436.0,0.38,0.41
K2-316 c,K2-316,5.26,0.163,nan,nan,423.0,3436.0,0.38,0.41
K2-317 b,K2-317,6.22,0.261,nan,nan,432.0,3387.0,0.38,0.4
K2-318 b,K2-318,7.01,0.148,nan,nan,456.0,3851.0,0.55,0.56
K2-319 b,K2-319,26.68,0.249,nan,nan,641.0,5440.0,0.9,0.95
K2-320 b,K2-320,1.995,0.234,nan,nan,698.0,3157.0,0.3,0.12
K2-321 b,K2-321,2.2979749,0.183,nan,0.44,830.0,3750.0,0.59,0.58
K2-322 b,K2-322,8.205,0.171,nan,nan,635.0,4141.0,0.6,0.63
K2-323 b,K2-323,24.93,0.187,nan,nan,318.0,3710.0,0.55,0.48
K2-324 b,K2-324,3.262,0.217,nan,nan,707.0,3752.0,0.51,0.52
K2-325 b,K2-325,6.93,0.196,nan,nan,423.0,3287.0,0.3,0.27
K2-326 b,K2-326,1.256,0.203,nan,nan,1114.0,3924.0,0.69,0.51
WD 1856+534 b,WD 1856+534,1.4079405,0.928,13.8,0.0,163.0,4710.0,0.01,0.52
LTT 9779 b,LTT 9779,0.792052,0.421,0.09225,0.0,1978.0,5443.0,0.95,0.77
HD 63433 b,HD 63433,7.1079384,0.193,0.11736,0.0,886.440730742,5634.0,0.92,0.99
HD 63433 c,HD 63433,20.543847,0.23,0.05412,0.0,622.305801154,5634.0,0.92,0.99
TOI-763 b,TOI-763,5.6057,0.203,0.0308,0.04,1038.0,5450.0,0.9,0.92
Kepler-77 b,Kepler-77,3.57878087,0.96,0.43,0.0,1440.0,5520.0,0.99,0.95
TOI-763 c,TOI-763,12.2737,0.235,0.02932,0.04,800.0,5450.0,0.9,0.92
HATS-71 b,HATS-71,3.7955202,1.024,0.37,0.0,586.8,3405.0,0.48,0.49
TOI-824 b,TOI-824,1.392978,0.261,0.0581,nan,1253.0,4600.0,0.69,0.71
OGLE-2018-BLG-1269L b,OGLE-2018-BLG-1269L,nan,nan,0.67,nan,nan,nan,nan,1.11
KMT-2018-BLG-0748L b,KMT-2018-BLG-0748L,nan,nan,0.19,nan,nan,nan,nan,0.09
KMT-2019-BLG-0842L b,KMT-2019-BLG-0842L,nan,nan,0.03234,nan,nan,nan,nan,0.76
TOI-540 b,TOI-540,1.2391491,0.081,nan,0.0,611.0,3216.0,0.19,0.16
TOI-1266 b,TOI-1266,10.894841,0.234,0.01331,0.22,425.0,3618.0,0.44,0.43
TOI-1266 c,TOI-1266,18.801611,0.19,0.00906,0.34,354.0,3618.0,0.44,0.43
TOI-421 b,TOI-421,5.197576,0.236,0.02108,0.13,922.0,5291.0,0.87,0.83
TOI-421 c,TOI-421,16.067541,0.454,0.04436,0.19,635.0,5291.0,0.87,0.83
NGTS-12 b,NGTS-12,7.532806,1.048,0.208,0.0,1257.0,5690.0,1.59,1.02
GJ 3473 b,GJ 3473,1.1980035,0.113,0.00585,0.0,773.0,3347.0,0.36,0.36
GJ 3473 c,GJ 3473,15.509,nan,0.02331,0.0,329.1,3347.0,0.36,0.36
TOI-837 b,TOI-837,8.3249113,0.818,0.379,nan,995.3,5995.0,1.05,1.14
KMT-2016-BLG-2364L b,KMT-2016-BLG-2364L,nan,nan,3.93,nan,nan,nan,nan,0.5
KMT-2016-BLG-2397L b,KMT-2016-BLG-2397L,nan,nan,2.63,nan,nan,nan,nan,0.64
OGLE-2017-BLG-0604L b,OGLE-2017-BLG-0604L,nan,nan,0.51,nan,nan,nan,nan,0.7
OGLE-2017-BLG-1375L b,OGLE-2017-BLG-1375L,nan,nan,11.28,nan,nan,nan,nan,0.81
EPIC 201170410.02,EPIC 201170410,6.7987,0.093,nan,0.0,nan,3648.0,0.28,0.29
EPIC 201757695.02,EPIC 201757695,2.0478,0.081,nan,0.0,nan,4520.0,0.66,0.73
TOI-954 b,TOI-954,3.6849729,0.852,0.174,0.14,1526.0,5710.0,1.89,1.2
K2-329 b,K2-329,12.4551225,0.774,0.26,0.0697,650.0,5282.0,0.82,0.9
MOA-2013-BLG-220L b,MOA-2013-BLG-220L,nan,nan,2.74,nan,nan,nan,nan,0.88
TOI-481 b,TOI-481,10.33111,0.99,1.53,0.153,1370.0,5735.0,1.66,1.14
TOI-892 b,TOI-892,10.62656,1.07,0.95,0.125,1397.0,6261.0,1.39,1.28
TIC 237913194 b,TIC 237913194,15.168865,1.117,1.942,0.575,974.0,5788.0,1.09,1.03
HD 190007 b,HD 190007,11.724128,nan,0.04877,0.136,nan,4610.0,nan,0.77
HD 216520 b,HD 216520,35.45,nan,0.03228,0.09,nan,5103.0,0.76,0.82
HD 216520 c,HD 216520,154.43,nan,0.0297,0.12,nan,5103.0,0.76,0.82
TOI-122 b,TOI-122,5.07803,0.243,nan,0.0,471.0,3403.0,0.33,0.31
TOI-237 b,TOI-237,5.436098,0.128,nan,0.0,388.0,3212.0,0.21,0.18
WASP-186 b,WASP-186,5.026799,1.11,4.22,0.33,nan,6361.0,1.47,1.22
WASP-187 b,WASP-187,5.147878,1.64,0.8,0.0,nan,6150.0,2.83,1.54
K2-111 c,K2-111,15.6805,nan,0.03486,0.071,nan,5775.0,1.25,0.84
LP 714-47 b,LP 714-47,4.052037,0.419,0.09691,0.04,700.0,3950.0,0.58,0.59
TOI-942 b,TOI-942,4.32421,0.347,nan,0.34,nan,nan,0.89,0.82
TOI-942 c,TOI-942,10.156272,0.417,nan,0.32,nan,nan,0.89,0.82
WASP-107 c,WASP-107,1088.0,nan,0.36,0.28,nan,4425.0,0.67,0.68
TOI-251 b,TOI-251,4.93777,0.244,1.0,0.0,nan,5875.0,0.88,1.04
HAT-P-68 b,HAT-P-68,2.29840551,1.072,0.724,0.041,1027.8,4508.0,0.67,0.68
TOI-776 b,TOI-776,8.24662,0.16,0.01573,0.052,520.0,3725.0,0.55,0.54
TOI-776 c,TOI-776,15.665323,0.183,0.02171,0.089,420.0,3725.0,0.55,0.54
TOI-561 b,TOI-561,0.4465688,0.127,0.00629,0.0,2310.0,5372.0,0.84,0.81
TOI-561 c,TOI-561,10.778831,0.26,0.01696,0.03,800.0,5372.0,0.84,0.81
TOI-561 d,TOI-561,25.7124,0.252,0.04153,0.122,598.0,5372.0,0.84,0.81
TOI-561 e,TOI-561,77.03,0.227,0.03964,0.079,415.0,5372.0,0.84,0.81
HD 108236 b,HD 108236,3.795963,0.144,nan,0.045,nan,5660.0,0.88,0.87
HD 108236 c,HD 108236,6.203449,0.185,nan,0.034,nan,5660.0,0.88,0.87
HD 108236 d,HD 108236,14.175685,0.227,nan,0.055,nan,5660.0,0.88,0.87
HD 108236 e,HD 108236,19.590025,0.275,nan,0.058,nan,5660.0,0.88,0.87
TOI-564 b,TOI-564,1.651144,1.02,1.463,0.072,1714.0,5640.0,1.09,1.0
TOI-905 b,TOI-905,3.739494,1.171,0.667,0.024,1192.0,5570.0,0.92,0.97
TOI-451 b,TOI-451,1.858703,0.17,nan,0.0,1491.0,5550.0,0.88,0.95
TOI-451 c,TOI-451,9.192522,0.277,nan,0.0,875.0,5550.0,0.88,0.95
TOI-451 d,TOI-451,16.364988,0.363,nan,0.0,722.0,5550.0,0.88,0.95
HD 108236 f,HD 108236,29.54115,0.18,nan,0.051,nan,5660.0,0.88,0.87
NGTS-13 b,NGTS-13,4.119027,1.142,4.84,0.086,1605.0,5819.0,1.79,1.3
HD 110113 b,HD 110113,2.541,0.183,0.01432,0.093,1371.0,5732.0,0.97,1.0
Kepler-295 b,Kepler-295,12.645164,0.109,nan,nan,nan,5603.0,0.9,nan
HD 110113 c,HD 110113,6.744,nan,0.03304,0.045,990.0,5732.0,0.97,1.0
TOI-178 b,TOI-178,1.914558,0.103,0.00472,nan,1040.0,4316.0,0.65,0.65
TOI-178 c,TOI-178,3.23845,0.149,0.01501,nan,873.0,4316.0,0.65,0.65
TOI-178 d,TOI-178,6.5577,0.229,0.00947,nan,690.0,4316.0,0.65,0.65
TOI-178 e,TOI-178,9.961881,0.197,0.01214,nan,600.0,4316.0,0.65,0.65
TOI-178 f,TOI-178,15.231915,0.204,0.02429,nan,521.0,4316.0,0.65,0.65
TOI-178 g,TOI-178,20.7095,0.256,0.0124,nan,470.0,4316.0,0.65,0.65
HD 4760 b,HD 4760,434.0,nan,13.9,0.23,nan,4076.0,42.4,1.05
HD 96992 b,HD 96992,514.0,nan,1.14,0.41,nan,4725.0,7.43,0.96
TYC 0434-04538-1 b,TYC 0434-04538-1,193.2,nan,6.1,0.08,nan,4679.0,9.99,1.04
Kepler-839 b,Kepler-839,37.8144514,0.229,nan,nan,nan,6058.0,1.31,1.22
HD 183579 b,HD 183579,17.471291,0.311,0.06419,0.061,752.0,5784.0,0.96,1.0
NGTS-14 A b,NGTS-14 A,3.5357173,0.444,0.092,0.0,1143.0,5187.0,0.84,0.9
HD 110082 b,HD 110082,10.18271,0.285,nan,0.2,nan,6200.0,1.19,1.21
K2-138 g,K2-138,41.96797,0.269,0.01359,0.059,nan,5356.3,0.86,0.94
TOI-628 b,TOI-628,3.4095675,1.06,6.33,0.072,1586.0,6250.0,1.34,1.31
TOI-640 b,TOI-640,5.0037775,1.771,0.88,0.05,1749.0,6460.0,2.08,1.54
TOI-1333 b,TOI-1333,4.720219,1.396,2.37,0.073,1679.0,6274.0,1.93,1.46
TOI-1478 b,TOI-1478,10.180249,1.06,0.851,0.024,918.0,5597.0,1.05,0.95
TOI-1601 b,TOI-1601,5.33175,1.267,1.21764,0.0,1493.97161272,5982.0,2.19,1.51
GJ 251 b,GJ 251,14.238,nan,0.01259,0.1,351.0,3451.0,0.36,0.36
HD 238090 b,HD 238090,13.671,nan,0.02168,0.3,469.6,3933.0,0.57,0.58
GJ 486 b,GJ 486,1.46712127,0.115,0.00872,0.00086,696.3,3317.0,0.32,0.31
GJ 414 A b,GJ 414 A,50.8,0.235,0.02391,0.45,308.6,4120.0,0.68,0.65
GJ 414 A c,GJ 414 A,749.83,0.749,0.16937,0.105,124.7,4120.0,0.68,0.65
OGLE-2018-BLG-1428L b,OGLE-2018-BLG-1428L,nan,nan,0.77,nan,nan,nan,nan,0.43
OGLE-2017-BLG-1049L b,OGLE-2017-BLG-1049L,nan,nan,5.53,nan,nan,nan,nan,0.55
GJ 740 b,GJ 740,2.37756,nan,0.00931,0.24,829.0,3913.0,0.56,0.58
TOI-201 b,TOI-201,52.97818,1.008,0.42,0.28,759.0,6394.0,1.32,1.32
HD 60292 b,HD 60292,495.4,nan,6.5,0.27,nan,4348.0,27.0,1.7
Kepler-838 b,Kepler-838,15.74957994,0.244,nan,nan,nan,5770.0,0.96,0.98
HD 112640 b,HD 112640,613.2,nan,5.0,0.24,nan,4155.0,39.0,1.8
TOI-519 b,TOI-519,1.2652328,1.03,0.463,0.33,687.0,3322.0,0.35,0.34
NGTS-15 b,NGTS-15,3.27623,1.1,0.751,0.0,1146.0,5600.0,0.95,0.99
NGTS-16 b,NGTS-16,4.84532,1.3,0.667,0.0,1177.0,5550.0,1.21,1.0
NGTS-17 b,NGTS-17,3.24253,1.24,0.764,0.0,1457.0,5650.0,1.34,1.02
NGTS-18 b,NGTS-18,3.05125,1.21,0.409,0.0,1381.0,5610.0,1.39,1.0
LHS 1478 b,LHS 1478,1.9495378,0.111,0.00733,nan,595.0,3381.0,0.25,0.24
TOI-257 b,TOI-257,18.38818,0.639,0.138,0.0,1027.0,6095.0,1.87,1.41
HD 5278 b,HD 5278,14.339156,0.219,0.02454,0.08,943.0,6203.0,1.19,1.13
HD 5278 c,HD 5278,40.87,nan,0.05789,0.07,nan,6203.0,1.19,1.13
Kepler-106 c,Kepler-106,13.5708,0.223,0.033,nan,nan,5858.0,1.04,1.0
Kepler-837 b,Kepler-837,16.56059504,0.228,nan,nan,nan,5403.0,0.81,0.85
HIP 56640 b,HIP 56640,2675.57603,nan,6.77,0.118,nan,nan,nan,1.75
HIP 75092 b,HIP 75092,926.4,nan,1.79,0.42,nan,4891.0,4.53,1.28
HIP 90988 b,HIP 90988,455.73816,nan,2.102,0.081,nan,nan,nan,1.61
HIP 114933 b,HIP 114933,1481.6,nan,1.94,0.21,nan,4823.0,5.27,1.39
TOI-269 b,TOI-269,3.6977104,0.247,0.02769,0.425,531.0,3514.0,0.4,0.39
CFHTWIR-Oph 98 b,CFHTWIR-Oph 98 A,8040000.0,1.86,7.8,nan,1800.0,2320.0,0.24,0.01
TOI-220 b,TOI-220,10.695264,0.27,0.04342,0.032,805.0,5298.0,0.86,0.82
YSES 2 b,YSES 2,nan,nan,6.3,nan,nan,4749.0,1.19,1.1
TOI-1444 b,TOI-1444,0.4702743,0.126,0.01126,0.0,2130.01904707,5460.0,0.91,0.95
Kepler-1749 b,Kepler-1749,14.53409958,0.144,nan,nan,nan,3957.0,0.55,0.55
TOI-1231 b,TOI-1231,24.245586,0.326,0.04845,0.087,329.6,3553.0,0.48,0.48
BD+45 564 b,BD+45 564,307.88,nan,1.36,0.12,nan,5004.0,nan,0.81
BD+55 362 b,BD+55 362,265.59,nan,0.72,0.27,nan,5012.0,nan,0.91
BD+63 1405 b,BD+63 1405,1198.48,nan,3.96,0.88,nan,5000.0,nan,0.82
HD 124330 b,HD 124330,270.66,nan,0.75,0.34,nan,5873.0,nan,1.15
HD 155193 b,HD 155193,352.65,nan,0.75,0.21,nan,6239.0,nan,1.22
HD 331093 b,HD 331093,621.62,nan,1.5,0.59,nan,5544.0,nan,1.03
HD 152843 b,HD 152843,11.6264,0.304,0.03637,0.14,nan,6310.0,1.43,1.15
HD 152843 c,HD 152843,24.38,0.52,0.08652,0.115,nan,6310.0,1.43,1.15
HD 107148 c,HD 107148,18.3267,nan,0.0626,0.34,nan,5752.92,1.17,1.11
HD 136925 b,HD 136925,4540.0,nan,0.84,0.103,nan,5773.19,1.19,0.88
HD 141004 b,HD 141004,15.5083,nan,0.0429,0.16,nan,5885.38,1.39,1.05
HD 145675 c,14 Her,15732.45889,nan,5.025,0.393,nan,nan,nan,0.91
HD 156668 c,HD 156668,811.3,nan,0.0991,0.089,nan,4903.69,0.77,0.79
HD 164922 e,HD 164922,41.763,nan,0.0331,0.086,nan,5393.43,1.0,0.92
HD 168009 b,HD 168009,15.1479,nan,0.03,0.12,nan,5778.33,1.21,0.99
HD 213472 b,HD 213472,17000.0,nan,3.5,0.53,nan,5729.54,1.43,1.05
HD 24040 c,HD 24040,515.4,nan,0.201,0.11,nan,5776.49,1.39,1.1
HD 26161 b,HD 26161,10942.29013,nan,28.46,0.922,nan,nan,nan,1.12
Kepler-836 b,Kepler-836,11.36112327,0.244,nan,nan,nan,5895.0,1.04,1.03
HD 3765 b,HD 3765,1211.0,nan,0.173,0.298,nan,5049.8,0.83,0.85
HD 66428 c,HD 66428,10478.84437,nan,1.764,0.207,nan,nan,nan,1.01
HD 68988 c,HD 68988,16000.0,nan,15.0,0.45,nan,5883.41,1.26,1.17
HD 95735 c,GJ 411,2946.0,nan,0.04279,0.132,nan,3719.0,0.37,0.39
WASP-110 b,WASP-110,3.77840121,1.238,0.51,0.0,nan,5400.0,nan,nan
Kepler-129 d,Kepler-129,2646.0,nan,8.3,0.15,nan,5770.0,1.65,1.18
GJ 849 c,GJ 849,5990.0,nan,0.99,0.092,nan,3467.0,0.45,0.45
TOI-674 b,TOI-674,1.977143,0.468,0.07425,0.0,635.0,3514.0,0.42,0.42
TOI-1685 b,TOI-1685,0.66913924,0.131,0.00953,0.0,1062.0,3575.0,0.46,0.45
TOI-1260 b,TOI-1260,3.127463,0.215,0.02693,0.0,871.0,4227.0,0.67,0.68
Kepler-835 b,Kepler-835,11.41909375,0.249,nan,nan,nan,5954.0,1.11,1.08
TOI-1260 c,TOI-1260,7.493134,0.246,0.04153,0.0,651.0,4227.0,0.67,0.68
TOI-1634 b,TOI-1634,0.9893455,0.158,0.02382,0.0,nan,3472.0,0.45,0.45
GJ 720 A b,GJ 720 A,19.466,nan,0.04292,0.12,401.0,3837.0,0.56,0.57
G 264-012 b,G 264-012,2.30538,nan,0.00787,nan,587.0,3326.0,0.3,0.3
G 264-012 c,G 264-012,8.0518,nan,0.0118,nan,387.0,3326.0,0.3,0.3
GJ 393 b,GJ 393,7.02679,nan,0.00538,nan,485.0,3579.0,0.43,0.43
TOI-1259 A b,TOI-1259 A,3.477978,1.022,0.441,0.0,963.0,4775.0,0.71,0.74
TOI-1807 b,TOI-1807,0.54937097,0.134,0.00768,0.0,1694.09703376,4914.0,0.75,0.8
TOI-2076 b,TOI-2076,10.355096,0.247,0.05066,0.0,687.676490765,5192.0,0.8,0.86
TOI-2076 c,TOI-2076,21.015327,0.33,0.17305,0.0,543.158366233,5192.0,0.8,0.86
Kepler-834 b,Kepler-834,13.32388301,0.18,nan,nan,nan,4554.0,0.66,0.7
TOI-2076 d,TOI-2076,35.125686,0.306,0.09124,0.0,457.682045097,5192.0,0.8,0.86
HAT-P-58 b,HAT-P-58,4.0138379,1.332,0.372,0.073,1622.0,6078.0,1.53,1.03
HAT-P-59 b,HAT-P-59,4.1419771,1.123,1.54,0.03,1277.8,5678.0,1.1,1.01
HAT-P-60 b,HAT-P-60,4.7947813,1.631,0.574,0.25,1772.0,6212.0,2.2,1.44
HAT-P-61 b,HAT-P-61,1.90231289,0.899,1.057,0.113,1505.0,5587.0,0.94,1.0
HAT-P-62 b,HAT-P-62,2.6453235,1.073,0.761,0.101,1512.0,5629.0,1.17,1.02
HAT-P-63 b,HAT-P-63,3.377728,1.119,0.614,0.069,1237.0,5400.0,0.97,0.93
HAT-P-64 b,HAT-P-64,4.007232,1.703,0.58,0.101,1766.0,6457.0,1.74,1.3
TOI-1749 b,TOI-1749,2.38839,0.124,0.17934,0.14,831.0,3985.0,0.55,0.58
TOI-1749 c,TOI-1749,4.4929,0.189,0.04405,0.019,673.0,3985.0,0.55,0.58
Kepler-833 b,Kepler-833,18.7546998,0.18,nan,nan,nan,4339.0,0.62,0.64
TOI-1749 d,TOI-1749,9.0497,0.225,0.0472,0.062,533.0,3985.0,0.55,0.58
HD 27969 b,HD 27969,654.5,nan,4.8,0.182,261.0,5966.0,1.27,1.16
HD 80869 b,HD 80869,1752.92067,nan,5.065,0.924,nan,nan,nan,1.06
HD 95544 b,HD 95544,2041.54152,nan,6.021,0.049,nan,nan,nan,1.01
HD 109286 b,HD 109286,520.1,nan,2.99,0.338,259.4,5694.0,1.09,0.98
HD 115954 b,HD 115954,3700.0,nan,8.29,0.487,144.9,5957.0,1.21,1.18
HD 211403 b,HD 211403,223.8,nan,5.54,0.084,380.0,6273.0,1.21,1.2
TOI-1062 b,TOI-1062,4.11296,0.202,0.03194,0.177,1077.0,5328.0,0.84,0.94
TOI-1062 c,TOI-1062,7.972,nan,0.03077,0.14,859.0,5328.0,0.84,0.94
TOI-1278 b,TOI-1278,14.47567,1.09,18.5,0.013,nan,3799.0,0.57,0.54
Kepler-832 b,Kepler-832,7.1396941,0.184,nan,nan,nan,5596.0,0.9,0.92
KMT-2018-BLG-1976L b,KMT-2018-BLG-1976L,nan,nan,2.22,nan,nan,nan,nan,0.65
KMT-2018-BLG-1996L b,KMT-2018-BLG-1996L,nan,nan,1.09,nan,nan,nan,nan,0.69
OGLE-2019-BLG-0954L b,OGLE-2019-BLG-0954L,nan,nan,14.2,nan,nan,nan,nan,0.8
KIC 8121913 b,KIC 8121913,3.294601,nan,2.1,nan,nan,5975.3,2.23,1.46
KIC 10068024 b,KIC 10068024,2.073549,nan,2.0,nan,nan,6118.4,1.57,1.22
KIC 5479689 b,KIC 5479689,1.701531,nan,0.5,nan,nan,5459.1,0.89,0.97
KMT-2019-BLG-0371L b,KMT-2019-BLG-0371L,nan,nan,7.7,nan,nan,nan,nan,0.09
AU Mic c,AU Mic,18.85969,0.225,nan,0.00338,459.0,3678.0,0.74,0.51
TOI-2406 b,TOI-2406,3.0766891,0.255,0.04908,0.17,449.0,3100.0,0.2,0.17
TOI-532 b,TOI-532,2.3266508,0.519,0.1935,0.0,867.0,3927.0,0.61,0.64
TOI-431 b,TOI-431,0.490047,0.114,0.00966,0.0,1862.0,4850.0,0.73,0.78
TOI-431 c,TOI-431,4.8494,nan,0.0089,0.0,867.0,4850.0,0.73,0.78
TOI-431 d,TOI-431,12.46103,0.294,0.03115,0.0,633.0,4850.0,0.73,0.78
COCONUTS-2 b,COCONUTS-2 A,nan,1.11,8.0,nan,nan,3406.0,0.39,0.37
TOI-2202 b,TOI-2202,11.9101,1.01,0.978,0.042,nan,5144.0,0.79,0.82
TOI-2202 c,TOI-2202,24.6744,nan,0.369,0.0622,nan,5144.0,0.79,0.82
L 98-59 e,L 98-59,12.796,nan,0.00963,0.128,342.0,3415.0,0.3,0.27
K2-331 b,K2-331,9.398977,0.16,nan,nan,909.0,5994.0,1.06,1.1
K2-350 b,K2-350,4.163873,0.137,nan,nan,1158.0,5789.0,1.04,0.98
K2-352 b,K2-352,3.665912,0.122,nan,nan,1160.0,5791.0,0.95,0.98
K2-353 b,K2-353,15.466805,0.495,nan,nan,735.0,5698.0,0.99,0.87
KMT-2019-BLG-1715L b,KMT-2019-BLG-1715L,nan,nan,2.56,nan,nan,nan,nan,0.61
KMT-2018-BLG-1025L b,KMT-2018-BLG-1025L,nan,nan,0.01906,nan,nan,nan,nan,0.22
TOI-1518 b,TOI-1518,1.902603,1.875,2.3,0.01,2492.0,7300.0,1.95,1.79
TIC 172900988 b,TIC 172900988 Aa,200.452,1.004,2.96386,0.0271,nan,6050.0,1.38,1.24
K2-355 b,K2-355,5.7385647,0.201,nan,nan,1066.0,5790.0,0.92,0.96
K2-356 b,K2-356,21.0267366,0.204,nan,nan,624.0,5568.0,0.86,0.9
K2-357 b,K2-357,16.3488637,0.332,nan,nan,735.0,5794.0,1.0,0.98
K2-358 b,K2-358,11.2510285,0.239,nan,nan,888.0,5650.0,0.91,0.93
HD 22496 b,HD 22496,5.09071,nan,0.01753,nan,573.0,4385.0,0.67,0.68
OGLE-2018-BLG-0567L b,OGLE-2018-BLG-0567L,nan,nan,0.32,nan,nan,nan,nan,0.25
OGLE-2018-BLG-0962L b,OGLE-2018-BLG-0962L,nan,nan,1.34,nan,nan,nan,nan,0.54
TOI-1201 b,TOI-1201,2.4919863,0.215,0.01976,0.0,703.0,3476.0,0.51,0.51
GPX-1 b,GPX-1,1.744579,1.47,19.7,0.0,2300.0,7000.0,1.56,1.68
TOI-558 b,TOI-558,14.574071,1.086,3.61,0.298,1061.0,6466.0,1.5,1.35
TOI-559 b,TOI-559,6.9839095,1.091,6.01,0.151,1180.0,5925.0,1.23,1.03
TIC 257060897 b,TIC 257060897,3.660028,1.49,0.67,0.03,1762.0,nan,1.82,1.32
TOI-1431 b,TOI-1431,2.650237,1.49,3.12,0.0022,2370.0,7690.0,1.92,1.9
KMT-2018-BLG-1743L b,KMT-2018-BLG-1743L,nan,nan,0.245,nan,nan,nan,nan,0.19
TOI-530 b,TOI-530,6.387597,0.83,0.4,0.0,565.0,3659.0,0.54,0.53
Kepler-1748 b,Kepler-1748,5.82352018,0.242,nan,nan,nan,5774.0,0.86,0.92
TOI-1789 b,TOI-1789,3.208664,1.44,0.7,nan,1927.0,5991.0,2.17,1.51
TOI-1296 b,TOI-1296,3.9443736,1.259,0.29985,0.0,1414.83526699,5567.0,1.7,1.16
TOI-1298 b,TOI-1298,4.537143,0.862,0.31149,0.0,1278.00384609,5752.0,1.45,1.22
HD 63935 b,HD 63935,9.058807,0.26,0.03304,0.0,825.21871538,5513.0,0.96,0.94
HD 63935 c,HD 63935,21.4027,0.273,0.03492,0.0,619.590549315,5513.0,0.96,0.94
TOI-3362 b,TOI-3362,18.09547,1.142,5.029,0.815,nan,6532.0,1.83,1.45
OGLE-2018-BLG-1185L b,OGLE-2018-BLG-1185L,nan,nan,0.02643,nan,nan,nan,nan,0.37
HD 25723 b,HD 25723,457.01,nan,2.5,0.04,nan,4766.0,13.76,2.12
17 Sco b,17 Sco,578.38,nan,4.32,0.06,nan,4157.0,25.92,1.22
GJ 9689 b,GJ 9689,18.27,nan,0.03036,0.29,453.04,3836.0,0.57,0.59
EPIC 201427007 b,EPIC 201427007,0.72091,0.134,nan,nan,nan,5633.0,0.94,nan
EPIC 212624936 b,EPIC 212624936,0.578657,0.107,nan,nan,nan,5765.0,0.93,nan
EPIC 220492298 b,EPIC 220492298,0.762406,0.088,nan,nan,nan,5620.0,0.89,nan
TOI-2285 b,TOI-2285,27.26955,0.155,0.06135,0.3,284.0,3491.0,0.46,0.45
CD Cet b,CD Cet,2.2907,nan,0.01243,nan,464.0,3130.0,0.17,0.16
LHS 1678 b,LHS 1678,0.8602325,0.061,nan,0.033,nan,3490.0,0.33,0.34
LHS 1678 c,LHS 1678,3.694284,0.084,nan,0.039,nan,3490.0,0.33,0.34
HD 39194 b,HD 39194,5.6368,nan,0.01259,0.207,nan,5205.0,nan,0.67
HD 39194 c,HD 39194,14.03,nan,0.01982,0.154,nan,5205.0,nan,0.67
HD 39194 d,HD 39194,33.91,nan,0.01259,0.333,nan,5205.0,nan,0.67
Kepler-294 c,Kepler-294,6.6264,0.242,nan,nan,nan,5913.0,0.98,nan
HD 93385 b,HD 93385,7.3426,nan,0.01321,0.295,nan,5977.0,nan,1.04
HD 93385 c,HD 93385,13.18,nan,0.02234,0.2,nan,5977.0,nan,1.04
HD 93385 d,HD 93385,45.85,nan,0.02737,0.09,nan,5977.0,nan,1.04
HD 96700 b,HD 96700,8.1245,nan,0.028,0.138,nan,5845.0,nan,0.89
HD 96700 c,HD 96700,19.88,nan,0.01101,0.293,nan,5845.0,nan,0.89
HD 96700 d,HD 96700,103.5,nan,0.03996,0.27,nan,5845.0,nan,0.89
HD 154088 b,HD 154088,18.56,nan,0.02077,0.344,nan,5374.0,nan,0.91
HD 189567 b,HD 189567,14.288,nan,0.02674,0.189,nan,5726.0,nan,0.83
HD 189567 c,HD 189567,33.688,nan,0.02202,0.16,nan,5726.0,nan,0.83
HIP 97166 b,HIP 97166,10.288914,0.221,0.0601,0.29,701.661168377,5216.0,0.84,0.93
Kepler-1747 b,Kepler-1747,6.23031998,0.381,nan,nan,nan,5477.0,0.86,0.98
HIP 97166 c,HIP 97166,16.432,nan,0.02517,0.0,nan,5216.0,0.84,0.93
TOI-2257 b,TOI-2257,35.189346,0.196,nan,0.496,256.0,3430.0,0.31,0.33
KMT-2016-BLG-2605L b,KMT-2016-BLG-2605L,nan,nan,0.771,nan,nan,nan,nan,0.06
HD 29399 b,HD 29399,892.7,nan,1.57,0.05,nan,4845.0,4.5,1.17
OGLE-2019-BLG-0304L b,OGLE-2019-BLG-0304L,nan,nan,0.51,nan,nan,nan,nan,0.27
HD 207897 b,HD 207897,16.20166,0.209,0.04657,0.0,581.74544183,5106.0,0.78,0.82
HD 137496 b,HD 137496,1.62116,0.117,0.01271,0.0,2130.0,5799.0,1.59,1.04
HD 137496 c,HD 137496,479.9,nan,7.66,0.477,370.0,5799.0,1.59,1.04
K2-388 b,K2-388,6.339069,0.327,nan,nan,nan,5367.0,0.9,0.84
K2-389 b,K2-389,8.584043,0.195,nan,nan,nan,5782.0,1.08,0.8
K2-389 c,K2-389,20.851337,0.182,nan,nan,nan,5782.0,1.08,0.8
K2-390 b,K2-390,3.312792,0.416,nan,nan,nan,5558.0,0.97,0.79
K2-391 b,K2-391,4.622654,0.122,nan,nan,nan,5543.0,0.57,0.76
K2-392 b,K2-392,15.398723,0.165,nan,nan,nan,5726.0,1.06,0.84
Kepler-1990 b,Kepler-1990,1.73513619,0.292,nan,0.0,1554.0,5751.0,1.07,1.03
K2-370 b,K2-370,2.14084,0.286,nan,nan,nan,5377.0,0.97,0.98
K2-395 b,K2-395,4.803352,0.232,nan,nan,nan,5007.0,0.78,0.95
K2-395 c,K2-395,8.491282,0.303,nan,nan,nan,5007.0,0.78,0.95
K2-396 b,K2-396,0.673862,0.141,nan,nan,nan,5236.0,0.92,0.95
K2-397 b,K2-397,3.572326,0.216,nan,nan,nan,5387.0,0.97,0.94
Kepler-826 b,Kepler-826,4.48758907,0.112,nan,nan,nan,6079.0,1.15,1.05
K2-398 b,K2-398,6.393025,0.203,nan,nan,nan,5946.0,1.24,0.94
K2-398 c,K2-398,18.787839,0.455,nan,nan,nan,5946.0,1.24,0.94
K2-400 b,K2-400,3.865053,0.104,nan,nan,nan,3578.0,0.38,0.37
K2-401 b,K2-401,6.293099,0.202,nan,nan,nan,4213.0,0.68,0.87
Kepler-825 b,Kepler-825,3.77360059,0.136,nan,nan,nan,5976.0,1.08,1.03
K2-402 b,K2-402,17.27474,0.239,nan,nan,nan,5716.0,1.28,0.94
K2-403 b,K2-403,33.589979,0.476,nan,nan,nan,5511.0,0.89,0.78
K2-404 b,K2-404,13.115365,0.226,nan,nan,nan,3748.0,0.55,0.55
Kepler-824 b,Kepler-824,4.51436633,0.167,nan,nan,nan,6035.0,1.22,1.15
K2-405 b,K2-405,3.435471,0.408,nan,nan,nan,4927.0,0.77,1.03
K2-406 b,K2-406,22.549406,0.411,nan,nan,nan,5784.0,0.96,0.8
Kepler-823 b,Kepler-823,4.16809082,0.14,nan,nan,nan,5643.0,0.96,0.98
K2-407 b,K2-407,4.941907,0.114,nan,nan,nan,5563.0,0.93,0.88
K2-407 c,K2-407,9.22453,0.121,nan,nan,nan,5563.0,0.93,0.88
Kepler-822 b,Kepler-822,3.22296927,0.158,nan,nan,nan,5928.0,1.08,1.06
K2-408 b,K2-408,20.978959,0.15,nan,nan,nan,5335.0,0.78,0.81
Kepler-821 b,Kepler-821,1.92279873,0.117,nan,nan,nan,5191.0,0.8,0.84
K2-409 b,K2-409,1.908084,0.221,nan,nan,nan,5742.0,1.23,0.89
K2-374 b,K2-374,4.521953,0.142,nan,nan,nan,5789.0,0.91,0.73
K2-374 c,K2-374,16.43445,0.197,nan,nan,nan,5789.0,0.91,0.73
Kepler-58 b,Kepler-58,10.2184954,0.248,0.1117,nan,nan,5843.0,1.03,0.95
K2-376 b,K2-376,5.776475,0.155,nan,nan,nan,5937.0,1.15,0.91
Kepler-498 b,Kepler-498,9.61375356,0.27,nan,nan,nan,5744.0,0.96,0.98
Kepler-820 b,Kepler-820,127.8338098,0.543,nan,nan,nan,6260.0,1.36,1.23
GJ 367 b,GJ 367,0.3219225,0.062,0.00199,0.06,1365.0,3522.0,0.46,0.46
TOI-2109 b,TOI-2109,0.67247414,1.347,5.02,nan,3646.0,6540.0,1.7,1.45
TOI-1842 b,TOI-1842,9.5739181,1.102,0.28128,0.276,1199.55036721,6039.0,2.03,1.46
2M0437 b,2MASS J04372171+2651014,nan,nan,4.0,nan,1450.0,3100.0,0.84,0.17
HATS-74 A b,HATS-74 A,1.73185606,1.032,1.46,0.044,895.1,3776.9,0.58,0.6
HATS-75 b,HATS-75,2.7886556,0.884,0.491,0.064,772.3,3790.4,0.58,0.6
HATS-76 b,HATS-76,1.9416423,1.079,2.629,0.062,939.8,4016.0,0.63,0.66
HATS-77 b,HATS-77,3.0876262,1.165,1.374,0.045,828.3,4071.0,0.64,0.66
Kepler-1708 b,Kepler-1708,737.1131,0.889,4.6,0.4,nan,6157.0,1.12,1.09
Kepler-1705 c,Kepler-1705,11.28,0.183,0.01705,0.028,nan,6312.0,1.26,1.14
Kepler-288 c,Kepler-288,19.305772,0.254,nan,nan,nan,5918.0,1.09,nan
BD+60 1417 b,BD+60 1417,nan,1.31,15.0,nan,1303.0,4993.0,0.8,1.0
HD 360 b,HD 360,273.1,nan,0.75,0.139,nan,4770.0,10.86,1.69
HD 10975 b,HD 10975,283.8,nan,0.45,0.442,nan,4840.0,11.16,1.41
HD 79181 b,HD 79181,273.1,nan,0.64,0.259,nan,4862.0,11.06,1.28
HD 99283 b,HD 99283,310.4,nan,0.97,0.2,nan,4886.0,11.21,1.76
ups Leo b,ups Leo,385.2,nan,0.51,0.32,nan,4836.0,11.22,1.48
HD 161178 b,HD 161178,279.3,nan,0.57,0.044,nan,4786.0,10.95,1.06
HD 219139 b,HD 219139,275.5,nan,0.78,0.11,nan,4831.0,11.22,1.46
gam Psc b,gam Psc,555.1,nan,1.34,0.204,nan,4742.0,11.2,0.99
HIP 5763 b,HIP 5763,30.014,nan,0.51,0.054,nan,nan,nan,0.72
HIP 34222 b,HIP 34222,159.986,nan,0.83,0.305,nan,nan,nan,0.62
HIP 86221 b,HIP 86221,2.224,nan,0.71,0.086,nan,nan,nan,0.79
OGLE-2019-BLG-0960L b,OGLE-2019-BLG-0960L,nan,nan,0.00787,nan,nan,nan,nan,0.5
TOI-2180 b,TOI-2180,260.79,1.01,2.755,0.3683,348.0,5695.0,1.64,1.11
OGLE-2018-BLG-0383L b,OGLE-2018-BLG-0383L,nan,nan,0.02014,nan,nan,nan,nan,0.1
LTT 1445 A c,LTT 1445 A,3.1239035,0.102,0.00485,0.223,508.0,3340.0,0.27,0.26
KMT-2021-BLG-0322L b,KMT-2021-BLG-0322L,nan,nan,6.4,nan,nan,nan,nan,0.62
OGLE-2018-BLG-0532L b,OGLE-2018-BLG-0532L,nan,nan,0.0196,nan,nan,nan,nan,0.2
b Cen AB b,b Cen A,1790000.0,nan,10.9,0.4,nan,nan,nan,5.5
TOI-1064 b,TOI-1064,6.443868,0.231,0.04248,0.047,784.0,4734.0,0.73,0.75
TOI-1064 c,TOI-1064,12.226574,0.237,0.00787,0.088,634.0,4734.0,0.73,0.75
HD 22532 b,HD 22532,872.6,nan,2.12,0.03,nan,5038.0,5.69,1.57
HD 64121 b,HD 64121,623.0,nan,2.56,0.11,nan,5078.0,5.44,1.64
HD 69123 b,HD 69123,1193.3,nan,3.04,0.19,nan,4842.0,7.72,1.68
TOI-2184 b,TOI-2184,6.90683,1.017,0.65,0.08,nan,5966.0,2.9,1.53
TOI-1268 b,TOI-1268,8.1577094,0.812,0.30331,0.105,918.9,5300.0,0.92,0.96
TOI-2337 b,TOI-2337,2.99432,0.9,1.6,0.019,nan,4780.0,3.22,1.32
Kepler-819 b,Kepler-819,33.1995648,0.246,nan,nan,nan,5279.0,0.81,0.86
TOI-4329 b,TOI-4329,2.9223,1.5,0.45,0.068,nan,6000.0,2.31,1.54
TOI-2669 b,TOI-2669,6.2034,1.76,0.61,0.09,nan,4800.0,4.1,1.19
TOI-206 b,TOI-206,0.7363104,0.116,nan,nan,910.0,3383.0,0.35,0.35
TOI-500 b,TOI-500,0.548177,0.104,0.00447,0.063,1617.0,4440.0,0.68,0.74
TOI-544 b,TOI-544,1.548352,0.18,0.00909,0.0,999.0,4169.0,0.62,0.63
TOI-833 b,TOI-833,1.0418777,0.113,nan,nan,1118.0,3920.0,0.6,0.61
TOI-1075 b,TOI-1075,0.6047328,0.16,0.03131,0.0,1323.0,3875.0,0.58,0.6
TOI-1411 b,TOI-1411,1.4520527,0.107,0.00629,0.0,976.397704298,4115.0,0.61,0.6
TOI-1442 b,TOI-1442,0.4090677,0.104,nan,nan,1072.0,3330.0,0.31,0.29
TOI-1693 b,TOI-1693,1.7666957,0.126,nan,nan,764.0,3499.0,0.46,0.49
TOI-1860 b,TOI-1860,1.0662107,0.117,nan,nan,1885.0,5752.0,0.94,0.99
TOI-2260 b,TOI-2260,0.3524728,0.145,nan,nan,2609.0,5534.0,0.94,0.99
TOI-2411 b,TOI-2411,0.7826942,0.15,nan,nan,1355.0,4099.0,0.68,0.65
TOI-2427 b,TOI-2427,1.3060011,0.161,nan,nan,1117.0,4072.0,0.65,0.64
TOI-2445 b,TOI-2445,0.3711281,0.112,nan,nan,1060.0,3333.0,0.27,0.25
GJ 3929 b,GJ 3929,2.616235,0.097,0.00551,0.0,568.0,3384.0,0.32,0.31
TOI-1759 b,TOI-1759,18.85019,0.28,0.03398,0.0,443.0,4065.0,0.6,0.61
KMT-2017-BLG-2509L b,KMT-2017-BLG-2509L,nan,nan,2.09,nan,nan,nan,nan,0.46
OGLE-2017-BLG-1099L b,OGLE-2017-BLG-1099L,nan,nan,3.02,nan,nan,nan,nan,0.45
OGLE-2019-BLG-0299L b,OGLE-2019-BLG-0299L,nan,nan,6.22,nan,nan,nan,nan,0.59
KMT-2021-BLG-0912L b,KMT-2021-BLG-0912L,nan,nan,0.00884,nan,nan,nan,nan,0.8
KMT-2018-BLG-1988L b,KMT-2018-BLG-1988L,nan,nan,0.01749,nan,nan,nan,nan,0.47
K2-384 b,K2-384,2.231527,0.096,nan,nan,nan,3623.0,0.35,0.33
K2-396 c,K2-396,25.76051,0.279,nan,nan,nan,5236.0,0.92,0.95
WASP-189 b,WASP-189,2.724033,1.619,1.99,0.0,3353.0,8000.0,2.36,2.03
HD 73583 b,HD 73583,6.398042,0.249,0.03209,0.09,714.0,4511.0,0.65,0.73
HD 73583 c,HD 73583,18.87974,0.213,0.03052,0.08,498.0,4511.0,0.65,0.73
TOI-1670 b,TOI-1670,10.98462,0.184,0.13,0.59,1062.0,6170.0,1.32,1.21
TOI-1670 c,TOI-1670,40.74976,0.987,0.63,0.09,684.0,6170.0,1.32,1.21
HD 191939 e,HD 191939,101.12,nan,0.35302,0.031,390.0,5348.0,0.94,0.81
HD 191939 f,HD 191939,2200.0,nan,2.07659,nan,125.0,5348.0,0.94,0.81
OGLE-2014-BLG-0319L b,OGLE-2014-BLG-0319L,nan,nan,0.57,nan,nan,nan,nan,0.52
TOI-1227 b,TOI-1227,27.36397,0.854,nan,nan,nan,3072.0,0.56,0.17
Kepler-818 b,Kepler-818,10.03538581,0.456,nan,nan,nan,5638.0,0.92,0.94
AB Aur b,AB Aur,nan,nan,9.0,0.4,nan,9770.0,nan,2.4
TOI-620 b,TOI-620,5.0988179,0.335,nan,0.22,603.6,3708.0,0.55,0.58
GJ 514 b,GJ 514,140.43,nan,0.01636,0.45,202.0,3728.0,0.5,0.51
Kepler-451 c,2MASS J19383260+4603591,1460.0,nan,1.61,0.29,nan,29564.0,0.2,0.48
Kepler-817 b,Kepler-817,3.99010623,0.806,nan,nan,nan,5861.0,1.03,1.03
Kepler-451 d,2MASS J19383260+4603591,43.0,nan,1.76,0.0,nan,29564.0,0.2,0.48
pi Men d,HD 39091,124.64,nan,0.0421,0.22,nan,5998.0,1.19,1.07
TYC 2187-512-1 b,TYC 2187-512-1,691.9,nan,0.33,0.05,nan,3734.0,0.49,0.5
iot Dra c,iot Dra,25000.0,nan,15.6,0.455,nan,4504.0,11.79,1.54
TOI-1246 b,TOI-1246,4.30744,0.269,0.02549,nan,955.0,5151.0,0.86,0.87
TOI-1246 c,TOI-1246,5.904137,0.219,0.02863,0.0,862.48778231,5213.0,0.86,0.89
TOI-1246 d,TOI-1246,18.654874,0.306,0.01699,0.0,587.769591129,5213.0,0.86,0.89
TOI-1246 e,TOI-1246,37.92548,0.314,0.04562,0.0,463.975649541,5213.0,0.86,0.89
TOI-1696 b,TOI-1696,2.500311,0.276,0.15354,nan,489.0,3185.0,0.28,0.26
TOI-2136 b,TOI-2136,7.851928,0.195,0.02004,0.0,395.0,3342.0,0.34,0.34
HIP 94235 b,HIP 94235,7.713057,0.268,1.19247,0.32,1060.0,5991.0,1.08,1.09
TOI-1710 b,TOI-1710,24.283377,0.464,0.07048,0.0,602.98632344,5684.0,0.96,1.03
HD 103891 b,HD 103891,1919.0,nan,1.44,0.31,nan,6072.0,2.22,1.28
HD 105779 b,HD 105779,2412.0,nan,0.64,0.0,nan,5792.0,0.94,0.89
TOI-500 c,TOI-500,6.6356,nan,0.01583,0.072,nan,4440.0,0.68,0.74
TOI-500 d,TOI-500,26.233,nan,0.10421,0.016,nan,4440.0,0.68,0.74
TOI-500 e,TOI-500,61.3,nan,0.04735,0.073,nan,4440.0,0.68,0.74
TOI-1181 b,TOI-1181,2.103189,1.519,1.179,0.011,nan,6054.0,1.96,1.47
TOI-1516 b,TOI-1516,2.056014,1.36,3.16,nan,nan,6520.0,1.14,1.14
TOI-2046 b,TOI-2046,1.4971842,1.44,2.3,nan,nan,6250.0,1.21,1.13
WASP-132 c,WASP-132,1.011534,0.165,0.11752,0.13,nan,4714.0,0.75,0.78
Kepler-1656 c,Kepler-1656,1919.0,nan,0.4,0.527,nan,nan,1.1,1.03
Gaia-1 b,Gaia-1,3.052524,1.229,1.68,nan,nan,5470.0,0.95,0.95
Gaia-2 b,Gaia-2,3.6915224,1.322,0.817,nan,nan,5720.0,1.06,1.0
TOI-1107 b,TOI-1107,4.0782387,1.3,3.35,0.025,1728.0,6311.0,1.81,1.35
Ross 508 b,Ross 508,10.77,nan,0.01259,0.33,nan,3071.0,0.21,0.18
HD 83443 c,HD 83443,8241.0,nan,1.5,0.76,nan,5442.0,0.94,1.0
mu2 Sco b,mu2 Sco,nan,nan,14.4,0.56,nan,21700.0,5.6,9.1
HD 28109 b,HD 28109,22.89104,0.196,0.05819,0.3307,881.2,6120.0,1.45,1.26
HD 28109 c,HD 28109,56.00819,0.377,0.02499,0.1203,585.2,6120.0,1.45,1.26
Kepler-816 b,Kepler-816,10.50682565,0.914,nan,nan,nan,5286.0,0.85,0.9
HD 28109 d,HD 28109,84.25999,0.29,0.01787,0.0864,506.5,6120.0,1.45,1.26
HD 260655 b,HD 260655,2.76953,0.111,0.00673,0.039,709.0,3803.0,0.44,0.44
HD 260655 c,HD 260655,5.70588,0.137,0.00972,0.038,557.0,3803.0,0.44,0.44
HD 33142 d,HD 33142,89.9,nan,0.2,0.191,nan,5025.4,4.17,1.52
HD 19615 b,HD 19615,402.0,nan,8.5,0.2,nan,4263.0,32.3,1.1
HD 150010 b,HD 150010,562.0,nan,2.4,0.2,nan,4153.0,16.2,1.3
HD 174205 b,HD 174205,582.0,nan,4.2,0.4,nan,4308.0,26.6,1.8
TOI-3714 b,TOI-3714,2.154849,1.01,0.7,0.03,750.0,3660.0,0.51,0.53
TOI-3629 b,TOI-3629,3.936551,0.74,0.26,0.05,690.0,3870.0,0.6,0.63
TOI-4479 b,TOI-4479,1.1589,0.252,nan,nan,861.0,3400.0,0.45,0.45
TOI-2081 b,TOI-2081,10.50534,0.182,nan,nan,488.0,3800.0,0.53,0.54
TOI-1272 b,TOI-1272,3.31599,0.369,0.08495,0.35,975.002388905,5065.0,0.79,0.88
TOI-1272 c,TOI-1272,8.6811,nan,0.06828,0.12,nan,5065.0,0.79,0.88
KOI-984 c,KOI-984,21.512,nan,0.6601,0.38,597.0,5295.0,0.82,0.93
TOI-5153 b,TOI-5153,20.33003,1.06,3.26,0.091,906.0,6300.0,1.4,1.24
NGTS-20 b,NGTS-20,54.18915,1.07,2.98,0.432,688.0,5980.0,1.78,1.47
HIP 21152 b,HIP 21152,22000.0,nan,24.0,0.36,1300.0,6655.0,nan,1.4
TOI-1422 b,TOI-1422,12.9972,0.353,0.02832,0.04,867.0,5840.0,1.02,0.98
GJ 3512 c,GJ 3512,1599.6,nan,0.2,0.0183,nan,3081.0,0.14,0.12
CoRoT-7 d,CoRoT-7,8.966,nan,0.05393,nan,nan,5250.0,nan,0.92
CoRoT-35 b,CoRoT-35,3.22748,1.68,1.1,0.0,1747.0,6390.0,1.65,1.01
CoRoT-36 b,CoRoT-36,5.616531,1.41,0.68,0.0,1567.0,6730.0,1.52,1.32
GJ 3929 c,GJ 3929,15.04,nan,0.01797,0.0,317.0,3384.0,0.32,0.31
HD 93963 A b,HD 93963 A,1.0376109,0.131,0.00881,0.0,1842.2334417,5908.0,1.03,1.08
HD 93963 A c,HD 93963 A,3.6451389,0.278,0.05789,0.0,1212.45218529,5908.0,1.03,1.08
KMT-2020-BLG-0414L b,KMT-2020-BLG-0414L,nan,nan,0.00302,nan,nan,nan,nan,0.26
KMT-2020-BLG-0414L c,KMT-2020-BLG-0414L,nan,nan,15.4,nan,nan,nan,nan,0.26
TOI-128.01,TOI-128,4.9404681,0.198,nan,nan,1344.509542,6086.0,1.13,0.85
TOI-139 b,TOI-139,11.07085,0.219,nan,nan,561.17,4570.0,0.7,0.69
Kepler-1743 b,Kepler-1743,7.64971018,0.143,nan,nan,nan,5855.0,1.61,1.27
Kepler-18 c,Kepler-18,7.64159,0.49,0.054,0.0,nan,5345.0,1.11,0.97
Kepler-815 b,Kepler-815,8.57503552,0.367,nan,nan,nan,5028.0,3.42,1.25
GJ 3090 b,GJ 3090,2.8531054,0.19,0.01051,0.32,693.0,3556.0,0.52,0.52
HD 18599 b,HD 18599,4.1374354,0.232,0.07583,0.34,nan,5145.0,0.77,0.86
TOI-181 b,TOI-181,4.532,0.634,0.1452,0.1543,895.1,4994.0,0.74,0.82
TOI-199 b,TOI-199,104.854,0.81,0.17,0.09,nan,5255.0,0.82,0.94
Kepler-814 b,Kepler-814,6.1469851,0.189,nan,nan,nan,6162.0,1.22,1.15
Kepler-1667 b,Kepler-1667,83.5781,0.266,nan,nan,nan,5941.54,1.09,1.09
Kepler-813 b,Kepler-813,19.12947337,0.191,nan,nan,nan,5743.0,0.93,0.95
Kepler-812 b,Kepler-812,10.11716531,0.317,nan,nan,nan,6761.0,1.71,1.45
TOI-238 b,TOI-238,1.273114,0.144,nan,nan,1456.61,5080.0,0.75,0.79
TOI-244 b,TOI-244,7.397225,0.136,0.00843,nan,458.0,3433.0,0.43,0.43
Kepler-811 b,Kepler-811,23.58447697,0.241,nan,nan,nan,5747.0,1.24,1.01
TOI-260 b,TOI-260,13.475853,0.153,0.01331,0.0,493.0,4026.0,0.61,0.62
TOI-261.01,TOI-261,3.3639254,0.271,nan,nan,1722.491293,5890.3,1.28,0.5
TOI-262 b,TOI-262,11.14529,0.185,nan,nan,584.0,5310.0,0.85,0.91
HIP 8152 b,HIP 8152,10.751014,0.226,0.028,0.0,794.961215528,5618.0,0.96,0.94
Kepler-287 c,Kepler-287,44.851896,0.291,nan,nan,nan,5806.0,1.03,nan
HIP 8152 c,HIP 8152,19.60562,0.225,0.03367,0.2,650.683853476,5618.0,0.96,0.94
TOI-277 b,TOI-277,3.994,0.236,nan,nan,nan,4031.0,0.36,0.16
Kepler-286 b,Kepler-286,1.796302,0.111,nan,nan,nan,5580.0,0.86,nan
TOI-286 b,TOI-286,4.5117244,0.127,0.01425,0.0,979.0,5152.0,0.78,0.83
TOI-286 c,TOI-286,39.361826,0.168,0.0117,0.0,475.0,5152.0,0.78,0.83
Kepler-69 b,Kepler-69,13.722341,0.2,nan,0.16,779.0,5638.0,0.93,0.81
Kepler-285 b,Kepler-285,2.633867,0.12,nan,nan,nan,5411.0,0.81,nan
Kepler-810 b,Kepler-810,4.59725385,0.172,nan,nan,nan,5803.0,1.04,1.03
Kepler-809 b,Kepler-809,55.63934,0.269,nan,nan,nan,5734.0,0.98,0.99
TOI-329 b,TOI-329,5.70439,0.441,0.12711,0.39,1213.01549712,5614.0,1.53,1.07
TOI-332 b,TOI-332,0.777038,0.285,0.17997,0.0,1871.0,5251.0,0.87,0.88
Kepler-284 b,Kepler-284,12.699149,0.2,nan,nan,nan,5615.0,0.81,nan
Kepler-808 b,Kepler-808,0.63133235,0.13,nan,nan,nan,4653.0,0.71,0.76
Kepler-432 b,Kepler-432,52.501129,1.145,5.41,0.5134,nan,4995.0,4.06,1.32
Kepler-283 b,Kepler-283,11.008151,0.19,nan,nan,nan,4351.0,0.57,nan
Kepler-463 b,Kepler-463,8.98101683,0.272,nan,nan,nan,5661.0,0.9,0.87
TOI-406.01,TOI-406,13.175682,0.186,0.02067,0.056,368.0,3392.0,0.41,0.41
TOI-406 c,TOI-406,3.307441,0.118,0.00654,0.032,584.0,3392.0,0.41,0.41
TOI-411 c,HD 22946,9.573083,0.208,0.03058,nan,931.0,6169.0,1.12,1.1
TOI-411 b,HD 22946,4.040295,0.122,0.04314,nan,1241.0,6169.0,1.12,1.1
TOI-444 b,TOI-444,17.9636,0.247,nan,nan,609.0,5225.0,0.78,0.96
HD 15906 b,HD 15906,10.924709,0.2,nan,0.11,668.0,4757.0,0.76,0.79
HD 42813 b,HD 42813,13.6308205,0.304,0.02863,nan,716.0,5289.0,0.98,0.9
TOI-470 b,TOI-470,12.19148,0.387,nan,nan,660.0,5190.0,0.83,0.87
TOI-480 b,TOI-480,6.866196,0.255,0.06544,0.0,1198.93609165,6174.0,1.49,1.28
HD 25463 b,HD 25463,7.0491423,0.227,0.02737,0.0,1198.45980411,6353.0,1.42,1.25
HD 25463 c,HD 25463,3.04405,0.122,0.01353,0.0,1585.56945807,6353.0,1.42,1.25
Kepler-806 b,Kepler-806,8.09219642,0.102,nan,nan,nan,5770.0,1.16,0.99
Kepler-805 b,Kepler-805,30.8638931,0.258,nan,nan,nan,6112.0,1.65,1.19
Kepler-1742 b,Kepler-1742,49.47819901,0.194,nan,nan,nan,5776.0,0.85,0.94
TOI-615 b,TOI-615,4.6615983,1.693,0.435,0.39,1666.0,6850.0,1.73,1.45
TOI-622 b,TOI-622,6.402513,0.824,0.303,0.42,1388.0,6400.0,1.42,1.31
Kepler-804 b,Kepler-804,14.37457351,0.173,nan,nan,nan,5817.0,1.05,1.01
Kepler-282 d,Kepler-282,24.806,0.219,0.192,nan,nan,nan,0.89,0.97
TOI-654.01,TOI-654,1.5275657,0.211,nan,nan,748.5402303,3433.0,0.43,0.53
TOI-663 b,TOI-663,2.598902,0.203,0.014,nan,674.0,3681.0,0.51,0.51
Kepler-1991 c,Kepler-1991,22.79020351,0.229,nan,0.0,634.0,5478.0,1.05,0.91
TOI-663 c,TOI-663,4.6955507,0.202,0.01148,nan,553.0,3681.0,0.51,0.51
TOI-663 d,TOI-663,7.1027268,0.171,0.01636,nan,482.0,3681.0,0.51,0.51
TOI-669 b,TOI-669,3.945152,0.231,0.03146,0.0,1124.84560586,5597.0,0.99,0.92
TOI-672 b,TOI-672,3.633575,0.469,nan,nan,676.15,3765.0,0.54,0.54
Kepler-410 A b,Kepler-410 A,17.833648,0.253,nan,0.17,nan,6273.0,1.35,1.21
Kepler-803 b,Kepler-803,50.28638192,0.338,nan,nan,nan,5919.0,1.12,1.05
Kepler-421 b,Kepler-421,704.1984,0.371,nan,0.041,185.0,5308.0,0.76,0.79
Kepler-802 b,Kepler-802,40.0587473,0.316,nan,nan,nan,5507.0,0.9,0.93
TOI-700 e,TOI-700,27.80978,0.085,nan,0.059,nan,3459.0,0.42,0.41
TOI-712 b,TOI-712,9.531361,0.183,nan,0.54,650.0,4622.0,0.67,0.73
TOI-712 c,TOI-712,51.69906,0.241,nan,0.089,369.9,4622.0,0.67,0.73
TOI-712 d,TOI-712,84.8396,0.221,nan,0.073,313.6,4622.0,0.67,0.73
TOI-715 b,TOI-715,19.288004,0.138,nan,nan,234.0,3075.0,0.24,0.23
Kepler-57 b,Kepler-57,5.72,0.28,0.07885,0.0162,nan,5187.9,0.83,0.86
TOI-733 b,TOI-733,4.884765,0.178,0.018,0.046,1055.8,5585.0,0.95,0.96
TOI-757 b,TOI-757,17.46819,0.223,0.03304,0.39,641.0,5278.0,0.78,0.8
TOI-762 A b,TOI-762 A,3.4716826,0.744,0.251,0.083,555.4,3266.0,0.42,0.44
TOI-771 b,TOI-771,2.326021,0.127,nan,nan,527.19,3201.0,0.24,0.22
TOI-778 b,TOI-778,4.633611,1.37,2.8,0.21,1561.0,6643.0,1.71,1.4
Kepler-801 b,Kepler-801,11.41928253,0.178,nan,nan,nan,4435.0,0.63,0.67
TOI-782 b,TOI-782,8.0240015,0.244,0.0601,0.19,435.0,3370.0,0.41,0.4
TOI-784 b,HD 307842,2.7970365,0.172,0.03043,0.0,nan,5558.0,0.91,0.91
Kepler-800 b,Kepler-800,14.13176026,0.254,nan,nan,nan,5315.0,0.82,0.85
TOI-815 b,TOI-815,11.197259,0.262,0.02391,0.2,686.0,4869.0,0.77,0.78
Kepler-799 b,Kepler-799,133.4605235,0.614,nan,nan,nan,5681.0,0.93,0.95
TOI-836 c,TOI-836,8.59545,0.231,0.0302,0.078,665.0,4552.0,0.67,0.68
TOI-836 b,TOI-836,3.81673,0.152,0.01425,0.053,871.0,4552.0,0.67,0.68
TOI-858 B b,TOI-858 B,3.2797178,1.255,1.1,0.15,1529.0,5842.0,1.31,1.08
Kepler-281 c,Kepler-281,36.337373,0.474,nan,nan,nan,5723.0,0.9,nan
TOI-871 b,TOI-871,14.362565,0.148,nan,nan,621.0,4929.0,0.72,0.76
KOI-1257 b,KOI-1257,86.647661,0.94,1.45,0.772,511.0,5520.0,1.13,0.99
TOI-880.02,TOI-880,2.5735943,0.248,nan,nan,1162.966708,4935.0,0.82,0.81
Kepler-115 c,Kepler-115,8.990889,0.232,nan,nan,nan,5979.0,1.21,nan
TOI-904 b,TOI-904,10.8772,0.216,nan,nan,429.43,3770.2,0.53,0.56
TOI-904 c,TOI-904,83.9997,0.193,nan,nan,217.26,3770.2,0.53,0.56
TOI-907.01,TOI-907,4.5849129,0.857,nan,nan,1846.599613,6272.0,2.06,1.07
TOI-908 b,TOI-908,3.183792,0.284,0.05077,0.132,1317.0,5626.0,1.03,0.95
LHS 475 b,LHS 475,2.029088,0.088,nan,nan,586.0,3300.0,0.28,0.26
TOI-913 b,TOI-913,11.098644,0.219,nan,nan,712.01,4969.0,0.73,0.82
TOI-969 b,TOI-969,1.8237305,0.247,0.02863,nan,941.0,4435.0,0.67,0.73
Kepler-798 b,Kepler-798,13.71933369,0.213,nan,nan,nan,6224.0,1.29,1.19
Kepler-56 c,Kepler-56,21.40239,0.874,0.57,nan,nan,4840.0,4.23,1.32
Kepler-280 b,Kepler-280,2.139542,0.129,nan,nan,nan,5744.0,0.89,nan
TOI-1052 b,TOI-1052,9.139703,0.256,0.05317,0.18,1135.0,6146.0,1.26,1.2
Kepler-797 b,Kepler-797,27.07237711,0.194,nan,nan,nan,5680.0,0.95,0.96
HD 109833 b,HD 109833,9.188526,0.258,nan,0.18,nan,5881.0,1.0,1.08
HD 109833 c,HD 109833,13.900148,0.231,nan,0.3,nan,5881.0,1.0,1.08
Kepler-279 c,Kepler-279,35.736,0.384,0.155,nan,nan,nan,1.07,1.1
TOI-1135 b,TOI-1135,8.0277283,0.832,nan,nan,1074.281947,5962.7,1.15,1.16
TOI-1136 d,TOI-1136,12.5199,nan,0.02627,0.042,843.0,5770.0,0.97,1.02
TOI-1136 c,TOI-1136,6.2574,nan,0.01988,0.11,1062.0,5770.0,0.97,1.02
TOI-1136 f,TOI-1136,26.321,nan,0.03052,0.001,658.0,5770.0,0.97,1.02
TOI-1136 e,TOI-1136,18.801,nan,0.0191,0.0425,737.0,5770.0,0.97,1.02
TOI-1173 b,TOI-1173,7.06466,0.82,0.08621,0.023,868.0,5350.0,0.93,0.91
TOI-1174 b,TOI-1174,8.95348768,0.229,nan,nan,nan,5030.0,0.76,0.85
TOI-1180 b,TOI-1180,9.68676038,0.274,nan,nan,nan,4738.0,0.73,0.75
TOI-1184 b,TOI-1184,5.7484338,0.213,nan,nan,nan,4534.0,0.69,0.71
TOI-1194 b,TOI-1194,2.3106446,0.778,0.37756,0.0,1264.28555248,5394.0,0.96,0.98
TOI-1199 b,TOI-1199,3.671463,0.938,0.239,0.03,1486.0,5710.0,1.45,1.23
Kepler-44 b,Kepler-44,3.2467293,1.09,1.0,0.066,1544.0,5800.0,1.35,1.12
TOI-1221 b,TOI-1221,91.68278,0.26,3.5,0.21,440.0,5592.0,1.03,0.93
HD 56414 b,HD 56414,29.04992,0.331,nan,0.68,1133.0,8500.0,1.75,1.89
TOI-1244 b,TOI-1244,6.40031648,0.22,nan,nan,nan,4599.0,0.72,0.73
HD 135694 b,HD 135694,15.92347557,0.255,nan,nan,nan,5712.0,1.08,1.02
TOI-1248 b,TOI-1248,4.3601561,0.607,0.08621,0.0,952.089801092,5205.0,0.87,0.9
TOI-1249 b,TOI-1249,13.079151,0.292,0.03744,0.0,726.887776017,5497.0,0.98,1.01
TOI-1269 b,TOI-1269,4.2529913,0.214,0.02014,0.0,1004.89685562,5499.0,0.85,0.9
TOI-1273 b,TOI-1273,4.631296,0.99,0.222,0.055,1211.0,5690.0,1.06,1.06
Kepler-278 b,Kepler-278,30.160546,0.363,nan,nan,nan,4991.0,2.94,nan
TOI-1279 b,TOI-1279,9.61419,0.237,0.03335,0.0,759.004373836,5457.0,0.84,0.88
Kepler-796 b,Kepler-796,6.40087618,0.116,nan,nan,nan,5475.0,1.09,0.93
TOI-1288 b,TOI-1288,2.6998279,0.443,0.13875,0.0,1203.44152277,5388.0,0.96,0.96
TOI-1294 b,TOI-1294,3.915292,0.903,0.20105,0.0,1392.74052755,5718.0,1.56,1.16
TOI-1301.01,TOI-1301,6.09640721,0.221,nan,nan,nan,4820.0,0.73,0.77
Kepler-795 b,Kepler-795,29.6193421,0.15,nan,nan,nan,5631.0,0.96,0.94
Kepler-794 b,Kepler-794,11.13125132,0.188,nan,nan,nan,5839.0,1.38,1.19
Kepler-504 b,Kepler-504,9.54927542,0.142,nan,nan,nan,3519.0,0.33,0.33
Kepler-277 b,Kepler-277,17.324,0.261,0.275,nan,nan,nan,1.69,1.12
TOI-1347 b,TOI-1347,0.84742346,0.161,0.03492,0.0,1400.0,5464.0,0.83,0.91
TOI-1347 c,TOI-1347,4.841962,0.143,0.02014,0.0,1000.0,5464.0,0.83,0.91
Kepler-793 b,Kepler-793,4.24153639,0.122,nan,nan,nan,5745.0,0.97,0.98
Kepler-792 b,Kepler-792,11.30119217,0.175,nan,nan,nan,5971.0,1.12,1.09
TOI-1386 b,TOI-1386,25.8401,0.555,0.1441,0.0,615.025170396,5735.0,1.02,1.04
Kepler-791 b,Kepler-791,14.5539759,0.272,nan,nan,nan,6383.0,1.47,1.3
TOI-1408 b,TOI-1408,4.42587,2.23,1.86579,0.0023,nan,6117.0,1.53,1.31
TOI-1410.01,TOI-1410,1.21687,0.277,0.03933,0.0,1236.70409558,4635.0,0.76,0.79
TOI-1416 b,TOI-1416,1.0697568,0.145,0.01095,0.0,1517.0,4884.0,0.79,0.8
TOI-1420 b,TOI-1420,6.9561063,1.061,0.07897,0.17,957.0,5510.0,0.92,0.99
Kepler-790 b,Kepler-790,13.73469807,0.194,nan,nan,nan,5208.0,0.8,0.84
HD 235088 b,HD 235088,7.434151,0.185,0.01321,0.0,753.953947085,5087.0,0.8,0.85
TOI-1437 b,TOI-1437,18.840942,0.2,0.0302,0.17,nan,6008.0,1.17,1.1
TOI-1439 b,TOI-1439,27.644,0.379,0.12113,0.157,748.398429157,5841.0,1.62,1.23
TOI-1443 b,TOI-1443,23.540678,0.206,0.09439,0.0,520.656878979,5224.0,0.75,0.77
Kepler-41 b,Kepler-41,1.8555582,1.29,0.56,0.0,1790.0,5750.0,1.29,1.15
Kepler-789 b,Kepler-789,8.63847725,0.189,nan,nan,nan,5870.0,1.02,1.01
TOI-1448 b,TOI-1448,8.112245,0.245,0.06135,0.36,426.0,3412.0,0.38,0.37
TOI-1450 A b,TOI-1450 A,2.0439274,0.101,0.00396,nan,722.0,3437.0,0.48,0.48
TOI-1451 b,TOI-1451,16.537944,0.233,0.04782,0.0,723.32843702,5801.0,1.02,1.0
TOI-1452 b,TOI-1452,11.06201,0.149,0.01517,0.0,326.0,3185.0,0.28,0.25
Kepler-788 b,Kepler-788,8.39846269,0.227,nan,nan,nan,6159.0,1.23,1.16
TOI-1467 b,TOI-1467,5.97114713,0.171,nan,nan,nan,3834.0,0.49,0.49
TOI-1468 c,TOI-1468,15.532482,0.184,0.02089,nan,337.5,3496.0,0.34,0.34
TOI-1468 b,TOI-1468,1.8805136,0.114,0.0101,nan,682.2,3496.0,0.34,0.34
TOI-1470 b,TOI-1470,2.527093,0.194,0.02303,0.3,734.0,3709.0,0.47,0.47
Kepler-276 c,Kepler-276,31.884,0.259,0.052,nan,nan,nan,1.03,1.1
HIP 9618 b,HIP 9618,20.772858,0.342,0.02611,0.0,640.879676299,5649.0,0.96,0.94
HIP 9618 c,HIP 9618,52.56363,0.306,0.02202,0.0,470.306063688,5649.0,0.96,0.94
TOI-1472 b,TOI-1472,6.36381,0.371,0.05191,0.0,811.141677813,5133.0,0.84,0.92
HD 6061 b,HD 6061,5.2549,0.217,0.03146,0.0,1075.30598481,5934.0,1.01,1.03
Kepler-787 b,Kepler-787,0.9283105,0.114,nan,nan,nan,4248.0,0.62,0.65
Kepler-1741 b,Kepler-1741,2.75759006,0.114,nan,nan,nan,3683.0,0.42,0.45
Kepler-786 b,Kepler-786,53.5293487,0.217,nan,nan,nan,4838.0,0.74,0.81
Kepler-275 c,Kepler-275,16.088134,0.302,nan,nan,nan,6165.0,1.38,nan
Kepler-465 b,Kepler-465,9.94067247,0.263,nan,nan,nan,6310.0,1.29,1.23
Kepler-415 c,Kepler-415,8.708,nan,nan,nan,nan,nan,0.64,0.67
Kepler-1740 b,Kepler-1740,8.17240047,0.296,nan,nan,nan,5705.0,0.91,0.94
TOI-1630.01,TOI-1630,12.05573473,0.216,nan,nan,nan,5504.0,0.83,0.95
TOI-1659.01,TOI-1659,5.87755633,0.201,nan,nan,nan,5977.0,1.01,1.1
TOI-1669 c,TOI-1669,2.6800535,0.205,0.0409,0.0,1285.15919336,5497.0,1.06,0.99
Kepler-484 b,Kepler-484,10.04556931,0.203,nan,nan,nan,5668.0,0.87,0.96
TOI-1680 b,TOI-1680,4.8026345,0.131,nan,nan,404.0,3225.0,0.21,0.18
TOI-1683.01,TOI-1683,3.0575356,0.235,nan,nan,929.2497165,4402.0,0.7,0.69
TOI-1691 b,TOI-1691,16.73688893,0.327,nan,nan,nan,5759.0,1.0,1.03
TOI-1694 b,TOI-1694,3.770107,0.477,0.09848,0.0,943.192779517,5058.0,0.8,0.85
TOI-1695 b,TOI-1695,3.1342791,0.17,0.02001,0.097,698.0,3690.0,0.52,0.51
TOI-1716.01,TOI-1716,8.08237655,0.28,nan,nan,nan,5879.0,1.24,1.07
TOI-1723 b,TOI-1723,13.72701264,0.306,nan,nan,nan,5777.0,1.09,1.04
TOI-1736 b,TOI-1736,7.073076,0.284,0.0387,0.0,1099.78541438,5636.0,1.43,1.04
TOI-1739 b,TOI-1739,8.30334141,0.174,nan,nan,nan,4814.0,0.78,0.78
TOI-1742 b,TOI-1742,21.269084,0.211,0.03052,0.3,694.085260011,5815.0,1.13,1.09
TOI-1744.01,TOI-1744,22.34170293,0.239,nan,nan,nan,6179.0,1.14,1.18
TOI-1751 b,TOI-1751,37.46852,0.263,0.06135,0.327,651.639628387,5970.0,1.31,0.94
TOI-1753 b,TOI-1753,5.3846104,0.221,0.05223,0.0,1005.43176849,5621.0,0.97,0.95
TOI-1758 b,TOI-1758,20.70507468,0.323,nan,nan,nan,5169.0,0.81,0.88
TOI-1768.01,TOI-1768,7.33770365,0.308,nan,nan,nan,5994.0,1.1,1.1
TOI-1772.01,TOI-1772,8.05424687,0.259,nan,nan,nan,5583.0,0.99,0.99
Kepler-785 b,Kepler-785,1.97376093,1.162,nan,nan,nan,4739.0,0.71,0.77
TOI-1775 b,TOI-1775,10.2405549,0.718,0.30205,0.0,707.891857792,5284.0,0.83,0.92
TOI-1776 b,TOI-1776,2.799868,0.108,0.0044,0.0,1269.20956488,5785.0,0.94,0.92
TOI-1777.01,TOI-1777,14.65011197,0.2,nan,nan,nan,5859.0,0.98,1.06
HD 77946 b,HD 77946,6.527363,0.258,0.0343,0.211,1128.85978125,6007.0,1.32,1.2
TOI-1782.01,TOI-1782,4.98764103,0.211,nan,nan,nan,4336.0,0.67,0.68
TOI-1782.02,TOI-1782,1.82902423,0.164,nan,nan,nan,4336.0,0.67,0.68
Kepler-105 b,Kepler-105,5.4122034,0.226,0.03398,0.02,nan,5933.0,1.03,0.99
Kepler-784 b,Kepler-784,31.5922646,0.141,nan,nan,nan,5674.0,1.32,1.0
TOI-1794 b,TOI-1794,8.765528,0.294,0.02737,0.0,992.909309453,5631.0,1.32,0.97
TOI-1798.01,TOI-1798,8.02152233,0.218,nan,nan,nan,5165.0,0.78,0.87
TOI-1798.02,TOI-1798,0.43781182,0.131,nan,nan,nan,5165.0,0.78,0.87
TOI-1799 b,TOI-1799,7.09457086,0.146,nan,nan,nan,5690.0,0.96,1.01
TOI-1801 b,TOI-1801,10.64387,0.186,0.01805,0.0,493.7,3863.0,0.55,0.56
TOI-1806.01,TOI-1806,15.1454693,0.304,nan,nan,337.4699143,3272.0,0.4,0.39
TOI-1811 b,TOI-1811,3.7130765,0.994,0.972,0.052,962.2,4766.0,0.77,0.82
TOI-1820 b,TOI-1820,4.860674,1.14,2.3,0.043,1375.0,5734.0,1.51,1.04
TOI-1823 b,TOI-1823,38.8,0.673,0.21206,0.0,423.631911217,4927.0,0.8,0.84
TOI-1824 b,TOI-1824,22.808533,0.245,0.05034,0.0,528.667505616,5165.0,0.81,0.88
TOI-1836 b,TOI-1836,20.380845,0.739,0.07771,0.0,889.510916571,6237.0,1.65,1.25
TOI-1836 c,TOI-1836,1.7727471,0.232,0.02517,0.0,2007.59662235,6237.0,1.65,1.25
TOI-1853 b,TOI-1853,1.2436258,0.309,0.23031,0.03,1479.0,4985.0,0.81,0.84
TOI-1855 b,TOI-1855,1.36414864,1.65,1.133,0.033,1701.0,5359.0,1.04,0.99
TOI-1859 b,TOI-1859,63.48347,0.87,nan,0.57,nan,6341.0,1.36,1.29
TOI-1883 b,TOI-1883,4.50638,0.504,nan,nan,524.92,3477.0,0.49,0.49
TOI-1898 b,TOI-1898,45.52234,0.838,0.40588,0.485,674.540685381,6241.0,1.61,1.25
TOI-1937 A b,TOI-1937 A,0.94667944,1.247,2.01,0.0,2097.0,5814.0,1.08,1.07
TOI-1994 b,TOI-1994,4.0337142,1.22,22.1,0.341,2290.0,7700.0,2.3,1.86
TOI-2000 c,TOI-2000,9.127055,0.727,0.257,0.063,1038.0,5611.0,1.13,1.08
TOI-2000 b,TOI-2000,3.09833,0.241,0.0347,0.0,1488.0,5611.0,1.13,1.08
TOI-2010 b,TOI-2010,141.834025,1.054,1.286,0.212,400.2,5929.0,1.08,1.11
TOI-2015 b,TOI-2015,3.348968,0.302,0.0516,0.0,512.0,3194.0,0.33,0.34
TOI-2019 b,TOI-2019,15.3444,0.476,0.10823,0.0,917.460139905,5626.0,1.75,1.18
TOI-2025 b,TOI-2025,8.8720982,1.061,3.6,0.394,1166.0,5977.0,1.46,1.2
Kepler-831 b,Kepler-831,5.62153941,0.113,nan,nan,nan,5732.0,0.97,0.99
KOI-217 b,KOI-217,3.90512,1.11,nan,0.0,nan,5545.0,0.86,0.95
Kepler-830 b,Kepler-830,11.29695137,0.152,nan,nan,nan,6037.0,1.11,1.07
TOI-2048 b,TOI-2048,13.79019,0.233,nan,0.13,nan,5185.0,0.79,0.83
TOI-2068 b,TOI-2068,7.768915,0.162,nan,nan,520.62,3710.0,0.54,0.56
Kepler-1746 b,Kepler-1746,321.2120056,0.797,nan,nan,nan,6018.0,1.29,1.09
TOI-2084 b,TOI-2084,6.0784247,0.22,nan,nan,527.0,3551.0,0.47,0.45
TOI-2088 b,TOI-2088,124.72997,0.329,0.11642,0.0,300.333929048,5081.0,0.85,0.9
TOI-2095 b,TOI-2095,17.66484,0.112,0.0129,0.0,347.0,3759.0,0.44,0.44
TOI-2095 c,TOI-2095,28.17232,0.119,0.02328,0.0,297.0,3759.0,0.44,0.44
TOI-2096 b,TOI-2096,3.1190633,0.111,nan,0.15,445.0,3300.0,0.23,0.23
TOI-2096 c,TOI-2096,6.38784,0.171,nan,0.1,349.0,3300.0,0.23,0.23
TOI-2107 b,TOI-2107,2.4545467,1.211,0.83,0.033,1397.0,5627.0,0.93,0.96
Kepler-829 b,Kepler-829,6.88337562,0.188,nan,nan,nan,5698.0,0.97,0.98
TOI-2120 b,TOI-2120,5.7998164,0.189,0.0214,0.32,384.0,3131.0,0.24,0.21
Kepler-1745 b,Kepler-1745,3.01619005,0.172,nan,nan,nan,5611.0,1.4,0.99
TOI-2128 b,TOI-2128,16.34136,0.186,0.01416,0.0,780.526328962,5968.0,1.12,1.03
TOI-2134 b,TOI-2134,9.2292005,0.24,0.02873,0.06,666.0,4580.0,0.71,0.74
TOI-2134 c,TOI-2134,95.5,0.649,0.1318,0.67,306.0,4580.0,0.71,0.74
TOI-2141 b,TOI-2141,18.26157,0.278,0.075,0.21,722.0,5659.0,0.98,0.94
Kepler-422 b,Kepler-422,7.8914483,1.15,0.43,nan,nan,5972.0,1.24,1.15
TOI-2145 b,TOI-2145,10.261127,1.108,5.5596,0.21,1363.42594673,6200.0,2.75,1.72
TOI-2152 A b,TOI-2152,3.3773512,1.281,2.83,0.057,1802.0,6630.0,1.61,1.52
TOI-2154 b,TOI-2154,3.8240801,1.453,0.92,0.117,1580.0,6280.0,1.4,1.23
Kepler-828 b,Kepler-828,0.56785714,0.135,nan,nan,nan,5039.0,0.77,0.81
TOI-2158 b,TOI-2158,8.60077,0.96,0.82,0.07,1188.0,5673.0,1.41,1.12
Kepler-293 b,Kepler-293,19.254196,0.274,nan,nan,nan,5804.0,0.96,nan
Kepler-292 f,Kepler-292,20.834237,0.21,nan,nan,nan,5299.0,0.83,nan
TOI-2193 A b,TOI-2193 A,2.1225735,1.77,0.94,0.0,1763.0,5966.0,1.25,1.08
TOI-2194 b,TOI-2194,15.337597,0.177,nan,nan,590.88,4756.0,0.69,0.74
TOI-2196 b,TOI-2196,1.1947268,0.313,0.08181,0.0,1860.0,5634.0,1.04,1.03
TOI-2207 b,TOI-2207,8.001968,0.995,0.64,0.174,1259.0,6101.0,1.56,1.3
Kepler-291 b,Kepler-291,3.546511,0.193,nan,nan,nan,6002.0,1.02,nan
TOI-2211.01,TOI-2211,3.09268676,0.139,nan,nan,nan,5253.0,0.83,0.9
Kepler-61 b,Kepler-61,59.87756,0.192,nan,0.25,273.0,4017.0,0.62,0.64
TOI-2236 b,TOI-2236,3.5315902,1.282,1.58,0.0,1688.0,6248.0,1.57,1.34
Kepler-290 c,Kepler-290,36.77031,0.241,nan,nan,nan,5147.0,0.74,nan
Kepler-1744 b,Kepler-1744,37.10110092,0.336,nan,nan,nan,5986.0,0.85,0.89
Kepler-423 b,Kepler-423,2.6843285,1.192,0.595,0.019,1605.0,5560.0,0.95,0.85
Kepler-1987 d,Kepler-1987,5.64491415,0.237,nan,0.0,744.0,4769.0,0.71,0.8
TOI-2266 b,TOI-2266,2.326318,0.137,nan,nan,550.0,3200.0,0.24,0.23
TOI-2274 b,TOI-2274,2.67963,0.219,nan,nan,771.46,3943.0,0.63,0.61
Kepler-827 b,Kepler-827,51.92927591,0.502,nan,nan,nan,5602.0,0.91,0.93
Kepler-289 c,Kepler-289,125.8723,1.002,0.49,nan,nan,5990.0,1.0,1.08
TOI-2338 b,TOI-2338,22.65398,1.0,5.98,0.676,799.0,5581.0,1.05,0.99
Kepler-487 c,Kepler-487,38.6519976,0.239,nan,nan,nan,5444.0,0.88,0.91
Kepler-458 c,KIC 9663113,20.74028413,0.375,nan,nan,nan,6117.21,2.22,1.15
TOI-2364 b,TOI-2364,4.0197517,0.768,0.225,0.0,1091.0,5306.0,0.89,0.95
Kepler-889 b,Kepler-889,3.744439,0.097,nan,nan,nan,5961.0,1.25,1.14
TOI-2368 b,TOI-2368,5.1750073,0.967,0.65,0.061,1000.0,5360.0,0.85,0.9
TOI-2373 b,TOI-2373,13.33668,0.93,9.3,0.112,860.0,5651.0,1.1,1.04
TOI-2374 b,TOI-2374,4.31361,0.608,0.17821,0.13,885.0,4802.0,0.69,0.75
Kepler-888 b,Kepler-888,70.6979061,0.157,nan,nan,nan,5875.0,0.9,0.97
TOI-2379 b,TOI-2379,5.4693827,1.046,5.76,0.342,624.0,3707.0,0.62,0.65
TOI-2384 b,TOI-2384,2.13570304,1.025,1.966,0.0,889.7,3943.0,0.61,0.64
Kepler-887 b,Kepler-887,20.42228798,0.164,nan,nan,nan,6194.0,1.29,1.19
Kepler-886 b,Kepler-886,6.24146367,0.136,nan,nan,nan,6098.0,1.16,1.1
Kepler-885 b,Kepler-885,18.11472949,0.223,nan,nan,nan,6187.0,1.35,1.21
TOI-2416 b,TOI-2416,8.275479,0.88,3.0,0.32,1080.0,5808.0,1.24,1.12
TOI-2420 b,TOI-2420,5.842641,1.34,0.927,0.055,1571.6,nan,2.37,1.16
TOI-2421 b,TOI-2421,4.3474032,0.925,0.333,0.0,1534.0,5607.0,1.75,1.13
Kepler-853 b,Kepler-853,7.16892463,0.151,nan,nan,nan,6350.0,1.55,1.3
TOI-2443 b,TOI-2443,15.669494,0.247,nan,nan,600.83,4357.0,0.73,0.66
TOI-2447 b,TOI-2447,69.33684,0.857,0.393,0.17,414.0,5730.0,1.01,1.03
Kepler-852 b,Kepler-852,44.9309804,0.227,nan,nan,nan,6100.0,1.16,1.19
TOI-2458 b,TOI-2458,3.73659,0.252,0.04188,0.087,1509.4,6005.0,1.31,1.05
TOI-2459 b,TOI-2459,19.104718,0.263,nan,nan,445.01,4195.0,0.68,0.66
Kepler-26 b,Kepler-26,12.28,0.248,0.01611,nan,nan,3914.0,0.51,0.54
Kepler-884 b,Kepler-884,5.69919514,0.11,nan,nan,nan,5715.0,0.94,1.0
TOI-2485 b,TOI-2485,11.23479,1.083,2.412,0.0341,1134.0,nan,1.72,1.16
Kepler-883 b,Kepler-883,12.98495573,0.159,nan,nan,nan,6116.0,1.09,1.06
Kepler-59 c,Kepler-59,17.9801235,0.177,nan,nan,nan,6074.0,0.94,1.04
TOI-2497 b,TOI-2497,10.655669,0.994,4.82,0.195,1595.0,7360.0,2.36,1.86
TOI-2498 b,TOI-2498,3.738252,0.541,0.10893,0.089,1443.0,5905.0,1.26,1.12
Kepler-882 b,Kepler-882,3.98953967,0.11,nan,nan,nan,5476.0,0.87,0.9
TOI-2524 b,TOI-2524,7.18585,1.0,0.64,0.0,1100.0,5831.0,1.12,1.01
TOI-2525 b,TOI-2525,23.2856,0.774,0.084,0.17,nan,5096.0,0.79,0.85
TOI-2525 c,TOI-2525,49.2519,0.904,0.657,0.157,nan,5096.0,0.79,0.85
Kepler-881 b,Kepler-881,4.44448017,0.159,nan,nan,nan,5961.0,1.09,1.06
TOI-2529 b,TOI-2529,64.5949,1.03,2.34,0.021,636.0,5802.0,1.7,1.11
Kepler-880 b,Kepler-880,7.71468975,0.237,nan,nan,nan,6761.0,1.74,1.46
TOI-2545 b,TOI-2545,7.994037,0.245,nan,nan,nan,5846.29,1.25,1.05
Kepler-43 b,Kepler-43,3.0240949,1.219,3.23,nan,1620.0,6041.0,1.42,1.32
Kepler-879 b,Kepler-879,33.3855938,0.229,nan,nan,nan,5792.0,1.02,1.02
TOI-2567 b,TOI-2567,5.983944,0.975,0.201,0.0,1352.0,5611.0,1.69,1.13
TOI-2570 b,TOI-2570,2.9887615,1.217,0.82,0.0,1431.0,5771.0,1.09,1.06
Kepler-878 b,Kepler-878,25.9422033,0.172,nan,nan,nan,5044.0,0.77,0.81
TOI-2583 A b,TOI-2583 A,4.5207265,1.29,0.25,0.0,1456.0,5936.0,1.48,1.22
TOI-2587 A b,TOI-2587 A,5.45664,1.077,0.218,0.0,1445.0,5760.0,1.73,1.15
Kepler-877 b,Kepler-877,18.45847097,0.189,nan,nan,nan,5261.0,0.81,0.85
TOI-2589 b,TOI-2589,61.6277,1.08,3.5,0.522,592.0,5579.0,1.07,0.93
Kepler-876 b,Kepler-876,5.14438011,0.128,nan,nan,nan,5060.0,0.77,0.81
Kepler-875 b,Kepler-875,27.5073799,0.259,nan,nan,nan,5958.0,1.11,1.06
Kepler-874 b,Kepler-874,40.0686727,0.352,nan,nan,nan,6020.0,1.13,1.09
Kepler-873 b,Kepler-873,20.5533844,0.335,nan,nan,nan,6163.0,1.27,1.18
Kepler-303 b,Kepler-303,1.937055,0.079,nan,nan,nan,3944.0,0.48,nan
TOI-2641 b,TOI-2641,4.880974,1.615,0.386,0.18,1387.0,6100.0,1.34,1.16
Kepler-872 b,Kepler-872,2.57885507,0.178,nan,nan,nan,5902.0,1.08,1.05
Kepler-871 b,Kepler-871,22.0459018,0.334,nan,nan,nan,5993.0,1.14,1.11
Kepler-870 b,Kepler-870,21.3587621,0.248,nan,nan,nan,5857.0,1.02,1.01
TOI-2714 b,TOI-2714,2.499387,1.224,0.71737,0.164,1603.0,5665.0,1.25,1.07
Kepler-869 b,Kepler-869,40.4287755,0.322,nan,nan,nan,5664.0,0.95,0.97
Kepler-868 b,Kepler-868,5.03251791,0.183,nan,nan,nan,5614.0,0.89,0.93
Kepler-867 b,Kepler-867,150.242127,0.414,nan,nan,nan,5541.0,0.91,0.92
TOI-2768 b,TOI-2768,1.50801,0.235,nan,nan,855.0,4008.0,0.66,0.63
KOI-13 b,KOI-13,1.763588,1.512,9.28,0.00064,2550.0,7650.0,1.74,1.72
Kepler-866 b,Kepler-866,2.61703254,0.145,nan,nan,nan,4751.0,0.71,0.75
Kepler-865 b,Kepler-865,14.16399294,0.222,nan,nan,nan,5570.0,0.92,0.93
TOI-2796 b,TOI-2796,4.8084983,1.54,0.44,0.0,1205.0,5764.0,1.07,1.06
TOI-2803 A b,TOI-2803 A,1.96229325,1.616,0.975,0.0,1893.0,6280.0,1.25,1.12
Kepler-864 b,Kepler-864,5.83376092,0.214,nan,nan,nan,5754.0,1.0,1.0
TOI-2818 b,TOI-2818,4.039709,1.363,0.71,0.0,1376.0,5721.0,1.23,0.98
Kepler-863 b,Kepler-863,15.59461874,0.259,nan,nan,nan,5678.0,0.95,0.96
TOI-2842 b,TOI-2842,3.5514058,1.146,0.37,0.0,1471.0,5910.0,1.26,1.14
Kepler-1754 b,Kepler-1754,8.19594955,0.218,nan,nan,nan,4723.0,0.75,0.73
Kepler-862 b,Kepler-862,3.14866453,0.197,nan,nan,nan,5333.0,0.84,0.88
Kepler-1753 b,Kepler-1753,16.00460052,0.199,nan,nan,nan,5180.0,0.77,0.86
Kepler-861 b,Kepler-861,3.94963138,0.203,nan,nan,nan,5047.0,0.78,0.82
Kepler-302 c,Kepler-302,127.282184,1.111,nan,nan,nan,5740.0,1.22,nan
Kepler-102 e,Kepler-102,16.1456994,0.194,0.01479,0.089,590.0,4909.0,0.72,0.8
Kepler-860 b,Kepler-860,5.10137945,0.289,nan,nan,nan,5836.0,1.06,1.04
TOI-2977 b,TOI-2977,2.3505614,1.174,1.68,0.0,1544.0,5691.0,1.07,0.94
TOI-2981 b,TOI-2981,3.601501,1.195,2.00737,0.035,1358.0,5940.0,1.08,1.03
Kepler-859 b,Kepler-859,20.38177573,0.276,nan,nan,nan,5020.0,0.77,0.81
Kepler-858 b,Kepler-858,76.13602028,0.434,nan,nan,nan,5653.0,0.91,0.96
TOI-3023 b,TOI-3023,3.9014971,1.466,0.62,0.0,1596.0,5760.0,1.67,1.12
Kepler-1752 b,Kepler-1752,56.35850143,0.405,nan,nan,nan,5446.0,0.82,0.82
Kepler-1669 c,Kepler-1669,1.60932005,0.17,nan,nan,nan,4224.0,0.6,0.61
Kepler-419 b,Kepler-419,69.7546,0.96,2.5,0.833,nan,6430.0,1.74,1.39
Kepler-857 b,Kepler-857,85.35129427,0.607,nan,nan,nan,5773.0,0.99,0.99
TOI-3071 b,TOI-3071,1.266938,0.639,0.21458,0.09,2155.0,6177.0,1.31,1.29
Kepler-14 b,Kepler-14,6.790123,1.136,8.4,0.035,nan,6395.0,2.05,1.51
TOI-3082 b,TOI-3082,1.926907,0.327,nan,nan,1032.78,4263.0,0.68,0.66
Kepler-1668 b,Kepler-1668,15.434,0.388,nan,nan,nan,5542.0,1.02,0.98
Kepler-94 b,Kepler-94,2.50806,0.313,0.034,nan,nan,4781.0,0.76,0.81
Kepler-856 b,Kepler-856,8.02768059,0.83,nan,nan,nan,5535.0,0.93,0.96
NGTS-27 b,NGTS-27,3.3704181,1.396,0.593,0.0,1783.0,5700.0,1.77,1.07
Kepler-855 b,Kepler-855,7.8866311,0.745,nan,nan,nan,5835.0,1.03,1.03
TOI-3235 b,TOI-3235,2.59261842,1.017,0.665,0.029,604.0,3388.8,0.37,0.39
TOI-3261 b,TOI-3261,0.8831331,0.341,0.09533,0.0,1722.0,5068.0,0.85,0.86
Kepler-125 b,Kepler-125,4.164389,0.211,nan,nan,nan,3810.0,0.51,nan
TOI-3321 b,TOI-3321,3.6525145,1.388,0.554,0.054,1616.0,5850.0,1.55,1.04
TOI-3331 A b,TOI-3331 A,2.0180231,1.158,2.27,0.0,1488.0,5609.0,0.95,1.02
TOI-3353.01,TOI-3353,4.6657965,0.238,nan,nan,1264.356064,6365.0,1.02,1.33
TOI-3364 b,TOI-3364,5.8768918,1.091,1.67,0.0,1264.0,5706.0,1.42,1.19
Kepler-890 b,Kepler-890,52.75875577,0.793,nan,nan,nan,5954.0,1.13,1.09
Kepler-304 b,Kepler-304,3.295709,0.255,nan,nan,nan,4731.0,0.69,nan
TOI-3540 A b,TOI-3540 A,3.119999,2.1,1.18,0.0,1498.0,5810.0,1.23,1.08
TOI-3568 b,TOI-3568,4.417965,0.483,0.083,0.035,899.0,4969.0,0.72,0.78
Kepler-305 b,Kepler-305,5.487,0.321,0.033,nan,nan,nan,0.8,0.76
Kepler-891 b,Kepler-891,53.44945593,0.572,nan,nan,nan,5887.0,1.07,1.06
Kepler-306 c,Kepler-306,7.240193,0.21,nan,nan,nan,4954.0,0.72,nan
Kepler-892 b,Kepler-892,13.7521072,0.251,nan,nan,nan,4747.0,0.72,0.75
Kepler-893 b,Kepler-893,6.33855761,0.27,nan,nan,nan,5820.0,0.99,1.0
Kepler-17 b,Kepler-17,1.4857108,1.31,2.45,0.011,1570.0,5781.0,1.01,1.04
Kepler-894 b,Kepler-894,9.803224,0.248,nan,nan,nan,5603.0,0.85,0.87
TOI-3688 A b,TOI-3688 A,3.246075,1.167,0.98,0.0,1534.0,5950.0,1.3,1.2
TOI-3693 b,TOI-3693,9.088516,1.124,1.02,0.0,801.0,5321.0,0.79,0.87
Kepler-1755 b,Kepler-1755,24.81209946,0.528,nan,nan,nan,6086.0,0.92,1.0
Kepler-87 b,Kepler-87,114.73635,1.204,1.02,0.036,478.0,5600.0,1.82,1.1
Kepler-307 b,Kepler-307,10.4208,0.217,0.02341,nan,nan,5367.0,0.81,0.91
Kepler-895 b,Kepler-895,2.80624233,0.137,nan,nan,nan,4315.0,0.61,0.65
TOI-3757 b,TOI-3757,3.438753,1.071,0.26838,0.14,759.0,3913.0,0.62,0.64
Kepler-896 c,Kepler-896,29.5422566,0.281,nan,0.0,515.0,5510.0,0.8,0.88
TOI-3785 b,TOI-3785,4.6747373,0.459,0.04704,0.11,582.0,3576.0,0.5,0.52
Kepler-107 e,Kepler-107,14.749143,0.259,0.04436,0.1,955.0,5854.0,1.45,1.24
Kepler-897 b,Kepler-897,8.0472642,0.213,nan,nan,nan,5839.0,1.04,1.03
TOI-3807 b,TOI-3807,2.8989727,1.65,1.04,0.0,1646.0,5772.0,1.47,1.18
Kepler-898 b,Kepler-898,5.8706191,0.133,nan,nan,nan,4223.0,0.62,0.65
TOI-3819 b,TOI-3819,3.2443141,1.172,1.11,0.0,1633.0,5859.0,1.54,1.24
Kepler-899 b,Kepler-899,19.17891293,0.239,nan,nan,nan,5595.0,0.91,0.93
Kepler-900 b,Kepler-900,6.9913086,0.186,nan,nan,nan,4836.0,0.73,0.78
Kepler-901 b,Kepler-901,3.51749439,0.122,nan,nan,nan,4184.0,0.57,0.59
Kepler-84 b,Kepler-84,8.726,0.199,nan,nan,nan,nan,1.43,1.0
Kepler-1757 b,Kepler-1757,19.65640068,0.263,nan,nan,nan,5288.0,0.74,0.83
TOI-3884 b,TOI-3884,4.5445828,0.574,0.10254,0.06,441.0,3180.0,0.3,0.3
TOI-3894 b,TOI-3894,4.33454,1.363,0.82,0.05,1531.0,6000.0,1.5,1.14
Kepler-308 b,Kepler-308,9.694928,0.189,nan,nan,nan,5895.0,0.94,nan
TOI-3912 b,TOI-3912,3.4936264,1.274,0.406,0.0,1512.0,5725.0,1.39,1.09
TOI-3919 b,TOI-3919,7.433234,1.099,3.88,0.259,1198.0,6100.0,1.32,1.21
Kepler-902 b,Kepler-902,40.1099547,0.227,nan,nan,nan,5647.0,0.93,0.95
Kepler-309 b,Kepler-309,5.923653,0.139,nan,nan,nan,4713.0,0.72,nan
Kepler-310 c,Kepler-310,56.47542,0.302,nan,nan,nan,5797.0,0.88,nan
KOI-1599.01,KOI-1599,20.4415,0.17,0.01447,0.014,nan,nan,0.97,1.02
TOI-3976 A b,TOI-3976 A,6.607662,1.095,0.175,0.0,1295.0,5975.0,1.5,1.25
Kepler-903 b,Kepler-903,10.3507721,0.179,nan,nan,nan,5682.0,0.97,0.98
TOI-3984 A b,TOI-3984 A,4.353326,0.71,0.14,0.23,563.0,3476.0,0.47,0.49
Kepler-1758 b,Kepler-1758,9.97721004,0.229,nan,nan,nan,5557.0,1.62,1.03
Kepler-904 b,Kepler-904,3.02166863,0.158,nan,nan,nan,6160.0,1.25,1.16
TOI-4010 c,TOI-4010,5.414654,0.529,0.0639,0.03,907.0,4960.0,0.83,0.88
TOI-4010 d,TOI-4010,14.70886,0.551,0.12003,0.07,650.0,4960.0,0.83,0.88
TOI-4010 b,TOI-4010,1.348335,0.269,0.03461,0.03,1441.0,4960.0,0.83,0.88
Kepler-905 b,Kepler-905,5.08274652,0.126,nan,nan,nan,5461.0,0.86,0.95
Kepler-311 b,Kepler-311,9.176092,0.152,nan,nan,nan,5905.0,1.19,nan
Kepler-906 b,Kepler-906,41.6979976,0.188,nan,nan,nan,6035.0,1.02,1.06
Kepler-275 b,Kepler-275,10.300682,0.209,nan,nan,nan,6165.0,1.38,nan
TOI-4087 b,TOI-4087,3.1774835,1.164,0.73,0.0,1458.0,6060.0,1.11,1.18
Kepler-424 b,Kepler-424,3.3118644,0.89,1.03,nan,nan,5460.0,0.94,1.01
Kepler-276 b,Kepler-276,14.12841,0.256,nan,nan,nan,6105.0,1.05,nan
Kepler-277 c,Kepler-277,33.006,0.3,0.202,nan,nan,nan,1.69,1.12
Kepler-278 c,Kepler-278,51.078775,0.32,nan,nan,nan,4991.0,2.94,nan
Kepler-279 b,Kepler-279,12.309681,0.323,nan,nan,nan,6363.0,1.75,nan
TOI-4127 b,TOI-4127,56.39879,1.096,2.3,0.7471,605.1,6096.0,1.29,1.23
TOI-4137 b,TOI-4137,3.8016122,1.211,1.44,0.0,1570.0,6202.0,1.44,1.31
Kepler-56 b,Kepler-56,10.5016,0.581,0.07,nan,nan,4840.0,4.23,1.32
TOI-4145 A b,TOI-4145 A,4.0664428,1.187,0.43,0.0,1074.0,5281.0,0.86,0.91
Kepler-282 e,Kepler-282,44.347,0.277,0.177,nan,nan,nan,0.89,0.97
TOI-4153 b,TOI-4153,4.6174141,1.438,1.15,0.039,1669.0,6860.0,1.6,1.57
Kepler-284 c,Kepler-284,37.514456,0.233,nan,nan,nan,5615.0,0.81,nan
Kepler-286 c,Kepler-286,3.468095,0.122,nan,nan,nan,5580.0,0.86,nan
Kepler-287 b,Kepler-287,20.342199,0.208,nan,nan,nan,5806.0,1.03,nan
TOI-4184 b,TOI-4184,4.9019804,0.217,nan,nan,412.0,3238.0,0.23,0.21
Kepler-110 b,Kepler-110,12.691112,0.163,nan,nan,nan,5960.0,1.15,nan
Kepler-290 b,Kepler-290,14.589347,0.201,nan,nan,nan,5147.0,0.74,nan
TOI-4201 b,TOI-4201,3.5819194,1.22,2.48,0.041,725.0,3794.0,0.63,0.61
Kepler-292 d,Kepler-292,7.055679,0.199,nan,nan,nan,5299.0,0.83,nan
Kepler-294 b,Kepler-294,3.701212,0.158,nan,nan,nan,5913.0,0.98,nan
Kepler-296 d,Kepler-296,19.850291,0.186,nan,0.33,nan,3740.0,0.48,0.5
Kepler-297 c,Kepler-297,74.920137,0.583,nan,nan,nan,5619.0,0.92,nan
Kepler-1669 b,Kepler-1669,9.51216,0.248,nan,nan,nan,4303.0,0.71,0.67
Kepler-302 b,Kepler-302,30.184104,0.362,nan,nan,nan,5740.0,1.22,nan
Kepler-306 b,Kepler-306,4.646186,0.136,nan,nan,nan,4954.0,0.72,nan
NGTS-24 b,NGTS-24,3.4678796,1.214,0.52,0.0,1499.0,5820.0,1.64,1.26
Kepler-84 c,Kepler-84,12.883,0.211,nan,nan,nan,nan,1.43,1.0
Kepler-509 b,Kepler-509,41.74600392,0.222,nan,nan,nan,6060.0,1.2,1.1
Kepler-1756 b,Kepler-1756,2.35575008,0.131,nan,nan,nan,4915.0,0.81,0.78
Kepler-309 c,Kepler-309,105.356383,0.224,nan,nan,nan,4713.0,0.72,nan
LP 890-9 b,LP 890-9,2.7299025,0.118,0.04153,nan,396.0,2850.0,0.16,0.12
TOI-4308 b,TOI-4308,9.151201,0.216,nan,nan,763.05,5243.0,0.79,0.9
Kepler-65 b,Kepler-65,2.15491,0.127,nan,nan,nan,6211.0,1.41,1.25
Kepler-466 c,Kepler-466,3.70921385,0.112,nan,nan,nan,5927.0,1.05,1.04
Kepler-23 d,Kepler-23,15.27,0.197,0.01397,0.01,nan,5828.0,1.55,1.08
TOI-4336 A b,TOI-4336 A,16.336334,0.189,nan,nan,308.0,3298.0,0.33,0.33
Kepler-119 c,Kepler-119,4.125103,0.082,nan,nan,nan,5595.0,0.84,nan
TOI-4342 b,TOI-4342,5.5382498,0.202,nan,nan,633.6,3901.0,0.6,0.63
TOI-4342 c,TOI-4342,10.688716,0.215,nan,nan,508.9,3901.0,0.6,0.63
Kepler-121 c,Kepler-121,41.008011,0.203,nan,nan,nan,5311.0,0.7,nan
Kepler-449 c,Kepler-449,33.6727,0.247,nan,0.05,nan,5649.18,nan,nan
Kepler-450 c,Kepler-450,15.413135,0.234,nan,0.02,nan,6197.21,1.64,1.19
Kepler-130 b,Kepler-130,8.457458,0.091,nan,nan,nan,5884.0,1.13,nan
TOI-4377 b,TOI-4377,4.378081,1.348,0.957,0.045,nan,4974.0,3.52,1.36
TOI-4379 b,TOI-4379,3.25352,1.489,1.113,0.018,nan,6020.0,1.98,1.37
Kepler-1663 b,Kepler-1663,17.6046,0.295,nan,nan,nan,3844.0,0.63,0.61
Kepler-133 b,Kepler-133,8.129976,0.157,nan,nan,nan,5736.0,1.43,nan
Kepler-529 c,Kepler-529,12.8345022,0.178,nan,nan,nan,6087.0,1.14,1.07
TOI-4406 b,TOI-4406,30.08364,1.0,0.3,0.15,904.0,6219.0,1.29,1.19
Kepler-149 d,Kepler-149,160.018032,0.353,nan,nan,nan,5381.0,0.95,nan
Kepler-152 c,Kepler-152,88.255055,0.213,nan,nan,nan,5088.0,0.72,nan
Kepler-153 c,Kepler-153,46.90232,0.226,nan,nan,nan,5404.0,0.89,nan
TOI-4438 b,TOI-4438,7.44628,0.225,0.01699,0.14,435.0,3422.0,0.37,0.37
TOI-4443.01,TOI-4443,1.8498567,0.153,nan,nan,1638.823859,5834.0,1.02,1.05
Kepler-553 c,Kepler-553,328.24017,1.033,6.7,0.346,251.0,5191.0,0.9,0.89
Kepler-157 b,Kepler-157,1.732342,0.118,nan,nan,nan,5774.0,1.04,nan
TOI-4463 A b,TOI-4463 A,2.8807198,1.183,0.794,0.0,1395.0,5640.0,1.06,1.06
Kepler-160 b,Kepler-160,4.309397,0.153,nan,nan,nan,5471.0,1.12,nan
TOI-4495.01,TOI-4495,5.1830043,0.324,nan,nan,1382.670789,6156.0,1.34,1.17
Kepler-162 b,Kepler-162,6.919798,0.112,nan,nan,nan,5816.0,0.96,nan
Kepler-164 d,Kepler-164,28.986769,0.219,nan,nan,nan,5888.0,1.15,nan
TOI-4515 b,TOI-4515,15.266446,1.086,2.005,0.461,705.0,5433.0,0.86,0.95
HD 20329 b,HD 20329,0.926118,0.153,0.02335,0.0,2141.0,5596.0,1.13,0.9
Kepler-167 e,Kepler-167,1071.23205,0.906,1.01,0.29,134.4,4884.0,0.75,0.78
TOI-4551 b,TOI-4551,9.95581,1.058,1.49,0.101,nan,4896.0,3.55,1.31
Kepler-168 b,Kepler-168,4.425391,0.13,nan,nan,nan,6282.0,1.11,nan
TOI-4559 b,TOI-4559,3.965991,0.126,nan,nan,554.16,3558.0,0.37,0.39
TOI-4562 b,TOI-4562,225.1064,nan,nan,nan,nan,6096.0,1.15,1.19
Kepler-176 b,Kepler-176,5.433074,0.128,nan,nan,nan,5232.0,0.89,nan
Kepler-177 b,Kepler-177,36.8601,0.312,0.01837,0.0,nan,5732.0,1.32,0.92
TOI-4582 b,TOI-4582,31.034,0.94,0.53,0.51,nan,5190.0,2.5,1.34
Kepler-178 d,Kepler-178,96.678988,0.352,nan,nan,nan,5676.0,1.07,nan
TOI-4600 b,TOI-4600,82.6869,0.607,3.02,0.25,347.0,5170.0,0.81,0.89
TOI-4602.01,TOI-4602,3.9812091,0.227,nan,nan,1380.26675,6011.9,1.16,1.12
TOI-4603 b,TOI-4603,7.24599,1.042,12.89,0.325,1677.0,6264.0,2.74,1.76
Kepler-181 b,Kepler-181,3.137873,0.113,nan,nan,nan,5333.0,0.75,nan
TOI-4633 c,TOI-4633,271.9445,0.285,0.387,0.117,nan,5800.0,1.05,1.1
TOI-4638.01,TOI-4638,10.28391879,0.262,nan,nan,nan,5700.0,0.9,1.02
TOI-4641 b,TOI-4641,22.09341,0.73,3.87,0.074,nan,6560.0,1.72,1.41
Kepler-183 b,Kepler-183,5.687945,0.184,nan,nan,nan,5888.0,0.96,nan
Kepler-598 c,Kepler-598,86.4945,0.27,nan,nan,nan,5245.0,0.9,0.9
Kepler-193 c,Kepler-193,50.697494,0.245,nan,nan,nan,6335.0,1.15,nan
Kepler-464 b,Kepler-464,7.25696522,0.294,nan,nan,nan,5933.0,1.59,1.21
Kepler-194 b,Kepler-194,2.092281,0.135,nan,nan,nan,6089.0,1.02,nan
Kepler-199 c,Kepler-199,67.093408,0.29,nan,nan,nan,5644.0,0.97,nan
Kepler-207 b,Kepler-207,1.611865,0.14,nan,nan,nan,5920.0,1.59,nan
Kepler-647 b,Kepler-647,16.2254649,0.104,nan,nan,nan,6020.0,1.07,1.03
Kepler-214 b,Kepler-214,15.660544,0.233,nan,nan,nan,6169.0,1.35,nan
Kepler-218 b,Kepler-218,3.619337,0.132,nan,nan,nan,5502.0,1.06,nan
Kepler-219 c,Kepler-219,22.714613,0.319,nan,nan,nan,5786.0,1.49,nan
Kepler-223 c,Kepler-223,9.84564,0.307,0.01605,0.15,nan,nan,1.72,1.12
Kepler-224 d,Kepler-224,11.349393,0.205,nan,nan,nan,5018.0,0.68,nan
Kepler-225 b,Kepler-225,6.738975,0.107,nan,nan,nan,3682.0,0.48,nan
Kepler-124 c,Kepler-124,13.821375,0.156,nan,nan,nan,4984.0,0.64,nan
Kepler-226 b,Kepler-226,3.940997,0.138,nan,nan,nan,5571.0,0.8,nan
Kepler-227 c,Kepler-227,54.418694,0.271,nan,nan,nan,5854.0,1.09,nan
TOI-4791 b,TOI-4791,4.28088,1.11,2.31,0.0,1472.0,6058.0,1.41,1.24
Kepler-232 c,Kepler-232,11.379349,0.342,nan,nan,nan,5847.0,0.97,nan
Kepler-235 d,Kepler-235,20.060548,0.183,nan,nan,nan,4255.0,0.55,nan
Kepler-53 d,Kepler-53,9.751962,0.189,nan,nan,nan,6085.0,0.96,nan
Kepler-238 d,Kepler-238,13.233549,0.274,nan,nan,nan,5751.0,1.43,nan
Kepler-240 b,Kepler-240,4.144495,0.122,nan,nan,nan,4985.0,0.74,nan
Kepler-241 c,Kepler-241,36.065978,0.229,nan,nan,nan,4699.0,0.67,nan
Kepler-242 c,Kepler-242,14.496481,0.178,nan,nan,nan,5020.0,0.85,nan
TOI-4860 b,TOI-4860,1.5227591,0.77,0.273,0.008,694.0,3260.0,0.36,0.34
NGTS-30 b,NGTS-30,98.29838,0.928,0.96,0.294,500.0,5455.0,0.91,0.94
Kepler-244 d,Kepler-244,20.050401,0.206,nan,nan,nan,5554.0,0.8,nan
Kepler-68 b,Kepler-68,5.39875259,0.21,0.02527,0.09,1275.0,5847.0,1.26,1.06
Kepler-249 b,Kepler-249,3.306539,0.097,nan,nan,nan,3568.0,0.48,nan
Kepler-254 c,Kepler-254,12.412183,0.192,nan,nan,nan,5957.0,0.91,nan
Kepler-31 c,Kepler-31,42.6318,0.473,4.7,nan,nan,6340.0,1.22,1.21
Kepler-255 d,Kepler-255,1.04562266,0.118,nan,nan,nan,5431.0,0.86,0.9
Kepler-1666 c,Kepler-1666,40.7157,0.289,nan,nan,nan,6293.0,1.15,1.23
TOI-4914 b,TOI-4914,10.60057,1.148,0.71422,0.408,894.0,5805.0,1.0,1.03
Kepler-42 c,Kepler-42,0.45328509,0.065,nan,nan,720.0,3068.0,0.17,0.13
Kepler-750 c,Kepler-750,4.08899022,0.145,nan,nan,nan,6160.0,1.23,1.15
Kepler-758 c,Kepler-758,4.75793986,0.151,nan,nan,nan,6228.0,1.42,1.16
Kepler-760 c,Kepler-760,2.46697439,0.132,nan,nan,nan,5322.0,0.85,0.89
Kepler-24 b,Kepler-24,8.14,0.209,0.03505,0.023,nan,6028.0,1.1,1.06
Kepler-15 b,Kepler-15,4.942782,0.96,0.66,0.06,nan,5515.0,0.99,1.02
Kepler-268 c,Kepler-268,83.446393,0.302,nan,nan,nan,6081.0,1.27,nan
Kepler-271 c,Kepler-271,7.41086267,0.085,nan,nan,nan,5555.0,0.87,0.9
BD-14 3065 b,BD-14 3065 A,4.2889731,1.926,12.37,0.066,2001.0,6935.0,2.35,1.41
TOI-4994 b,TOI-4994,21.491984,0.762,0.28,0.319,717.6,5640.0,1.05,1.0
Kepler-273 c,Kepler-273,8.014927,0.177,nan,nan,nan,5626.0,0.81,nan
Kepler-171 c,Kepler-171,11.463462,0.228,nan,nan,nan,5642.0,0.84,nan
TOI-5005 b,TOI-5005,6.3085044,0.558,0.103,nan,1040.0,5749.0,0.93,0.97
Kepler-732 c,Kepler-732,0.89304124,0.113,nan,nan,nan,3631.0,0.46,0.49
Kepler-80 e,Kepler-80,4.64489,0.143,0.01299,nan,nan,4540.0,0.68,0.73
Kepler-238 b,Kepler-238,2.090876,0.154,nan,nan,nan,5751.0,1.43,nan
Kepler-82 d,Kepler-82,2.382961,0.158,nan,nan,nan,5428.0,0.94,nan
Kepler-33 c,Kepler-33,13.17562,0.285,nan,0.0,nan,5904.0,1.82,1.29
Kepler-32 e,Kepler-32,2.896,0.134,nan,nan,nan,3900.0,0.53,0.58
TOI-5076 b,TOI-5076,23.445,0.285,0.05034,nan,615.0,5070.0,0.78,0.8
TOI-5082.01,TOI-5082,4.240122,0.227,nan,nan,1164.914361,5670.0,0.93,1.0
Kepler-223 b,Kepler-223,7.38449,0.267,0.02328,0.078,nan,nan,1.72,1.12
Kepler-107 d,Kepler-107,7.95839,0.077,0.02423,0.11,1173.0,5854.0,1.45,1.24
Kepler-80 f,Kepler-80,0.9867873,0.108,nan,nan,nan,4540.0,0.68,0.73
TOI-5126 b,TOI-5126,5.4588385,0.423,nan,0.0,1442.0,6150.0,1.24,1.24
TOI-5126 c,TOI-5126,17.8999,0.344,nan,0.0,971.0,6150.0,1.24,1.24
Kepler-297 d,Kepler-297,150.0189511,2.908,nan,0.0,325.0,5618.0,0.9,0.85
Kepler-65 d,Kepler-65,8.13123,0.136,nan,nan,nan,6211.0,1.41,1.25
TOI-5174 b,TOI-5174,12.214286,0.477,nan,nan,nan,5643.77,1.09,1.0
Kepler-23 b,Kepler-23,7.1,0.146,0.00805,0.017,nan,5828.0,1.55,1.08
Kepler-26 d,Kepler-26,3.543919,0.095,nan,nan,nan,4486.0,0.57,nan
Kepler-148 b,Kepler-148,1.729366,0.161,nan,nan,nan,5272.0,0.85,nan
TOI-5205 b,TOI-5205,1.630757,1.03,1.08,0.02,737.0,3430.0,0.39,0.39
Kepler-150 e,Kepler-150,30.826557,0.278,nan,nan,nan,5560.0,0.94,nan
TOI-5218 b,TOI-5218,4.291452,0.879,2.06715,0.0,783.0,4230.0,0.71,0.74
Kepler-167 c,Kepler-167,7.406106,0.149,nan,0.0,771.0,4884.0,0.75,0.78
Kepler-426 b,Kepler-426,3.21751883,1.09,0.34,0.18,1300.0,5725.0,0.92,0.91
Kepler-80 d,Kepler-80,3.07222,0.136,0.02124,nan,nan,4540.0,0.68,0.73
TOI-5232 b,TOI-5232,4.0966692,1.14,2.34,0.035,1772.0,6500.0,1.78,1.39
TOI-5238 b,TOI-5238,4.872171,0.466,nan,nan,nan,5631.0,1.02,1.0
Kepler-176 d,Kepler-176,25.751974,0.224,nan,nan,nan,5232.0,0.89,nan
Kepler-178 c,Kepler-178,20.552802,0.257,nan,nan,nan,5676.0,1.07,nan
Kepler-186 b,Kepler-186,3.8867907,0.095,nan,nan,nan,3788.0,0.47,0.48
Kepler-207 c,Kepler-207,3.071571,0.134,nan,nan,nan,5920.0,1.59,nan
Kepler-62 e,Kepler-62,122.3874,0.144,0.113,nan,270.0,4925.0,0.64,0.69
Kepler-33 e,Kepler-33,31.7844,0.359,nan,0.0,nan,5904.0,1.82,1.29
TOI-5293 A b,TOI-5293 A,2.930289,1.06,0.54,0.38,675.0,3586.0,0.52,0.54
Kepler-218 d,Kepler-218,124.5244647,0.237,nan,nan,nan,5542.0,1.02,1.01
TOI-5301 b,TOI-5301,5.858858,1.168,3.72,0.33,1648.0,6240.0,2.19,1.48
Kepler-219 d,Kepler-219,47.903645,0.251,nan,nan,nan,5786.0,1.49,nan
Kepler-223 e,Kepler-223,19.72567,0.41,0.0151,0.051,nan,nan,1.72,1.12
TOI-5319 b,TOI-5319,4.07853,0.252,nan,nan,695.0,3580.0,0.48,0.5
Kepler-224 b,Kepler-224,3.132924,0.124,nan,nan,nan,5018.0,0.68,nan
Kepler-228 b,Kepler-228,2.566546,0.136,nan,nan,nan,6043.0,1.01,nan
TOI-5344 b,TOI-5344,3.792622,0.946,0.412,0.054,689.0,3747.0,0.59,0.61
Kepler-235 e,Kepler-235,46.183669,0.198,nan,nan,nan,4255.0,0.55,nan
Kepler-53 c,Kepler-53,38.5583038,0.283,0.11327,nan,nan,5858.0,0.89,0.98
Kepler-238 c,Kepler-238,6.155557,0.213,nan,nan,nan,5751.0,1.43,nan
Kepler-244 c,Kepler-244,9.767292,0.183,nan,nan,nan,5554.0,0.8,nan
TOI-5388.01,TOI-5388,2.594675,0.169,nan,nan,601.3533109,3495.0,0.31,0.29
Kepler-82 e,Kepler-82,5.902206,0.22,nan,nan,nan,5428.0,0.94,nan
TOI-5398 b,TOI-5398,10.590547,0.919,0.18469,0.13,947.0,6000.0,1.05,1.15
TOI-5398 c,TOI-5398,4.77271,0.314,0.03713,0.14,1242.0,6000.0,1.05,1.15
Kepler-247 b,Kepler-247,3.33616,0.146,nan,nan,nan,5100.0,0.77,nan
Kepler-83 c,Kepler-83,20.09,0.211,nan,nan,nan,nan,0.61,0.66
Kepler-249 d,Kepler-249,15.368459,0.14,nan,nan,nan,3568.0,0.48,nan
KOI-94 d,KOI-94,22.342989,1.005,0.334,0.022,806.0,6182.0,1.52,1.28
Kepler-251 b,Kepler-251,4.790936,0.119,nan,nan,nan,5526.0,0.89,nan
Kepler-254 d,Kepler-254,18.746477,0.223,nan,nan,nan,5957.0,0.91,nan
Kepler-31 d,Kepler-31,87.6451,0.348,6.8,nan,nan,6340.0,1.22,1.21
Kepler-32 d,Kepler-32,22.7802,0.241,nan,nan,nan,3900.0,0.53,0.58
Kepler-42 d,Kepler-42,1.865169,0.051,nan,nan,450.0,3068.0,0.17,0.13
Kepler-286 d,Kepler-286,5.914323,0.119,nan,nan,nan,5580.0,0.86,nan
Kepler-296 b,Kepler-296,10.864384,0.144,nan,0.33,nan,3740.0,0.48,0.5
Kepler-1731 b,Kepler-1731,21.76129913,0.262,nan,nan,nan,4859.0,0.72,0.78
Kepler-63 b,Kepler-63,9.4341505,0.545,0.378,0.45,nan,5576.0,0.9,0.98
Kepler-253 b,Kepler-253,3.783986,0.145,nan,nan,nan,5208.0,0.79,nan
TOI-5542 b,TOI-5542,75.12375,1.009,1.32,0.018,441.0,5700.0,1.06,0.89
Kepler-603 c,Kepler-603,127.9075774,0.58,nan,nan,nan,5808.0,1.01,1.01
KOI-351 g,KOI-351,210.60697,0.723,nan,nan,nan,6080.0,1.2,1.2
Kepler-11 b,Kepler-11,10.3039,0.161,0.006,0.045,nan,5663.0,1.06,0.96
Kepler-18 b,Kepler-18,3.504725,0.178,0.022,0.0,nan,5345.0,1.11,0.97
TOI-5616 b,TOI-5616,2.002849,0.961,1.96332,0.0,939.0,3996.0,0.65,0.67
Kepler-20 e,Kepler-20,6.0984882,0.073,0.00239,0.092,1004.0,5495.0,0.92,0.93
KOI-351 d,KOI-351,59.73667,0.256,nan,nan,nan,6080.0,1.2,1.2
TOI-5634 A b,TOI-5634 A,2.2035373,0.923,1.85005,0.0,837.0,3896.0,0.54,0.56
Kepler-16 b,Kepler-16,228.776,0.754,0.333,0.0069,nan,4450.0,0.65,0.69
Kepler-908 b,Kepler-908,1.34059747,0.109,nan,nan,nan,5973.0,1.12,1.11
TOI-5678 b,TOI-5678,47.73022,0.438,0.06293,0.14,513.0,5485.0,0.94,0.91
Kepler-911 b,Kepler-911,20.310501,0.232,nan,nan,nan,6112.0,1.99,1.34
HD 23472 f,HD 23472,12.1621839,0.101,0.00242,0.07,630.0,4684.0,0.71,0.67
HD 23472 d,HD 23472,3.97664,0.067,0.00173,0.07,909.0,4684.0,0.71,0.67
Kepler-907 b,Kepler-907,15.86621821,0.107,nan,nan,nan,6106.0,1.38,1.08
HD 23472 e,HD 23472,7.90754,0.073,0.00227,0.07,723.0,4684.0,0.71,0.67
LHS 1678 d,LHS 1678,4.9652229,0.088,nan,0.036,nan,3490.0,0.33,0.34
TOI-1260 d,TOI-1260,16.608164,0.278,0.03725,0.0,499.0,4227.0,0.67,0.68
OGLE-2019-BLG-0362L b,OGLE-2019-BLG-0362L,nan,nan,3.26,nan,nan,nan,nan,0.42
KMT-2021-BLG-0171L b,KMT-2021-BLG-0171L,nan,nan,0.03524,nan,nan,5200.0,nan,0.78
KMT-2021-BLG-1689L b,KMT-2021-BLG-1689L,nan,nan,0.14473,nan,nan,4570.0,nan,0.58
TOI-5704 b,TOI-5704,3.771116,0.288,nan,nan,949.07,4590.0,0.76,0.73
Kepler-912 b,Kepler-912,2.53475627,0.25,nan,nan,nan,5998.0,1.11,1.07
TOI-5713 b,TOI-5713,10.441989,0.158,nan,0.24,347.2,3225.0,0.3,0.27
TOI-5720 b,TOI-5720,1.4344555,0.097,0.01353,nan,708.0,3325.0,0.38,0.38
TOI-5726.01,TOI-5726,5.49112522,0.228,nan,nan,nan,5874.0,1.11,1.06
Kepler-2000 b,Kepler-2000,6.38315913,0.244,nan,0.0,530.0,3757.0,0.58,0.58
Kepler-913 b,Kepler-913,10.29672521,0.184,nan,nan,nan,4687.0,0.61,0.63
GJ 896 A b,GJ 896 A,284.39,nan,2.26,0.35,nan,nan,nan,0.44
LP 890-9 c,LP 890-9,8.457463,0.122,0.0796,nan,272.0,2850.0,0.16,0.12
Kepler-312 c,Kepler-312,19.747412,0.281,nan,nan,nan,6115.0,1.47,nan
Wolf 327 b,Wolf 327,0.5734745,0.111,0.00796,0.0,996.0,3542.0,0.41,0.41
Kepler-910 b,Kepler-910,2.36436901,0.073,nan,nan,nan,6230.0,1.5,1.26
Kepler-914 b,Kepler-914,4.40966548,0.123,nan,nan,nan,5877.0,1.15,1.1
HD 105618 b,HD 105618,10.02245,nan,0.08,0.455,nan,nan,nan,1.01
HD 105618 c,HD 105618,77114.07158,nan,26.491,0.126,nan,nan,nan,1.01
HD 109988 b,HD 109988,17132.15854,nan,21.821,0.056,nan,nan,nan,0.88
HD 110537 b,HD 110537,24469.67342,nan,27.099,0.401,nan,nan,nan,1.02
Kepler-909 b,Kepler-909,13.93290318,0.131,nan,nan,nan,6154.0,1.23,1.17
HD 11112 b,HD 11112,17244.90764,nan,8.176,0.285,nan,nan,nan,1.07
HD 111232 c,HD 111232,26472.44623,nan,18.063,0.558,nan,nan,nan,0.96
HD 113337 c,HD 113337,5429.93477,nan,19.821,0.164,nan,nan,nan,1.41
HD 11343 c,HIP 8541,228.53731,nan,0.804,0.169,nan,nan,nan,2.01
HD 11505 b,HD 11505,32669.22247,nan,7.899,0.144,nan,nan,nan,1.03
HD 11506 d,HD 11506,26500.0,nan,12.8,0.29,nan,6123.0,nan,1.22
HD 122562 c,HD 122562,84.96276,nan,0.23,0.228,nan,nan,nan,1.24
HD 125271 b,HD 125271,14901.99295,nan,10.904,0.165,nan,nan,nan,0.75
HD 127506 b,HD 127506,65.78395,nan,0.086,0.24,nan,nan,nan,0.73
HD 135872 b,HD 135872,2422.32597,nan,5.489,0.164,nan,nan,nan,1.65
HD 136118 b,HD 136118,1187.59765,nan,13.102,0.344,nan,nan,nan,1.18
HD 13724 c,HD 13724,142.22895,nan,0.16,0.651,nan,nan,nan,1.0
HD 140901 b,HD 140901,9.02378,nan,0.049,0.472,nan,nan,nan,0.99
HD 140901 c,HD 140901,14386.0,nan,1.8,0.77,nan,nan,nan,1.06
HD 142 A d,HD 142,108.45299,nan,0.26,0.13,nan,nan,nan,1.21
HD 144899 b,HD 144899,40.43914,nan,0.064,0.821,nan,nan,nan,1.16
HD 149806 b,HD 149806,16521.52778,nan,12.597,0.357,nan,nan,nan,0.93
HD 151450 b,HD 151450,21.89288,nan,0.121,0.496,nan,nan,nan,1.14
HD 151450 c,HD 151450,18144.76236,nan,5.148,0.138,nan,nan,nan,1.14
HD 153557 b,HD 153557,7.29903,nan,0.064,0.065,nan,nan,nan,0.79
HD 153557 c,HD 153557,15.27018,nan,0.055,0.511,nan,nan,nan,0.79
HD 153557 d,HD 153557,40654.64809,nan,27.454,0.152,nan,nan,nan,0.79
HD 155918 b,HD 155918,1.87567,nan,0.024,0.194,nan,nan,nan,1.03
HD 155918 c,HD 155918,17202.19446,nan,5.909,0.071,nan,nan,nan,1.03
HD 156098 b,HD 156098,21.85849,nan,0.05,0.109,nan,nan,nan,1.29
HD 156098 c,HD 156098,7841.5839,nan,5.228,0.391,nan,nan,nan,1.29
HD 168863 b,HD 168863,14773.93272,nan,6.78,0.187,nan,nan,nan,0.8
HD 16905 b,HD 16905,10256.0,nan,11.3,0.68,nan,nan,nan,0.85
HD 18143 b,HD 18143,10.2851,nan,0.034,0.224,nan,nan,nan,0.85
HD 18143 c,HD 18143,28982.41764,nan,9.998,0.194,nan,nan,nan,0.85
Kepler-915 b,Kepler-915,4.59489604,0.134,nan,nan,nan,6173.0,1.38,1.21
HD 188641 b,HD 188641,14583.81038,nan,29.365,0.034,nan,nan,nan,1.07
HD 190228 b,HD 190228,1143.59858,nan,5.03,0.559,nan,nan,nan,1.42
HD 194490 b,HD 194490,13092.18348,nan,11.207,0.251,nan,nan,nan,1.06
HD 199509 b,HD 199509,99.62167,nan,0.136,0.373,nan,nan,nan,1.04
HD 204313 e,HD 204313,7325.64666,nan,15.317,0.253,nan,nan,nan,1.03
HD 205158 b,HD 205158,25.33798,nan,0.392,0.145,nan,nan,nan,1.16
HD 213519 b,HD 213519,11.12214,nan,0.029,0.413,nan,nan,nan,1.05
HD 217786 c,HD 217786,2.52221,nan,0.023,0.399,nan,nan,nan,1.14
HD 217958 b,HD 217958,2560.19774,nan,0.524,0.156,nan,nan,nan,1.08
HD 25912 b,HD 25912,41.83156,nan,0.12,0.05,nan,nan,nan,1.08
Kepler-916 b,Kepler-916,32.2968798,0.157,nan,nan,nan,5248.0,0.81,0.85
HD 25912 c,HD 25912,26308.65619,nan,16.527,0.051,nan,nan,nan,1.08
HD 28185 c,HD 28185,17417.92079,nan,19.639,0.12,nan,nan,nan,0.99
HD 28192 b,HD 28192,14.23283,nan,0.314,0.104,nan,nan,nan,1.08
HD 29985 b,HD 29985,20608.14049,nan,5.473,0.261,nan,nan,nan,0.75
HD 43197 c,HD 43197,9295.9735,nan,7.868,0.149,nan,nan,nan,0.96
HD 457 b,HD 457,20324.58153,nan,26.572,0.565,nan,nan,nan,1.15
HD 56957 b,HD 56957,5859.08992,nan,5.918,0.273,nan,nan,nan,1.03
HD 62364 b,HD 62364,5138.0,nan,18.77,0.607,nan,6255.0,1.4,1.16
HD 62364 c,HD 62364,74839.94555,nan,24.93,0.773,nan,nan,nan,1.19
HD 62549 b,HD 62549,14306.88519,nan,8.519,0.15,nan,nan,nan,1.08
Kepler-50 b,Kepler-50,7.81254,0.153,nan,nan,nan,6225.0,1.58,1.24
HD 72659 c,HD 72659,18207.72098,nan,18.806,0.091,nan,nan,nan,1.09
HD 73267 c,HD 73267,17071.78045,nan,5.131,0.089,nan,nan,nan,0.93
HD 80883 b,HD 80883,6383.78352,nan,5.5,0.203,nan,nan,nan,0.88
HD 80913 b,HD 80913,10839.83341,nan,23.614,0.313,nan,nan,nan,1.11
HD 81817 c,HD 81817,622.97802,nan,22.609,0.095,nan,nan,nan,4.3
HD 86065 b,HD 86065,25775.78859,nan,9.053,0.219,nan,nan,nan,0.81
HD 88072 b,HD 88072,18538.79293,nan,7.903,0.156,nan,nan,nan,1.04
HD 93351 b,HD 93351,2.45946,nan,0.011,0.549,nan,nan,nan,0.94
HD 93351 c,HD 93351,14010.2941,nan,13.07,0.109,nan,nan,nan,0.94
HD 97037 b,HD 97037,6449.08337,nan,21.105,0.357,nan,nan,nan,1.06
GJ 2030 b,GJ 2030,2.38129,nan,0.015,0.239,nan,nan,nan,0.96
GJ 2030 c,GJ 2030,25533.11353,nan,12.803,0.041,nan,nan,nan,0.96
GJ 3222 b,GJ 3222,10.66669,nan,0.036,0.929,nan,nan,nan,0.89
GJ 680 b,GJ 680,17281.66514,nan,25.1,0.381,nan,nan,nan,0.46
GJ 9714 b,GJ 9714,19240.75467,nan,9.403,0.155,nan,nan,nan,0.67
HD 115404 A b,HD 115404 A,10.49488,nan,0.097,0.232,nan,nan,nan,0.83
HD 115404 A c,HD 115404 A,15319.22517,nan,10.319,0.211,nan,nan,nan,0.83
HD 12235 b,HD 12235,4.36305,nan,0.033,0.376,nan,nan,nan,1.1
HD 12235 c,HD 12235,36336.70679,nan,9.866,0.174,nan,nan,nan,1.1
HD 203387 b,HD 203387,512.5352,nan,3.48,0.732,nan,nan,nan,2.82
Kepler-408 b,Kepler-408,2.46502,0.073,0.01573,nan,nan,6104.0,1.23,1.08
HD 203387 c,HD 203387,2481.07227,nan,7.485,0.202,nan,nan,nan,2.82
HIP 19976 b,HIP 19976,50.65905,nan,0.068,0.304,nan,nan,nan,0.67
HIP 35965 b,HIP 35965,26125.56497,nan,8.149,0.138,nan,nan,nan,0.78
HIP 55507 b,HIP 55507,5138.43727,nan,8.135,0.362,nan,nan,nan,0.65
HIP 948 b,HIP 948,24955.45756,nan,20.6,0.23,nan,nan,nan,0.71
OGLE-2019-BLG-1470L AB c,OGLE-2019-BLG-1470L A,nan,nan,2.2,nan,nan,nan,nan,0.57
TOI-5799 b,TOI-5799,4.1646632,0.166,nan,nan,nan,3521.0,0.34,0.33
HD 184010 b,HD 184010,286.6,nan,0.31,0.0,nan,4971.0,4.86,1.35
HD 184010 c,HD 184010,484.3,nan,0.3,0.0,nan,4971.0,4.86,1.35
HD 184010 d,HD 184010,836.4,nan,0.45,0.0,nan,4971.0,4.86,1.35
KIC 3526061 b,KIC 3526061,3552.0,nan,18.15,0.85,nan,4829.0,5.86,1.42
NGTS-21 b,NGTS-21,1.5433897,1.33,2.36,0.0,1357.0,4660.0,0.86,0.72
KMT-2021-BLG-1898L b,KMT-2021-BLG-1898L,nan,nan,0.73,nan,nan,nan,nan,0.48
HD 3167 e,HD 3167,96.63,nan,0.02646,0.15,nan,5261.0,0.88,0.84
TOI-5803 b,TOI-5803,5.38305,0.292,nan,nan,678.87,5134.0,0.76,0.87
Kepler-76 b,Kepler-76,1.5449298,1.36,2.01,nan,2140.0,6409.0,1.32,1.2
TOI-969 c,TOI-969,1700.0,nan,11.3,0.628,96.4,4435.0,0.67,0.73
OGLE-2017-BLG-1691L b,OGLE-2017-BLG-1691L,nan,nan,0.046,nan,nan,nan,nan,0.45
KMT-2021-BLG-0320L b,KMT-2021-BLG-0320L,nan,nan,0.1,nan,nan,nan,nan,0.32
KMT-2021-BLG-1303L b,KMT-2021-BLG-1303L,nan,nan,0.38,nan,nan,nan,nan,0.57
KMT-2021-BLG-1554L b,KMT-2021-BLG-1554L,nan,nan,0.12,nan,nan,nan,nan,0.08
Kepler-1762 b,Kepler-1762,29.53910065,0.246,nan,nan,nan,6572.0,1.24,1.3
HD 206893 b,HD 206893,9350.0,1.25,28.0,0.14,1429.2,nan,nan,1.32
K2-411 b,K2-411,3.2141,0.088,nan,nan,nan,5711.0,1.38,1.02
K2-413 b,K2-413,0.8094,0.068,nan,nan,nan,4116.0,0.7,0.81
K2-413 c,K2-413,5.3301,0.11,nan,nan,nan,4116.0,0.7,0.81
K2-414 c,K2-414,6.669,0.172,nan,nan,nan,4343.0,0.73,0.81
K2-414 b,K2-414,4.3696,0.109,nan,nan,nan,4343.0,0.73,0.81
K2-412 b,K2-412,5.9382,0.189,nan,nan,nan,5590.0,0.98,0.89
Kepler-1712 b,Kepler-1712,13.81499958,0.204,nan,nan,nan,3732.0,0.51,0.52
Kepler-923 b,Kepler-923,6.93366476,0.123,nan,nan,nan,5988.0,1.26,1.11
NGTS-23 b,NGTS-23,4.0764326,1.267,0.613,0.0,1327.0,6057.0,1.24,1.01
NGTS-25 b,NGTS-25,2.823093,1.023,0.639,0.0,1101.0,5321.0,0.86,0.91
HD 191939 g,HD 191939,284.0,nan,0.04248,0.03,278.0,5348.0,0.94,0.81
Kepler-924 b,Kepler-924,61.0370117,0.274,nan,nan,nan,6167.0,1.23,1.14
Kepler-1763 b,Kepler-1763,1.48028004,0.102,nan,nan,nan,5897.0,1.26,1.03
Kepler-4 b,Kepler-4,3.21346,0.357,0.077,0.0,1650.0,5857.0,1.49,1.22
Kepler-925 b,Kepler-925,33.8678531,0.209,nan,nan,nan,4673.0,0.72,0.77
HD 167768 b,HD 167768,20.6532,nan,0.85,0.149,nan,4851.0,9.7,1.08
HD 114082 b,HD 114082,109.75,1.0,8.0,0.395,nan,6651.0,1.49,1.47
KMT-2021-BLG-0119L b,KMT-2021-BLG-0119L,nan,nan,5.52,nan,nan,nan,nan,0.56
KMT-2021-BLG-0192L b,KMT-2021-BLG-0192L,nan,nan,0.11,nan,nan,nan,nan,0.27
KMT-2021-BLG-2294L b,KMT-2021-BLG-2294L,nan,nan,0.07,nan,nan,nan,nan,0.14
MOA-2019-BLG-008L b,MOA-2019-BLG-008L,nan,nan,18.0,nan,nan,nan,nan,0.9
HD 206893 c,HD 206893,2090.0,1.46,12.7,0.41,1181.9,nan,nan,1.32
Kepler-926 b,Kepler-926,52.0688601,0.206,nan,nan,nan,5806.0,1.01,1.01
TOI-1136 b,TOI-1136,4.1727,nan,0.01101,0.027,1216.0,5770.0,0.97,1.02
TOI-1136 g,TOI-1136,39.545,nan,0.01762,0.04,574.0,5770.0,0.97,1.02
TOI-6002 b,TOI-6002,10.904821,0.147,nan,0.15,321.4,3229.0,0.24,0.21
TOI-6008 b,TOI-6008,0.8574347,0.092,0.01259,nan,707.0,3075.0,0.24,0.23
KMT-2017-BLG-0673L b,KMT-2017-BLG-0673L,nan,nan,3.67,nan,nan,nan,nan,0.63
KMT-2019-BLG-0414L b,KMT-2019-BLG-0414L,nan,nan,4.57,nan,nan,nan,nan,0.74
GJ 1002 b,GJ 1002,10.3465,nan,0.0034,nan,230.9,3024.0,0.14,0.12
GJ 1002 c,GJ 1002,21.202,nan,0.00428,nan,181.7,3024.0,0.14,0.12
KMT-2021-BLG-0240L b,KMT-2021-BLG-0240L,nan,nan,0.21,nan,nan,nan,nan,0.56
OGLE-2006-BLG-284L A b,OGLE-2006-BLG-284L A,nan,nan,0.45307,nan,nan,nan,nan,0.35
KMT-2021-BLG-1077L b,KMT-2021-BLG-1077L,nan,nan,0.22,nan,nan,nan,nan,0.14
KMT-2021-BLG-1077L c,KMT-2021-BLG-1077L,nan,nan,0.25,nan,nan,nan,nan,0.14
MOA-2020-BLG-135L b,MOA-2020-BLG-135L,nan,nan,0.03555,nan,nan,nan,nan,0.23
Kepler-138 e,Kepler-138,38.23,nan,0.00135,0.112,292.0,3841.0,0.54,0.54
TOI-1288 c,TOI-1288,416.0,nan,0.26964,0.0,nan,5388.0,0.96,0.96
nu Oct A b,nu Oct A,417.0,nan,2.4,0.11,nan,4860.0,5.81,1.61
GJ 1151 c,GJ 1151,389.7,nan,0.03341,nan,nan,3280.0,0.18,0.16
TOI-6029 b,TOI-6029,5.7987,1.284,1.635,0.091,nan,6223.0,2.34,1.55
TOI-6034 b,TOI-6034,2.576184,1.063,0.798,0.04,714.0,3635.0,0.49,0.51
Kepler-927 b,Kepler-927,9.1149903,0.153,nan,nan,nan,5743.0,0.99,0.99
OGLE-2019-BLG-0468L b,OGLE-2019-BLG-0468L,nan,nan,3.43,nan,nan,nan,nan,0.92
OGLE-2019-BLG-0468L c,OGLE-2019-BLG-0468L,nan,nan,10.22,nan,nan,nan,nan,0.92
TOI-1669 b,TOI-1669,500.0,nan,0.60095,0.0,nan,5497.0,1.06,0.99
TOI-1694 c,TOI-1694,393.1,nan,0.93447,0.0,nan,5058.0,0.8,0.85
KMT-2017-BLG-1194L b,KMT-2017-BLG-1194L,nan,nan,0.01114,nan,nan,nan,nan,0.41
KMT-2017-BLG-0428L b,KMT-2017-BLG-0428L,nan,nan,0.01759,nan,nan,nan,nan,0.34
KMT-2019-BLG-1806L b,KMT-2019-BLG-1806L,nan,nan,0.01469,nan,nan,nan,nan,0.74
KMT-2017-BLG-1003L b,KMT-2017-BLG-1003L,nan,nan,0.01633,nan,nan,nan,nan,0.32
KMT-2019-BLG-1367L b,KMT-2019-BLG-1367L,nan,nan,0.01284,nan,nan,nan,nan,0.25
OGLE-2017-BLG-1806L b,OGLE-2017-BLG-1806L,nan,nan,0.01658,nan,nan,nan,nan,0.38
KMT-2016-BLG-1105L b,KMT-2016-BLG-1105L,nan,nan,0.0073,nan,nan,nan,nan,0.41
OGLE-2019-BLG-1053L b,OGLE-2019-BLG-1053L,nan,nan,0.0078,nan,nan,nan,nan,0.61
KMT-2019-BLG-0253L b,KMT-2019-BLG-0253L,nan,nan,0.02895,nan,nan,nan,nan,0.7
OGLE-2018-BLG-0506L b,OGLE-2018-BLG-0506L,nan,nan,0.05129,nan,nan,nan,nan,0.63
Kepler-1764 b,Kepler-1764,70.46829987,0.406,nan,nan,nan,6461.0,1.13,1.16
OGLE-2018-BLG-0516L b,OGLE-2018-BLG-0516L,nan,nan,0.06324,nan,nan,nan,nan,0.47
OGLE-2019-BLG-1492L b,OGLE-2019-BLG-1492L,nan,nan,0.11673,nan,nan,nan,nan,0.68
OGLE-2018-BLG-0977L b,OGLE-2018-BLG-0977L,nan,nan,0.02014,nan,nan,nan,nan,0.47
KMT-2019-BLG-0953L b,KMT-2019-BLG-0953L,nan,nan,0.04877,nan,nan,nan,nan,0.28
OGLE-2016-BLG-1093L b,OGLE-2016-BLG-1093L,nan,nan,0.71,nan,nan,nan,nan,0.46
KMT-2021-BLG-1391L b,KMT-2021-BLG-1391L,nan,nan,0.01432,nan,nan,nan,nan,0.37
KMT-2021-BLG-1253L b,KMT-2021-BLG-1253L,nan,nan,0.05994,nan,nan,nan,nan,0.24
KMT-2021-BLG-1372L b,KMT-2021-BLG-1372L,nan,nan,0.19278,nan,nan,nan,nan,0.42
KMT-2021-BLG-0748L b,KMT-2021-BLG-0748L,nan,nan,0.45,nan,nan,nan,nan,0.36
KMT-2019-BLG-1042L b,KMT-2019-BLG-1042L,nan,nan,0.19,nan,nan,nan,nan,0.3
KMT-2019-BLG-1552L b,KMT-2019-BLG-1552L,nan,nan,4.05,nan,nan,nan,nan,0.79
KMT-2019-BLG-2974L b,KMT-2019-BLG-2974L,nan,nan,0.28,nan,nan,nan,nan,0.47
Kepler-928 b,Kepler-928,3.9324613,0.142,nan,nan,nan,4700.0,0.7,0.73
TOI-6054.01,TOI-6054,7.49299142,0.236,nan,nan,nan,6112.0,1.61,1.15
TOI-6054.02,TOI-6054,12.57499803,0.256,nan,nan,nan,6112.0,1.61,1.15
Kepler-929 b,Kepler-929,0.92103214,0.099,nan,nan,nan,5869.0,1.02,1.01
Wolf 1069 b,Wolf 1069,15.564,nan,0.00396,nan,250.1,3158.0,0.18,0.17
L 363-38 b,L 363-38,8.781,nan,0.01469,nan,330.0,3129.0,0.27,0.21
AF Lep b,AF Lep,8030.0,nan,3.2,0.24,nan,6130.0,1.25,1.2
GJ 463 b,GJ 463,3448.0,nan,3.6,0.09,nan,3540.0,0.49,0.49
TIC 279401253 b,TIC 279401253,76.8,1.0,6.14,0.448,nan,5951.0,1.06,1.13
TIC 279401253 c,TIC 279401253,155.3,nan,8.02,0.254,nan,5951.0,1.06,1.13
HD 169142 b,HD 169142,nan,nan,3.0,nan,nan,nan,nan,1.85
OGLE-2018-BLG-0799L b,OGLE-2018-BLG-0799L,nan,nan,0.26,nan,nan,nan,nan,0.09
TOI-6086 b,TOI-6086,1.3888725,0.105,nan,nan,634.0,3200.0,0.26,0.25
HD 18438 b,HD 18438,803.0,nan,21.0,0.1,nan,3860.0,88.47,1.84
TOI-1338 c,TOI-1338 A,215.79,nan,0.23723,0.037,nan,nan,1.31,1.09
Kepler-314 c,Kepler-314,5.960392,0.259,nan,nan,nan,5378.0,0.95,nan
KMT-2021-BLG-0712L b,KMT-2021-BLG-0712L,nan,nan,0.12016,nan,nan,nan,nan,0.22
KMT-2021-BLG-0909L b,KMT-2021-BLG-0909L,nan,nan,1.26,nan,nan,nan,nan,0.38
KMT-2021-BLG-2478L b,KMT-2021-BLG-2478L,nan,nan,0.9,nan,nan,nan,nan,0.2
KMT-2021-BLG-1105L b,KMT-2021-BLG-1105L,nan,nan,1.3,nan,nan,nan,nan,0.63
K2-415 b,K2-415,4.0179694,0.091,0.0236,nan,412.4,3173.0,0.2,0.16
WASP-84 c,WASP-84,1.4468849,0.174,0.048,nan,1329.0,nan,0.77,0.85
PZ Tel b,PZ Tel,44000.0,nan,27.0,0.52,nan,nan,nan,1.36
KMT-2018-BLG-0030L b,KMT-2018-BLG-0030L,nan,nan,1.45,nan,nan,nan,nan,0.51
KMT-2018-BLG-0087L b,KMT-2018-BLG-0087L,nan,nan,0.23,nan,nan,nan,nan,0.1
KMT-2018-BLG-0247L b,KMT-2018-BLG-0247L,nan,nan,2.11,nan,nan,nan,nan,0.29
Kepler-930 b,Kepler-930,71.4517775,0.19,nan,nan,nan,6335.0,1.4,1.25
OGLE-2018-BLG-0298L b,OGLE-2018-BLG-0298L,nan,nan,0.14,nan,nan,nan,nan,0.69
KMT-2018-BLG-2602L b,KMT-2018-BLG-2602L,nan,nan,1.15,nan,nan,nan,nan,0.66
OGLE-2018-BLG-1119L b,OGLE-2018-BLG-1119L,nan,nan,0.91,nan,nan,nan,nan,0.48
Kepler-931 b,Kepler-931,8.03755877,0.119,nan,nan,nan,5241.0,0.81,0.86
Kepler-485 b,Kepler-485,3.2432598,1.286,nan,nan,nan,5958.0,1.09,1.07
Kepler-1650 b,Kepler-1650,1.53818001,0.086,nan,0.01,nan,3410.0,0.33,0.33
Kepler-1765 b,Kepler-1765,10.41889954,0.223,nan,nan,nan,5692.0,1.06,0.95
Kepler-1670 b,Kepler-1670,20.4998,0.299,nan,nan,nan,5838.0,1.52,1.05
Kepler-932 b,Kepler-932,1.9214374,0.122,nan,nan,nan,5331.0,0.84,0.87
Kepler-315 b,Kepler-315,96.101141,0.336,nan,nan,nan,5796.0,1.04,nan
Gliese 12 b,Gliese 12,12.761408,0.085,0.01218,0.5,314.6,3296.0,0.26,0.24
TOI-6255 b,TOI-6255,0.23818244,0.096,0.00453,0.0,nan,3421.0,0.37,0.35
Kepler-933 b,Kepler-933,14.20443009,0.219,nan,nan,nan,5346.0,0.84,0.87
HIP 99770 b,HIP 99770,18600.0,nan,16.1,0.25,nan,8000.0,nan,1.85
Kepler-68 e,Kepler-68,3455.0,nan,0.272,0.33,nan,5847.0,1.26,1.06
Kepler-454 d,Kepler-454,4073.0,nan,2.31,0.089,nan,5687.0,1.07,1.03
K2-312 c,HD 80653,921.2,nan,5.41,0.853,nan,5959.0,1.22,1.18
Kepler-10 d,Kepler-10,151.04,nan,0.0399,0.26,nan,5708.0,1.06,0.91
Kepler-934 b,Kepler-934,55.6738309,0.186,nan,nan,nan,5001.0,0.77,0.81
Kepler-104 c,Kepler-104,23.668205,0.279,nan,nan,nan,5711.0,1.35,nan
Kepler-507 b,Kepler-507,3.56809693,0.116,nan,nan,nan,6113.0,1.32,1.16
K2-2016-BLG-0005L b,K2-2016-BLG-0005L,4700.0,nan,1.1,nan,nan,nan,nan,0.58
WISE J033605.05-014350.4 b,WISE J033605.05-014350.4,2560.0,nan,8.25,nan,325.0,415.0,nan,0.01
OGLE-2018-BLG-1126L b,OGLE-2018-BLG-1126L,nan,nan,0.056,nan,nan,nan,nan,0.69
OGLE-2018-BLG-1647L b,OGLE-2018-BLG-1647L,nan,nan,0.97,nan,nan,nan,nan,0.09
OGLE-2018-BLG-1367L b,OGLE-2018-BLG-1367L,nan,nan,0.95,nan,nan,nan,nan,0.28
OGLE-2018-BLG-0932L b,OGLE-2018-BLG-0932L,nan,nan,0.89,nan,nan,nan,nan,0.72
OGLE-2018-BLG-1212L b,OGLE-2018-BLG-1212L,nan,nan,0.2,nan,nan,nan,nan,0.16
TOI-815 c,TOI-815,34.976145,0.234,0.07394,0.22,469.0,4869.0,0.77,0.78
WASP-193 b,WASP-193,6.2463345,1.464,0.139,0.056,1254.0,6078.0,1.24,1.06
Kepler-316 c,Kepler-316,6.827766,0.103,nan,nan,nan,4204.0,0.52,nan
LP 791-18 d,LP 791-18,2.753436,0.092,0.00283,0.0015,395.5,2960.0,0.18,0.14
Kepler-1766 b,Kepler-1766,105.0149994,0.203,nan,nan,nan,5868.0,1.04,0.92
Kepler-935 b,Kepler-935,4.88083852,0.12,nan,nan,nan,4830.0,0.73,0.78
Kepler-936 b,Kepler-936,10.56134221,0.129,nan,nan,nan,5482.0,0.89,0.92
Kepler-937 b,Kepler-937,67.668827,0.332,nan,nan,nan,6095.0,1.22,1.15
Kepler-1767 b,Kepler-1767,59.65829849,0.269,nan,nan,nan,5243.0,0.83,0.89
Kepler-938 b,Kepler-938,52.6298417,0.198,nan,nan,nan,5533.0,0.89,0.92
Kepler-939 b,Kepler-939,14.878296,0.156,nan,nan,nan,5471.0,0.85,0.88
Kepler-940 b,Kepler-940,59.6225257,0.298,nan,nan,nan,5769.0,0.96,0.97
Kepler-941 b,Kepler-941,17.42395198,0.275,nan,nan,nan,5539.0,0.86,0.89
Kepler-917 b,Kepler-917,2.97041437,0.17,nan,nan,nan,5418.0,0.76,0.8
NGTS-33 b,NGTS-33,2.827972,1.64,3.63,0.0,1991.0,7437.0,1.47,1.6
Kepler-918 b,Kepler-918,4.85386933,0.155,nan,nan,nan,6028.0,1.14,1.11
KMT-2022-BLG-0440L b,KMT-2022-BLG-0440L,nan,nan,0.04845,nan,nan,nan,nan,0.53
KMT-2019-BLG-0298L b,KMT-2019-BLG-0298L,nan,nan,1.81,nan,nan,nan,nan,0.7
KMT-2019-BLG-1216L b,KMT-2019-BLG-1216L,nan,nan,0.094,nan,nan,nan,nan,0.39
KMT-2019-BLG-2783L b,KMT-2019-BLG-2783L,nan,nan,1.16,nan,nan,nan,nan,0.34
OGLE-2019-BLG-0249L b,OGLE-2019-BLG-0249L,nan,nan,7.12,nan,nan,nan,nan,0.91
OGLE-2019-BLG-0679L b,OGLE-2019-BLG-0679L,nan,nan,3.34,nan,nan,nan,nan,0.66
HD 207496 b,HD 207496,6.441008,0.201,0.01919,0.231,743.0,4819.0,0.77,0.8
Kepler-919 b,Kepler-919,11.04603384,0.201,nan,nan,nan,6113.0,1.21,1.15
K2-416 b,K2-416,13.102,0.237,5.2,nan,447.0,3746.0,0.55,0.55
K2-417 b,K2-417,6.535,0.295,2.2,nan,558.0,3861.0,0.58,0.57
MOA-2020-BLG-208L b,MOA-2020-BLG-208L,nan,nan,0.14473,nan,nan,nan,nan,0.43
HD 167677 b,HD 167677,1820.0,nan,2.85,0.182,nan,5474.0,nan,0.96
HD 89839 b,HD 89839,3441.0,nan,5.01,0.187,nan,6314.0,nan,1.21
HD 165131 b,HD 165131,2342.6,nan,18.7,0.6708,nan,5870.0,nan,1.06
HD 15906 c,HD 15906,21.583298,0.261,nan,0.04,532.0,4757.0,0.76,0.79
TOI-4010 e,TOI-4010,762.0,nan,2.17728,0.26,174.0,4960.0,0.83,0.88
GJ 328 c,GJ 328,241.8,nan,0.06733,nan,nan,3897.0,0.63,0.65
HIP 54597 b,HIP 54597,3274.0,nan,2.4,0.03,nan,nan,nan,0.8
BD-210397 b,BD-210397,1891.0,nan,0.7,0.1,nan,4051.0,0.75,0.68
BD-210397 c,BD-210397,6240.0,nan,4.8,0.43,nan,nan,nan,0.69
HD 74698 b,HD 74698,15.017,nan,0.07,0.1,nan,5783.0,1.33,1.04
HD 74698 c,HD 74698,3449.0,nan,0.4,0.2,nan,5783.0,1.33,1.04
HD 94771 b,HD 94771,2164.0,nan,0.53,0.39,nan,5631.0,1.9,1.2
TOI-2018 b,TOI-2018,7.435583,0.202,0.02895,0.0,nan,4174.0,0.62,0.57
Kepler-1759 b,Kepler-1759,3.7202301,0.081,nan,nan,nan,5017.0,0.8,0.76
Kepler-313 b,Kepler-313,14.970418,0.226,nan,nan,nan,5727.0,1.54,nan
Kepler-1760 b,Kepler-1760,38.3260994,0.204,nan,nan,nan,5229.0,0.9,0.82
Kepler-1761 b,Kepler-1761,4.04354,0.124,nan,nan,nan,3871.0,0.53,0.57
Kepler-920 b,Kepler-920,6.53192704,0.216,nan,nan,nan,5403.0,0.85,0.89
Kepler-921 b,Kepler-921,51.300634,0.256,nan,nan,nan,5663.0,0.91,0.93
rho CrB d,rho CrB,282.2,nan,0.06796,0.0,nan,5817.0,1.34,0.95
rho CrB e,rho CrB,12.949,nan,0.01192,0.126,nan,5817.0,1.34,0.95
TOI-1634 c,TOI-1634,103.0,nan,nan,0.0,nan,3472.0,0.45,0.45
HD 22946 d,HD 22946,47.42489,0.233,0.0836,nan,546.0,6169.0,1.12,1.1
HIP 81208 C b,HIP 81208 C,104100.0,nan,14.8,nan,2050.0,nan,nan,0.14
MOA-2022-BLG-249L b,MOA-2022-BLG-249L,nan,nan,0.0152,nan,nan,nan,nan,0.18
DMPP-4 b,DMPP-4,3.4982,nan,0.03839,0.063,nan,6400.0,1.38,1.25
TOI-1470 c,TOI-1470,18.08816,0.22,0.02278,0.5,373.0,3709.0,0.47,0.47
GJ 367 c,GJ 367,11.5301,nan,0.01299,0.09,nan,3522.0,0.46,0.46
GJ 367 d,GJ 367,34.369,nan,0.01897,0.14,nan,3522.0,0.46,0.46
HN Lib b,HN Lib,36.116,nan,0.01718,0.079,234.4,3347.0,0.3,0.29
TOI-1052 c,TOI-1052,35.806,nan,0.10792,0.237,719.0,6146.0,1.26,1.2
HD 6860 b,HD 6860,663.87,nan,28.26,0.28,nan,3802.0,86.4,2.49
HD 112300 b,HD 112300,466.63,nan,15.83,0.36,nan,3657.0,65.8,1.4
Kepler-922 b,Kepler-922,0.93846683,0.127,nan,nan,nan,5671.0,0.93,0.95
Kepler-943 b,Kepler-943,49.7701438,0.529,nan,nan,nan,5612.0,0.91,0.93
Kepler-945 b,Kepler-945,31.0033814,0.235,nan,nan,nan,5718.0,0.97,0.97
HD 36384 b,HD 36384,490.0,nan,6.6,0.2,nan,3940.0,38.4,1.14
MWC 758 c,MWC 758,nan,nan,nan,nan,500.0,nan,nan,1.5
Kepler-944 b,Kepler-944,43.3167737,0.235,nan,nan,nan,5409.0,0.83,0.86
TOI-4600 c,TOI-4600,482.8191,0.841,9.27,0.21,191.0,5170.0,0.81,0.89
Kepler-942 b,Kepler-942,44.96417488,0.19,nan,nan,nan,4861.0,0.75,0.81
Kepler-120 c,Kepler-120,12.794585,0.136,nan,nan,nan,4096.0,0.53,nan
TOI-198 b,TOI-198,10.2152,0.128,nan,nan,368.0,3650.0,0.44,0.47
HD 73256 c,HD 73256,2690.0,nan,16.0,0.16,nan,nan,nan,1.0
HD 75302 b,HD 75302,4356.0,nan,5.4,0.39,nan,nan,nan,1.06
HD 108202 b,HD 108202,2990.0,nan,3.0,0.52,nan,nan,nan,0.74
HD 135625 b,HD 135625,4055.0,nan,2.3,0.16,nan,nan,nan,1.28
HD 185283 b,HD 185283,4060.0,nan,1.3,0.07,nan,nan,nan,0.8
GJ 9404 b,GJ 9404,13.4586,nan,0.03744,0.49,nan,nan,nan,0.62
HIP 29442 c,HD 42813,3.5379559,0.138,0.01416,nan,1123.0,5289.0,0.98,0.9
HIP 29442 d,HD 42813,6.429575,0.137,0.01617,nan,920.0,5289.0,0.98,0.9
KMT-2021-BLG-2010L b,KMT-2021-BLG-2010L,nan,nan,1.07,nan,nan,nan,nan,0.37
KMT-2022-BLG-0371L b,KMT-2022-BLG-0371L,nan,nan,0.26,nan,nan,nan,nan,0.63
KMT-2022-BLG-1013L b,KMT-2022-BLG-1013L,nan,nan,0.31,nan,nan,nan,nan,0.18
Kepler-1651 b,Kepler-1651,9.87863917,0.164,nan,0.13,nan,3713.0,0.5,0.52
HD 99492 c,HD 99492,95.233,nan,0.05632,0.063,nan,4929.0,nan,0.85
75 Cet c,75 Cet,2051.62,nan,0.912,0.023,nan,4809.0,10.38,1.92
HIP 113103 b,HIP 113103,7.610303,0.163,nan,0.17,721.0,4930.0,0.74,0.76
HIP 113103 c,HIP 113103,14.245648,0.214,nan,0.17,585.0,4930.0,0.74,0.76
HAT-P-2 c,HAT-P-2,8500.0,nan,10.7,0.37,nan,nan,nan,1.33
TOI-199 c,TOI-199,273.69,nan,0.28,0.096,nan,5255.0,0.82,0.94
TOI-6651 b,TOI-6651,5.056973,0.454,0.19193,0.091,1493.0,5940.0,1.72,1.32
Kepler-1777 b,Kepler-1777,12.18420029,0.19,nan,nan,nan,5771.0,1.07,0.98
Kepler-1034 b,Kepler-1034,12.12400943,0.202,nan,nan,nan,5198.0,0.8,0.83
Kepler-109 c,Kepler-109,21.22265,0.236,0.0258,0.098,859.0,5950.0,1.39,1.09
Kepler-1978 b,Kepler-1978,10.84969477,0.238,nan,0.0,676.0,5251.0,0.78,0.87
Kepler-951 b,Kepler-951,71.52530845,0.499,nan,nan,nan,4834.0,0.73,0.77
Kepler-323 c,Kepler-323,3.5538229,0.14,0.0214,0.095,1431.0,6004.0,1.12,1.01
HIP 66074 b,HIP 66074,310.9,nan,5.0,0.948,nan,4300.0,0.69,0.7
Kepler-1513 c,Kepler-1513,841.4,nan,0.266,0.125,nan,5491.0,0.95,0.94
GJ 724 b,GJ 724,5.101284,nan,0.03382,0.577,611.0,3799.0,0.52,0.53
GJ 3988 b,GJ 3988,6.9442,nan,0.01161,0.0,348.0,3273.0,0.2,0.18
Kepler-1773 b,Kepler-1773,40.80970001,0.313,nan,nan,nan,6183.0,1.3,1.24
Kepler-1024 b,Kepler-1024,66.4162133,0.349,nan,nan,nan,5143.0,0.78,0.81
Kepler-967 b,Kepler-967,13.22713379,0.21,nan,nan,nan,5178.0,0.8,0.84
Kepler-49 c,Kepler-49,10.91,0.218,0.02637,0.008,nan,4095.6,0.62,0.61
Kepler-975 b,Kepler-975,1.97034246,0.132,nan,nan,nan,4897.0,0.75,0.8
Kepler-1775 b,Kepler-1775,85.65399933,0.325,nan,nan,nan,5818.0,1.65,1.15
TOI-1736 c,TOI-1736,571.25,nan,7.68024,0.3685,nan,5636.0,1.43,1.04
AU Mic d,AU Mic,12.73596,nan,0.00331,0.00305,nan,3678.0,0.74,0.51
GJ 806 b,GJ 806,0.9263237,0.119,0.00598,nan,940.0,3600.0,0.41,0.41
GJ 806 c,GJ 806,6.64064,nan,0.01825,nan,490.0,3600.0,0.41,0.41
HD 110067 b,HD 110067,9.113678,0.196,0.0179,nan,800.0,5266.0,0.79,0.8
HD 110067 c,HD 110067,13.673694,0.213,0.01982,nan,699.0,5266.0,0.79,0.8
HD 110067 d,HD 110067,20.519617,0.254,0.02681,nan,602.0,5266.0,0.79,0.8
HD 110067 e,HD 110067,30.793091,0.173,0.01227,nan,533.0,5266.0,0.79,0.8
HD 110067 f,HD 110067,41.05854,0.232,0.01586,nan,489.0,5266.0,0.79,0.8
HD 110067 g,HD 110067,54.76992,0.233,0.02643,nan,440.0,5266.0,0.79,0.8
HD 88986 b,HD 88986,146.05,0.222,0.05412,0.24,460.0,5861.0,1.54,1.25
HD 112570 b,HD 112570,2615.0,nan,3.42,0.2,nan,4750.0,9.85,1.15
HD 154391 b,HD 154391,5163.0,nan,9.1,0.2,nan,4909.0,8.56,2.07
LHS 3154 b,LHS 3154,3.71778,nan,0.04137,0.076,nan,2861.0,0.14,0.11
TOI-544 c,TOI-544,50.089,nan,0.06765,0.32,nan,4169.0,0.62,0.63
Kepler-317 b,Kepler-317,5.524242,0.186,nan,nan,nan,5497.0,0.94,nan
KMT-2021-BLG-1547L b,KMT-2021-BLG-1547L,nan,nan,1.47,nan,nan,nan,nan,0.72
KMT-2021-BLG-1770L b,KMT-2021-BLG-1770L,nan,nan,21.0,nan,nan,nan,nan,0.13
HD 63433 d,HD 63433,4.209075,0.096,nan,0.16,1040.0,5688.0,0.91,0.99
OGLE-2019-BLG-1180L b,OGLE-2019-BLG-1180L,nan,nan,1.747,nan,nan,nan,nan,0.55
Kepler-995 b,Kepler-995,28.26731672,0.241,nan,nan,nan,5206.0,0.8,0.83
KMT-2018-BLG-0885L b,KMT-2018-BLG-0885L,nan,nan,29.0,nan,nan,nan,nan,0.29
KMT-2019-BLG-0297L b,KMT-2019-BLG-0297L,nan,nan,19.0,nan,nan,nan,nan,0.21
KMT-2019-BLG-0335L b,KMT-2019-BLG-0335L,nan,nan,21.0,nan,nan,nan,nan,0.32
Kepler-48 c,Kepler-48,9.67395,0.242,0.04597,nan,nan,5194.0,0.89,0.88
Kepler-1053 b,Kepler-1053,2.41435165,0.087,nan,nan,nan,4529.0,0.69,0.74
TIC 393818343 b,TIC 393818343,16.24921,1.087,4.34,0.6058,805.5,5756.0,1.09,1.08
TOI-1386 c,TOI-1386,232.0,nan,0.23661,0.38,nan,5735.0,1.02,1.04
TOI-238 c,TOI-238,8.465651,0.194,0.02108,0.36,696.0,5059.0,0.73,0.79
Kepler-48 f,Kepler-48,5219.681854,nan,0.93944,0.015283,nan,nan,nan,0.92
Kepler-100 e,Kepler-100,60.888588,nan,0.07596,0.026437,nan,nan,nan,1.1
Kepler-139 e,Kepler-139,2047.635373,nan,1.34071,0.013121,nan,nan,nan,1.08
HD 134606 b,HD 134606,12.089,nan,0.0286,0.092,nan,5576.0,1.16,1.05
HD 134606 c,HD 134606,58.883,nan,0.03559,0.055,nan,5576.0,1.16,1.05
HD 134606 d,HD 134606,966.5,nan,0.14096,0.092,nan,5576.0,1.16,1.05
Kepler-1772 b,Kepler-1772,3.21509004,0.24,nan,nan,nan,5541.0,0.93,0.94
HD 134606 e,HD 134606,4.3203,nan,0.00736,0.2,nan,5576.0,1.16,1.05
HD 134606 f,HD 134606,26.915,nan,0.01771,0.081,nan,5576.0,1.16,1.05
Teegarden's Star d,Teegarden's Star,26.13,nan,0.00258,0.07,159.0,3034.0,0.12,0.1
Kepler-416 b,Kepler-416,6.319,0.221,0.183,nan,nan,nan,1.07,1.0
Kepler-331 b,Kepler-331,8.457496,0.162,nan,nan,nan,4347.0,0.49,nan
Kepler-1671 b,Kepler-1671,4.16787,0.118,nan,nan,nan,5135.55,0.93,0.87
HS Psc b,HS Psc,3.986,nan,1.46,0.27,nan,4203.0,0.65,0.69
NGC 2682 Sand 1429 b,NGC 2682 Sand 1429,77.48,nan,1.8,0.0,683.0,6000.0,2.13,1.26
CI Tau c,CI Tau,25.2,nan,3.6,0.58,nan,nan,nan,nan
Kepler-487 d,Kepler-487,2.41839004,0.248,nan,nan,nan,5422.0,0.89,0.87
Kepler-1060 b,Kepler-1060,46.8779367,0.212,nan,nan,nan,5797.0,0.99,0.99
HD 104067 c,HD 104067,13.8992,nan,0.04153,0.29,nan,4952.0,0.78,0.82
Luhman 16 b,Luhman 16 A,9697.0,nan,29.4,0.344,nan,nan,nan,0.03
KMT-2021-BLG-1150L b,KMT-2021-BLG-1150L,nan,nan,0.88,nan,nan,nan,nan,0.73
M62H b,M62H,0.13293503,nan,2.47,nan,nan,nan,nan,1.4
Kepler-350 c,Kepler-350,17.849,0.277,0.019,nan,nan,nan,1.25,1.0
OGLE-2017-BLG-0640L b,OGLE-2017-BLG-0640L,nan,nan,1.62,nan,nan,nan,nan,0.32
OGLE-2017-BLG-1275L b,OGLE-2017-BLG-1275L,nan,nan,5.9,nan,nan,nan,nan,0.63
OGLE-2017-BLG-1237L b,OGLE-2017-BLG-1237L,nan,nan,3.8,nan,nan,nan,nan,0.46
IRAS 04125+2902 b,IRAS 04125+2902,8.834978,0.958,nan,nan,854.0,4080.0,1.45,0.7
Kepler-319 c,Kepler-319,6.941357,0.235,nan,nan,nan,5526.0,0.9,nan
HIP 39017 b,HIP 39017,31000.0,nan,23.6,0.55,nan,nan,nan,1.52
KMT-2023-BLG-0416L b,KMT-2023-BLG-0416L,nan,nan,0.041,nan,nan,nan,nan,0.63
KMT-2023-BLG-1454L b,KMT-2023-BLG-1454L,nan,nan,0.63,nan,nan,nan,nan,0.17
KMT-2023-BLG-1642L b,KMT-2023-BLG-1642L,nan,nan,1.08,nan,nan,nan,nan,0.17
2MASS J11550485-7919108 b,2MASS J11550485-7919108,nan,nan,20.0,nan,2506.0,nan,nan,nan
2MASS J21252752-8138278 b,2MASS J21252752-8138278,nan,nan,12.0,nan,1616.0,nan,nan,nan
Kepler-1042 b,Kepler-1042,10.13202575,0.195,nan,nan,nan,4815.0,0.72,0.75
2MASS J03590986+2009361 b,2MASS J03590986+2009361,nan,nan,18.0,nan,2369.0,nan,nan,nan
ITG 15 b,ITG 15 A,nan,nan,21.0,nan,2601.0,nan,nan,nan
G 196-3 b,G 196-3,nan,nan,26.0,nan,1670.0,nan,nan,nan
Kepler-1026 b,Kepler-1026,36.5156053,0.197,nan,nan,nan,4948.0,0.75,0.79
2MASS J11011926-7732383 b,2MASS J11011926-7732383,nan,nan,28.0,nan,2677.0,nan,nan,nan
HIP 77900 b,HIP 77900,nan,nan,21.0,nan,2507.0,nan,nan,nan
TIC 139270665 b,TIC 139270665,23.624,0.645,0.463,0.105,703.0,5844.0,1.02,1.03
TIC 139270665 c,TIC 139270665,1010.0,nan,4.89,0.566,200.0,5844.0,1.02,1.03
2MASS J0249-0557 c,2MASS J0249-0557 A,nan,nan,11.6,nan,nan,nan,nan,0.05
SPECULOOS-3 b,SPECULOOS-3,0.71912603,0.087,nan,nan,553.0,2800.0,0.12,0.1
TOI-1224 b,TOI-1224,4.1782745,0.188,nan,nan,541.0,3326.0,0.4,0.4
TOI-1224 c,TOI-1224,17.945466,0.257,nan,0.0,nan,3326.0,0.4,0.4
UCAC3 113-933 b,UCAC3 113-933,nan,nan,21.0,nan,nan,nan,nan,0.61
UCAC4 328-061594 b,UCAC4 328-061594,nan,nan,21.0,nan,nan,nan,nan,1.19
GJ 900 b,GJ 900 A,nan,nan,11.0,nan,nan,nan,nan,1.08
NGTS-26 b,NGTS-26,4.5199279,1.328,0.292,0.0,1331.0,5550.0,1.16,0.96
TOI-1450 A c,TOI-1450 A,5.0688,nan,0.0048,nan,533.0,3437.0,0.48,0.48
MOA-2022-BLG-563L b,MOA-2022-BLG-563L,nan,nan,0.4,nan,nan,nan,nan,0.48
KMT-2023-BLG-0469L b,KMT-2023-BLG-0469L,nan,nan,0.124,nan,nan,nan,nan,0.47
KMT-2023-BLG-0735L b,KMT-2023-BLG-0735L,nan,nan,0.122,nan,nan,nan,nan,0.61
HD 284149 AB b,HD 284149 A,nan,nan,26.28,nan,2395.0,6035.0,1.36,nan
TOI-4527.01,TOI-4527,0.3994445,0.081,nan,nan,1362.926593,3702.0,0.49,0.48
Kepler-1032 b,Kepler-1032,3.29011795,0.167,nan,nan,nan,4647.0,0.71,0.77
Kepler-328 c,Kepler-328,71.312,0.482,0.124,nan,nan,nan,1.06,1.15
Kepler-11 d,Kepler-11,22.6845,0.278,0.023,0.004,nan,5663.0,1.06,0.96
OGLE-2023-BLG-0836L b,OGLE-2023-BLG-0836L,nan,nan,4.36,nan,nan,nan,nan,0.71
TIC 365102760 b,TIC 365102760,4.21285367,0.554,0.06041,0.406,nan,4900.0,3.13,1.17
KMT-2023-BLG-1431L b,KMT-2023-BLG-1431L,nan,nan,0.04279,nan,nan,nan,nan,0.57
OGLE-2014-BLG-0221L b,OGLE-2014-BLG-0221L,nan,nan,4.35,nan,nan,nan,nan,0.69
HD 48948 b,HD 48948,7.34013,nan,0.01535,0.055,957.0,4593.0,0.68,0.69
HD 48948 c,HD 48948,38.06,nan,0.02287,0.55,553.0,4593.0,0.68,0.69
HD 48948 d,HD 48948,151.92,nan,0.03332,0.055,349.0,4593.0,0.68,0.69
TIC 241249530 b,TIC 241249530,165.7719,1.186,4.98,0.9412,nan,6166.0,1.4,1.27
TIC 46432937 b,TIC 46432937,1.44044527,1.188,3.2,0.009,872.0,3572.0,0.53,0.56
TOI-1294 c,TOI-1294,159.9,nan,0.46251,0.0,nan,5718.0,1.56,1.16
Kepler-1017 b,Kepler-1017,7.23400469,0.178,nan,nan,nan,5473.0,0.87,0.93
TOI-1410 c,TOI-1410,47.56,nan,0.08495,0.0,nan,4635.0,0.76,0.79
Gaia22dkvL b,Gaia22dkvL,nan,nan,0.591,nan,nan,nan,nan,1.15
TOI-1408 c,TOI-1408,2.1664,0.198,0.02391,0.1353,nan,6117.0,1.53,1.31
GJ 238 b,GJ 238,1.7446999,0.05,nan,nan,758.0,3485.0,0.43,0.42
HD 118203 c,HD 118203,5070.0,nan,11.1,0.257,146.0,5788.0,2.03,1.22
Kepler-974 b,Kepler-974,4.19449651,0.14,nan,nan,nan,3687.0,0.5,0.52
OGLE-2017-BLG-0448L b,OGLE-2017-BLG-0448L,nan,nan,0.04908,nan,nan,nan,nan,0.5
TIC 4672985 b,TIC 4672985,69.048,1.026,12.74,0.018,517.2,5757.0,1.15,1.01
Kepler-955 b,Kepler-955,14.53244172,0.279,nan,nan,nan,5350.0,0.84,0.89
HD 21520 b,HD 21520,25.1292,0.241,0.05569,0.0,637.0,5871.0,1.04,1.09
HD 222237 b,HD 222237,14892.0,nan,5.19,0.56,nan,4751.0,0.71,0.76
TOI-4562 c,TOI-4562,3990.0,nan,5.77,0.122,nan,6096.0,1.15,1.19
HIP 67522 c,HIP 67522,14.334892,0.708,nan,0.077,917.0,5675.0,1.38,1.22
Barnard b,Barnard's star,3.1533,nan,0.00116,0.16,400.0,3195.0,0.18,0.16
OGLE-2016-BLG-1598L b,OGLE-2016-BLG-1598L,nan,nan,0.38,nan,nan,nan,nan,0.55
OGLE-2016-BLG-1800L b,OGLE-2016-BLG-1800L,nan,nan,2.59,nan,nan,nan,nan,0.41
MOA-2016-BLG-526L b,MOA-2016-BLG-526L,nan,nan,0.047,nan,nan,nan,nan,0.37
KMT-2016-BLG-2321L b,KMT-2016-BLG-2321L,nan,nan,0.95,nan,nan,nan,nan,0.73
KMT-2023-BLG-1866L b,KMT-2023-BLG-1866L,nan,nan,0.00827,nan,nan,nan,nan,0.51
HD 75898 c,HD 75898,6717.0,nan,8.49,0.08,nan,6122.0,nan,1.29
Kepler-158 d,Kepler-158,0.645088,0.038,nan,nan,nan,4895.97,0.67,0.66
Kepler-963 c,Kepler-963,0.919783,0.054,nan,nan,nan,5169.47,0.93,0.82
Kepler-879 c,Kepler-879,0.646716,0.036,nan,nan,nan,5456.75,1.02,0.97
Kepler-1489 c,Kepler-1489,0.680741,0.045,nan,nan,nan,5565.53,0.96,0.98
Kepler-1672 b,Kepler-1672,150.878,0.265,nan,nan,nan,6131.95,1.09,1.16
KOI-4978 b,KOI-4978,0.941967,0.062,nan,nan,nan,5050.28,0.97,0.86
Kepler-51 e,Kepler-51,264.284,nan,0.01699,0.02,nan,5674.0,0.87,0.96
Kepler-340 c,Kepler-340,22.824669,0.301,nan,nan,nan,6620.0,1.85,nan
Kepler-20 d,Kepler-20,77.611455,0.232,0.04216,0.082,430.0,5495.0,0.92,0.93
Kepler-20 b,Kepler-20,3.6961049,0.158,0.03052,0.083,1187.0,5495.0,0.92,0.93
Kepler-964 b,Kepler-964,13.5225106,0.189,nan,nan,nan,5427.0,0.84,0.93
Kepler-348 b,Kepler-348,7.05677,0.136,nan,nan,nan,6177.0,1.36,nan
TOI-2458 c,TOI-2458,16.553,nan,0.03216,0.29,nan,6005.0,1.31,1.05
KMT-2021-BLG-2609L b,KMT-2021-BLG-2609L,nan,nan,0.032,nan,nan,nan,nan,0.2
KMT-2022-BLG-0303L b,KMT-2022-BLG-0303L,nan,nan,0.513,nan,nan,nan,nan,0.37
HD 86728 b,HD 86728,31.1515,nan,0.02967,0.067,nan,5610.0,1.24,0.97
Kepler-338 b,Kepler-338,13.726976,0.218,nan,nan,nan,5923.0,1.74,nan
Kepler-111 b,Kepler-111,3.341815,0.141,nan,nan,nan,5952.0,1.16,nan
Kepler-970 b,Kepler-970,16.736525,0.233,nan,0.34,nan,4290.0,0.71,0.67
Kepler-959 b,Kepler-959,14.80074836,0.391,nan,nan,nan,7005.0,2.01,1.6
Kepler-1051 b,Kepler-1051,25.96200249,0.303,nan,nan,nan,6675.0,1.73,1.43
Kepler-1774 b,Kepler-1774,59.77080154,0.284,nan,nan,nan,6214.0,1.12,1.1
Kepler-333 b,Kepler-333,12.551158,0.118,nan,nan,nan,4259.0,0.53,nan
Kepler-1675 b,Kepler-1675,63.0382,0.279,nan,nan,nan,5853.19,1.13,1.06
Kepler-105 c,Kepler-105,7.12592,0.128,0.01762,0.02,nan,5933.0,1.03,0.99
Kepler-971 b,Kepler-971,9.59070716,0.19,nan,nan,nan,5431.0,0.85,0.88
Kepler-950 b,Kepler-950,98.7180406,0.801,nan,nan,nan,5857.0,1.02,1.02
Kepler-336 d,Kepler-336,20.678772,0.211,nan,nan,nan,5867.0,1.3,nan
Kepler-1783 b,Kepler-1783,8.27744007,0.118,nan,nan,nan,5129.0,1.78,0.89
Kepler-26 c,Kepler-26,17.2559,0.243,0.01951,nan,nan,3914.0,0.51,0.54
Kepler-996 b,Kepler-996,3.77059058,0.177,nan,nan,nan,6014.0,1.14,1.09
Kepler-1029 b,Kepler-1029,4.41769648,0.112,nan,nan,nan,5030.0,0.77,0.82
Kepler-948 b,Kepler-948,7.76846622,0.165,nan,nan,nan,5679.0,0.94,0.96
Kepler-1057 b,Kepler-1057,14.08827448,0.3,nan,nan,nan,5987.0,1.1,1.07
Kepler-1059 b,Kepler-1059,3.76419105,0.154,nan,nan,nan,4906.0,0.72,0.75
Kepler-965 b,Kepler-965,134.2527298,0.302,nan,nan,nan,5886.0,1.15,1.05
Kepler-952 b,Kepler-952,130.3546919,0.682,nan,nan,nan,5730.0,0.99,1.0
Kepler-1048 b,Kepler-1048,6.92101021,0.144,nan,nan,nan,4651.0,0.7,0.75
Kepler-102 d,Kepler-102,10.311767,0.103,0.00944,0.092,686.0,4909.0,0.72,0.8
Kepler-988 b,Kepler-988,17.76080053,0.185,nan,nan,nan,4005.0,0.53,0.55
Kepler-977 b,Kepler-977,26.85328322,0.234,nan,nan,nan,5315.0,0.83,0.87
Kepler-947 b,Kepler-947,26.9644317,0.203,nan,nan,nan,5508.0,0.87,0.9
Kepler-1781 b,Kepler-1781,4.88752985,0.212,nan,nan,nan,5568.0,0.96,1.05
Kepler-343 b,Kepler-343,8.96855,0.215,nan,nan,nan,5807.0,1.43,nan
Kepler-107 c,Kepler-107,4.901452,0.142,0.03146,0.08,1378.0,5854.0,1.45,1.24
Kepler-1021 b,Kepler-1021,13.47469571,0.208,nan,nan,nan,5431.0,0.86,0.89
Kepler-1006 b,Kepler-1006,19.76172042,0.137,nan,nan,nan,5328.0,0.74,0.78
Kepler-1009 b,Kepler-1009,11.35011917,0.194,nan,nan,nan,4027.0,0.57,0.59
Kepler-351 c,Kepler-351,57.24809,0.285,nan,nan,nan,5643.0,0.85,nan
Kepler-1027 b,Kepler-1027,1.9078052,0.079,nan,nan,nan,5436.0,0.82,0.91
Kepler-1035 b,Kepler-1035,2.71407755,0.104,nan,nan,nan,5763.0,0.97,0.98
Kepler-986 b,Kepler-986,56.4349938,0.211,nan,nan,nan,5642.0,0.98,0.96
Kepler-1780 b,Kepler-1780,109.4449997,0.322,nan,nan,nan,5403.0,0.87,0.87
Kepler-49 d,Kepler-49,2.576549,0.143,nan,nan,nan,4252.0,0.56,nan
Kepler-978 b,Kepler-978,49.6221509,0.267,nan,nan,nan,6002.0,1.09,1.07
Kepler-1002 b,Kepler-1002,4.33642933,0.153,nan,nan,nan,6144.0,1.57,1.22
Kepler-1005 b,Kepler-1005,6.49801525,0.134,nan,nan,nan,5782.0,1.06,1.0
Kepler-341 c,Kepler-341,8.01041,0.152,nan,nan,nan,6012.0,1.02,nan
Kepler-1015 b,Kepler-1015,16.00494214,0.317,nan,nan,nan,6769.0,1.81,1.49
Kepler-1769 b,Kepler-1769,89.1934967,0.398,nan,nan,nan,6071.0,1.29,1.06
Kepler-972 b,Kepler-972,7.03932553,0.415,nan,nan,nan,6146.0,1.22,1.15
Kepler-11 e,Kepler-11,31.9996,0.374,0.025,0.012,nan,5663.0,1.06,0.96
Kepler-1770 b,Kepler-1770,16.84189987,0.253,nan,nan,nan,5602.0,1.01,0.94
Kepler-1676 b,Kepler-1676,29.9221,0.301,nan,nan,nan,5878.3,1.06,nan
Kepler-961 b,Kepler-961,16.87727414,0.227,nan,nan,nan,5582.0,0.9,0.96
Kepler-1778 b,Kepler-1778,10.08740044,0.269,nan,nan,nan,6310.0,1.09,1.14
Kepler-1025 b,Kepler-1025,37.3229493,0.177,nan,nan,nan,6089.0,1.13,1.09
Kepler-107 b,Kepler-107,3.1800218,0.137,0.01196,0.1,1592.0,5854.0,1.45,1.24
Kepler-1782 b,Kepler-1782,5.75622988,0.199,nan,nan,nan,4931.0,0.73,0.79
Kepler-985 b,Kepler-985,116.331901,0.266,nan,nan,nan,5434.0,0.85,0.91
Kepler-327 b,Kepler-327,2.549575,0.099,nan,nan,nan,3799.0,0.49,nan
Kepler-25 c,Kepler-25,12.7207,0.465,0.0479,0.0061,nan,nan,1.32,1.17
Kepler-946 b,Kepler-946,11.79162572,0.172,nan,nan,nan,5665.0,0.93,0.94
Kepler-1014 b,Kepler-1014,16.57110363,0.213,nan,nan,nan,5388.0,0.84,0.88
Kepler-1010 b,Kepler-1010,34.2685705,0.207,nan,nan,nan,5253.0,0.82,0.86
Kepler-321 c,Kepler-321,13.093921,0.207,nan,nan,nan,5740.0,1.19,nan
Kepler-1038 b,Kepler-1038,148.4603382,0.315,nan,nan,nan,5335.0,0.83,0.87
Kepler-322 c,Kepler-322,4.337234,0.149,nan,nan,nan,5388.0,0.89,nan
Kepler-993 b,Kepler-993,22.08557563,0.265,nan,nan,nan,3843.0,0.54,0.57
Kepler-1013 b,Kepler-1013,18.93054959,0.192,nan,nan,nan,4954.0,0.76,0.81
Kepler-1054 b,Kepler-1054,4.30655689,0.235,nan,nan,nan,6209.0,1.34,1.22
Kepler-1033 b,Kepler-1033,7.56052806,0.224,nan,nan,nan,5547.0,0.92,0.94
Kepler-953 b,Kepler-953,88.40655258,0.376,nan,nan,nan,5416.0,0.99,0.95
Kepler-349 b,Kepler-349,5.929778,0.17,nan,nan,nan,5956.0,0.93,nan
Kepler-1784 b,Kepler-1784,13.59049988,0.25,nan,nan,nan,5442.0,0.97,0.89
Kepler-1768 b,Kepler-1768,15.13589954,0.199,nan,nan,nan,6050.0,1.57,1.24
Kepler-37 d,Kepler-37,39.7922622,0.181,0.00629,0.1,499.0,5357.0,0.79,0.79
Kepler-330 c,Kepler-330,15.955387,0.174,nan,nan,nan,5117.0,0.72,nan
Kepler-1003 b,Kepler-1003,3.55485691,0.159,nan,nan,nan,6109.0,1.17,1.11
Kepler-1055 b,Kepler-1055,2.29503623,0.11,nan,nan,nan,5723.0,0.94,0.98
Kepler-1008 b,Kepler-1008,12.43931193,0.114,nan,nan,nan,5066.0,0.78,0.81
Kepler-1045 b,Kepler-1045,26.41045478,0.24,nan,nan,nan,5301.0,0.82,0.86
Kepler-983 b,Kepler-983,60.0855082,0.211,nan,nan,nan,6052.0,1.08,1.13
Kepler-980 b,Kepler-980,11.55102504,0.238,nan,nan,nan,5935.0,1.06,1.05
Kepler-963 b,Kepler-963,9.97683705,0.237,nan,nan,nan,5461.0,0.87,0.91
Kepler-127 d,Kepler-127,48.630408,0.236,nan,nan,nan,6106.0,1.36,nan
Kepler-329 c,Kepler-329,18.684737,0.172,nan,nan,nan,4257.0,0.52,nan
Kepler-1674 b,Kepler-1674,62.5611,0.286,nan,nan,nan,5473.91,0.88,0.96
Kepler-1039 b,Kepler-1039,0.93488424,0.13,nan,nan,nan,4870.0,0.74,0.79
Kepler-1018 b,Kepler-1018,49.1013514,0.23,nan,nan,nan,5518.0,0.88,0.91
Kepler-335 b,Kepler-335,6.562331,0.302,nan,nan,nan,5877.0,1.85,nan
Kepler-1779 b,Kepler-1779,16.34359932,0.271,nan,nan,nan,5730.0,1.06,1.01
Kepler-1030 b,Kepler-1030,19.32952416,0.221,nan,nan,nan,4983.0,0.76,0.8
Kepler-25 b,Kepler-25,6.238297,0.245,0.0275,0.0029,nan,nan,1.32,1.17
Kepler-1058 b,Kepler-1058,110.96546,0.243,nan,nan,nan,4644.0,0.69,0.73
Kepler-1007 b,Kepler-1007,5.18500207,0.128,nan,nan,nan,4587.0,0.7,0.73
Kepler-1016 b,Kepler-1016,1.95452434,0.194,nan,nan,nan,5821.0,1.0,0.99
Kepler-345 c,Kepler-345,9.387427,0.107,nan,nan,nan,4504.0,0.62,nan
Kepler-958 b,Kepler-958,9.7678805,0.184,nan,nan,nan,5421.0,0.86,0.91
Kepler-326 c,Kepler-326,4.580358,0.125,nan,nan,nan,5105.0,0.8,nan
Kepler-352 c,Kepler-352,16.332995,0.111,nan,nan,nan,5212.0,0.78,nan
Kepler-346 b,Kepler-346,6.511127,0.237,nan,nan,nan,6033.0,1.02,nan
Kepler-127 c,Kepler-127,29.393195,0.237,nan,nan,nan,6106.0,1.36,nan
Kepler-987 b,Kepler-987,105.3033148,0.291,nan,nan,nan,5637.0,0.91,0.97
Kepler-999 b,Kepler-999,5.99185702,0.209,nan,nan,nan,6237.0,1.65,1.29
Kepler-962 b,Kepler-962,12.05707239,0.176,nan,nan,nan,5478.0,0.86,0.93
Kepler-344 b,Kepler-344,21.963945,0.233,nan,nan,nan,5774.0,0.98,nan
Kepler-1020 b,Kepler-1020,96.9151496,0.203,nan,nan,nan,5227.0,0.8,0.87
Kepler-984 b,Kepler-984,43.0342272,0.189,nan,nan,nan,5610.0,0.93,0.96
Kepler-479 b,Kepler-479,12.49341307,0.189,nan,nan,nan,5247.0,0.81,0.86
Kepler-1012 b,Kepler-1012,5.50860439,0.115,nan,nan,nan,5556.0,0.91,0.95
Kepler-949 b,Kepler-949,8.6893073,0.26,nan,nan,nan,5403.0,0.86,0.89
Kepler-979 b,Kepler-979,8.0880135,0.243,nan,nan,nan,5310.0,0.83,0.87
Kepler-1996 c,Kepler-1996,92.7297248,0.251,nan,0.0,276.0,4580.0,0.68,0.75
Kepler-982 b,Kepler-982,15.7738221,0.201,nan,nan,nan,6139.0,1.29,1.16
Kepler-1044 b,Kepler-1044,6.77408868,0.238,nan,nan,nan,5985.0,1.11,1.08
Kepler-66 b,Kepler-66,17.815815,0.25,nan,nan,nan,5962.0,0.97,1.04
Kepler-1052 b,Kepler-1052,34.8538276,0.261,nan,nan,nan,5888.0,1.03,1.03
Kepler-93 b,Kepler-93,4.72673978,0.132,0.01466,0.0,1133.0,5669.0,0.92,0.91
Kepler-960 b,Kepler-960,3.12686223,0.204,nan,nan,nan,4755.0,0.72,0.77
Kepler-976 b,Kepler-976,105.9564148,0.353,nan,nan,nan,5232.0,0.83,0.87
Kepler-342 b,Kepler-342,15.170318,0.201,nan,nan,nan,6175.0,1.47,nan
Kepler-318 b,Kepler-318,4.662715,0.42,nan,nan,nan,5746.0,1.19,nan
Kepler-409 b,Kepler-409,68.9583216,0.107,0.01888,0.69,438.0,5421.0,0.9,0.91
Kepler-1011 b,Kepler-1011,5.75322197,0.256,nan,nan,nan,5416.0,0.88,0.91
Kepler-990 b,Kepler-990,9.91723428,0.232,nan,nan,nan,5948.0,1.08,1.05
Kepler-1056 b,Kepler-1056,27.495606,0.269,nan,nan,nan,6127.0,1.2,1.12
Kepler-493 b,Kepler-493,3.00387658,1.35,nan,nan,nan,6457.0,1.54,1.36
KOI-1783.01,KOI-1783,134.4628,0.79,0.22339,0.0,nan,5922.0,1.14,1.08
Kepler-1022 b,Kepler-1022,10.99469878,0.211,nan,nan,nan,4445.0,0.68,0.71
Kepler-1046 b,Kepler-1046,14.37508035,0.153,nan,nan,nan,5913.0,1.04,1.04
Kepler-1000 b,Kepler-1000,120.0181272,0.425,nan,nan,nan,6453.0,1.51,1.4
Kepler-1776 b,Kepler-1776,35.01190186,0.233,nan,nan,nan,5872.0,1.15,1.04
Kepler-1677 b,Kepler-1677,22.064,0.241,nan,nan,nan,6013.72,1.25,1.11
Kepler-473 b,Kepler-473,14.55731705,0.364,nan,nan,nan,5816.0,1.34,1.06
Kepler-334 c,Kepler-334,12.758005,0.128,nan,nan,nan,5828.0,1.07,nan
Kepler-337 c,Kepler-337,9.693201,0.183,nan,nan,nan,5684.0,1.76,nan
Kepler-1037 b,Kepler-1037,1.06378867,0.114,nan,nan,nan,5105.0,0.78,0.82
Kepler-989 b,Kepler-989,7.96431535,0.197,nan,nan,nan,5074.0,0.78,0.82
Kepler-1019 b,Kepler-1019,1.41122985,0.13,nan,nan,nan,4433.0,0.67,0.7
Kepler-332 b,Kepler-332,7.626324,0.104,nan,nan,nan,4955.0,0.72,nan
Kepler-497 b,Kepler-497,3.57320367,0.539,nan,nan,nan,5834.0,1.11,1.09
Kepler-994 b,Kepler-994,1.15116651,0.143,nan,nan,nan,3934.0,0.54,0.56
Kepler-1043 b,Kepler-1043,38.5053398,0.227,nan,nan,nan,5629.0,0.9,0.92
Kepler-992 b,Kepler-992,20.16034462,0.145,nan,nan,nan,4944.0,0.74,0.8
Kepler-981 b,Kepler-981,4.46975774,0.206,nan,nan,nan,5718.0,0.96,0.98
Kepler-1049 b,Kepler-1049,3.27346074,0.085,nan,nan,nan,3864.0,0.49,0.51
Kepler-969 b,Kepler-969,34.1731714,0.185,nan,nan,nan,5214.0,0.82,0.92
Kepler-954 b,Kepler-954,16.78176602,0.207,nan,nan,nan,4990.0,0.76,0.82
Kepler-1709 b,Kepler-1709,65.70459747,0.279,nan,nan,nan,5918.0,1.04,1.0
Kepler-1040 b,Kepler-1040,201.1214,0.186,nan,nan,nan,5694.0,0.96,0.98
Kepler-339 b,Kepler-339,4.977656,0.127,nan,nan,nan,5631.0,0.8,nan
Kepler-447 b,Kepler-447,7.79430132,1.65,1.37,0.123,nan,5493.0,1.05,1.0
Kepler-1050 b,Kepler-1050,15.3787546,0.143,nan,nan,nan,6010.0,1.13,1.09
Kepler-1001 b,Kepler-1001,14.30511983,0.281,nan,nan,nan,5491.0,0.88,0.9
Kepler-1673 b,Kepler-1673,33.7888,0.262,nan,nan,nan,6014.95,1.13,1.11
Kepler-957 b,Kepler-957,5.90741354,0.491,nan,nan,nan,4963.0,0.75,0.81
Kepler-1771 b,Kepler-1771,88.64399719,0.362,nan,nan,nan,5661.0,0.93,0.94
Kepler-956 b,Kepler-956,5.24867263,0.268,nan,nan,nan,6040.0,1.15,1.1
Kepler-998 b,Kepler-998,5.65377733,0.207,nan,nan,nan,6058.0,1.18,1.12
Kepler-347 b,Kepler-347,12.79836,0.176,nan,nan,nan,6088.0,1.0,nan
Kepler-411 c,Kepler-411,7.834435,0.394,0.08306,0.108,838.0,nan,0.82,0.87
Kepler-45 b,Kepler-45,2.455239,0.96,0.505,0.11,1000.0,3820.0,0.55,0.59
Kepler-324 c,Kepler-324,51.805612,0.281,nan,nan,nan,5194.0,0.84,nan
Kepler-1041 b,Kepler-1041,24.7576421,0.262,nan,nan,nan,5957.0,1.08,1.06
Kepler-991 b,Kepler-991,82.5342519,0.227,nan,nan,nan,4392.0,0.61,0.64
Kepler-1023 b,Kepler-1023,62.1387714,0.235,nan,nan,nan,5494.0,0.89,0.93
Kepler-1028 b,Kepler-1028,2.51462432,0.119,nan,nan,nan,5522.0,0.87,0.9
Kepler-1004 b,Kepler-1004,5.28789787,0.56,nan,nan,nan,4972.0,3.39,1.11
Kepler-325 b,Kepler-325,4.544439,0.26,nan,nan,nan,5752.0,1.0,nan
Kepler-997 b,Kepler-997,2.70730672,0.121,nan,nan,nan,6150.0,1.56,1.22
Kepler-973 b,Kepler-973,49.6077331,0.175,nan,nan,nan,5213.0,0.78,0.86
Kepler-1036 b,Kepler-1036,122.8808058,0.269,nan,nan,nan,5533.0,0.89,0.95
Kepler-65 c,Kepler-65,5.859944,0.23,nan,nan,nan,6211.0,1.41,1.25
Kepler-968 b,Kepler-968,3.69298373,0.178,nan,nan,nan,4598.0,0.7,0.76
Kepler-966 b,Kepler-966,99.747622,0.368,nan,nan,nan,5840.0,1.02,1.02
Kepler-1061 b,Kepler-1061,2.75798267,0.177,nan,nan,nan,6067.0,1.07,1.09
Kepler-1047 b,Kepler-1047,56.1886887,0.186,nan,nan,nan,5754.0,1.13,1.08
Kepler-188 b,Kepler-188,2.061897,0.15,nan,nan,nan,6021.0,1.14,nan
Kepler-1062 b,Kepler-1062,9.30412078,0.157,nan,nan,nan,4597.0,0.7,0.75
Kepler-1063 b,Kepler-1063,14.07971466,0.133,nan,nan,nan,5945.0,1.14,1.09
Kepler-1112 b,Kepler-1112,14.36267939,0.269,nan,nan,nan,6496.0,1.54,1.34
Kepler-1681 b,Kepler-1681,69.8956,0.228,nan,nan,nan,5756.4,nan,nan
Kepler-91 b,Kepler-91,6.24658,1.367,0.81,nan,2040.0,4550.0,6.3,1.31
Kepler-1113 b,Kepler-1113,42.3004954,0.251,nan,nan,nan,5931.0,1.17,1.12
Kepler-361 c,Kepler-361,55.188023,0.225,nan,nan,nan,6169.0,1.34,nan
Kepler-1114 b,Kepler-1114,14.97435694,0.12,nan,nan,nan,5374.0,0.83,0.87
Kepler-1115 b,Kepler-1115,23.5540725,0.152,nan,nan,nan,8480.0,1.73,1.6
Kepler-1116 b,Kepler-1116,41.6977827,0.227,nan,nan,nan,5641.0,0.93,0.95
Kepler-1117 b,Kepler-1117,4.79028459,0.099,nan,nan,nan,5612.0,0.93,0.95
Kepler-1118 b,Kepler-1118,38.6715075,0.244,nan,nan,nan,5688.0,0.97,0.96
Kepler-1119 b,Kepler-1119,8.3265153,0.171,nan,nan,nan,6083.0,1.17,1.11
Kepler-1120 b,Kepler-1120,2.94902905,0.123,nan,nan,nan,4904.0,0.74,0.78
Kepler-362 c,Kepler-362,37.866281,0.129,nan,nan,nan,5788.0,0.72,nan
Kepler-104 b,Kepler-104,11.427548,0.277,nan,nan,nan,5711.0,1.35,nan
Kepler-363 d,Kepler-363,11.932125,0.183,nan,nan,nan,5593.0,1.49,nan
Kepler-1121 b,Kepler-1121,13.15141081,0.17,nan,nan,nan,6231.0,1.59,1.29
Kepler-1979 b,Kepler-1979,18.5084526,2.617,nan,0.0,683.0,5942.0,0.94,1.03
Kepler-1786 b,Kepler-1786,78.5460968,0.282,nan,nan,nan,5808.0,1.4,1.06
Kepler-1122 b,Kepler-1122,42.1917357,0.182,nan,nan,nan,5544.0,0.89,0.92
Kepler-364 c,Kepler-364,59.980627,0.192,nan,nan,nan,6108.0,1.28,nan
Kepler-1799 b,Kepler-1799,11.9296999,0.368,nan,nan,nan,5831.0,0.92,1.02
Kepler-1123 b,Kepler-1123,4.33946454,0.149,nan,nan,nan,5500.0,0.9,0.93
Kepler-1124 b,Kepler-1124,2.85234897,0.114,nan,nan,nan,3658.0,0.34,0.35
Kepler-1800 b,Kepler-1800,4.56202984,0.089,nan,nan,nan,5343.0,2.51,1.33
Kepler-1125 b,Kepler-1125,17.6700642,0.164,nan,nan,nan,5683.0,0.94,0.95
Kepler-1068 b,Kepler-1068,16.92344113,0.324,nan,nan,nan,5806.0,1.01,1.01
Kepler-1126 b,Kepler-1126,108.593329,0.154,nan,nan,nan,5798.0,0.93,0.92
Kepler-365 b,Kepler-365,10.664903,0.182,nan,nan,nan,6012.0,1.05,nan
Kepler-1127 b,Kepler-1127,5.12330347,0.175,nan,nan,nan,5664.0,0.95,0.97
Kepler-427 b,Kepler-427,10.290994,1.23,0.29,0.57,1100.0,5800.0,1.35,0.96
Kepler-1128 b,Kepler-1128,61.6178167,0.326,nan,nan,nan,5543.0,0.91,0.94
Kepler-1129 b,Kepler-1129,24.3397804,0.264,nan,nan,nan,5831.0,1.0,1.0
Kepler-366 b,Kepler-366,3.281959,0.13,nan,nan,nan,6209.0,1.05,nan
Kepler-1130 b,Kepler-1130,5.45298175,0.071,nan,nan,nan,5403.0,0.81,0.9
Kepler-354 b,Kepler-354,5.47666,0.164,nan,nan,nan,4648.0,0.67,nan
Kepler-1131 b,Kepler-1131,3.53232449,0.142,nan,nan,nan,5851.0,1.04,1.03
Kepler-1801 b,Kepler-1801,10.44089985,0.242,nan,nan,nan,5738.0,0.98,0.94
Kepler-367 b,Kepler-367,37.815724,0.116,nan,nan,nan,4710.0,0.69,nan
Kepler-368 b,Kepler-368,26.84768,0.291,nan,nan,nan,5502.0,2.02,nan
Kepler-1132 b,Kepler-1132,62.8916228,0.21,nan,nan,nan,5298.0,0.83,0.87
Kepler-369 c,Kepler-369,14.871572,0.126,nan,nan,nan,3591.0,0.47,nan
Kepler-1133 b,Kepler-1133,11.55562343,0.176,nan,nan,nan,5569.0,0.9,0.93
Kepler-1069 b,Kepler-1069,23.8990296,0.143,nan,nan,nan,5722.0,0.98,0.99
Kepler-1804 b,Kepler-1804,12.28849983,0.142,nan,nan,nan,5109.0,1.67,0.93
Kepler-1134 b,Kepler-1134,17.13263989,0.236,nan,nan,nan,5281.0,0.81,0.84
Kepler-370 c,Kepler-370,19.02293,0.17,nan,nan,nan,5852.0,0.9,nan
Kepler-462 b,Kepler-462,84.6866,0.268,0.16959,0.042,nan,7500.0,1.57,1.59
Kepler-1135 b,Kepler-1135,76.957857,0.165,nan,nan,nan,5656.0,0.94,0.96
Kepler-1070 b,Kepler-1070,6.2216147,0.154,nan,nan,nan,6261.0,1.32,1.21
Kepler-1805 b,Kepler-1805,8.84794045,0.138,nan,nan,nan,3867.0,0.55,0.58
Kepler-478 b,Kepler-478,13.2217576,0.242,nan,nan,nan,5210.0,0.8,0.85
Kepler-1136 b,Kepler-1136,2.36172433,0.146,nan,nan,nan,4512.0,0.68,0.72
Kepler-371 b,Kepler-371,34.763278,0.169,nan,nan,nan,5666.0,0.99,nan
Kepler-372 c,Kepler-372,20.053763,0.186,nan,nan,nan,6509.0,1.14,nan
Kepler-1137 b,Kepler-1137,23.9210791,0.196,nan,nan,nan,6807.0,1.84,1.5
Kepler-1806 b,Kepler-1806,9.03332043,0.21,nan,nan,nan,5311.0,0.79,0.88
Kepler-1138 b,Kepler-1138,3.17060005,0.152,nan,nan,nan,5582.0,0.92,0.95
Kepler-1071 b,Kepler-1071,6.1799844,0.212,nan,nan,nan,5215.0,0.81,0.86
Kepler-1139 b,Kepler-1139,0.81316672,0.106,nan,nan,nan,5550.0,0.91,0.94
Kepler-1807 b,Kepler-1807,10.86060047,0.241,nan,nan,nan,6455.0,1.5,1.09
Kepler-1140 b,Kepler-1140,24.0862707,0.247,nan,nan,nan,4850.0,0.73,0.76
Kepler-1141 b,Kepler-1141,2.34451194,0.073,nan,nan,nan,5791.0,1.07,1.01
Kepler-1142 b,Kepler-1142,18.3027248,0.131,nan,nan,nan,5685.0,0.96,0.97
Kepler-1143 b,Kepler-1143,2.88890485,0.149,nan,nan,nan,5053.0,0.77,0.81
Kepler-1072 b,Kepler-1072,1.5690665,0.141,nan,nan,nan,6199.0,1.32,1.2
Kepler-490 b,Kepler-490,3.26869515,1.039,nan,nan,nan,6045.0,1.12,1.08
Kepler-1144 b,Kepler-1144,17.14647302,0.178,nan,nan,nan,5753.0,0.96,0.98
Kepler-1145 b,Kepler-1145,3.97076766,0.125,nan,nan,nan,5064.0,0.75,0.79
Kepler-1146 b,Kepler-1146,2.3522658,0.11,nan,nan,nan,4692.0,0.7,0.74
Kepler-1808 b,Kepler-1808,23.3404007,0.27,nan,nan,nan,5530.0,0.89,0.77
Kepler-373 b,Kepler-373,5.535309,0.121,nan,nan,nan,5787.0,0.84,nan
Kepler-1809 b,Kepler-1809,3.7572999,0.135,nan,nan,nan,4901.0,0.72,0.81
Kepler-374 c,Kepler-374,3.282807,0.098,nan,nan,nan,5977.0,0.91,nan
Kepler-1147 b,Kepler-1147,10.62784997,0.233,nan,nan,nan,5941.0,1.14,1.09
Kepler-1148 b,Kepler-1148,1.10446351,0.151,nan,nan,nan,5054.0,0.77,0.81
Kepler-1149 b,Kepler-1149,3.73089898,0.128,nan,nan,nan,5833.0,1.01,1.02
Kepler-1150 b,Kepler-1150,2.78786839,0.091,nan,nan,nan,4754.0,0.72,0.76
Kepler-1151 b,Kepler-1151,65.6478424,0.198,nan,nan,nan,5470.0,0.85,0.88
Kepler-1682 b,Kepler-1682,14.8334,0.258,nan,nan,nan,5619.12,0.84,0.99
Kepler-114 c,Kepler-114,8.041,0.143,0.009,nan,nan,nan,0.54,0.56
Kepler-1064 b,Kepler-1064,16.54080322,0.138,nan,nan,nan,5153.0,0.79,0.85
Kepler-355 c,Kepler-355,25.762294,0.242,nan,nan,nan,6184.0,1.07,nan
Kepler-1810 b,Kepler-1810,101.1330032,0.35,nan,nan,nan,5492.0,1.02,0.92
Kepler-375 c,Kepler-375,19.986326,0.236,nan,nan,nan,5826.0,0.84,nan
Kepler-1811 b,Kepler-1811,76.42230225,0.343,nan,nan,nan,5561.0,1.19,0.95
Kepler-481 b,Kepler-481,10.06082567,0.223,nan,nan,nan,5802.0,1.09,1.01
Kepler-1812 b,Kepler-1812,7.16521978,0.207,nan,nan,nan,6174.0,1.1,1.16
Kepler-1153 b,Kepler-1153,1.75583533,0.154,nan,nan,nan,5470.0,0.88,0.91
Kepler-1154 b,Kepler-1154,5.1856142,0.209,nan,nan,nan,6327.0,1.43,1.26
Kepler-1155 b,Kepler-1155,33.469743,0.181,nan,nan,nan,5842.0,1.03,1.03
Kepler-1156 b,Kepler-1156,11.89520511,0.118,nan,nan,nan,5778.0,1.0,1.0
Kepler-1157 b,Kepler-1157,4.45743164,0.097,nan,nan,nan,4679.0,0.71,0.76
TrES-2 b,TrES-2,2.47063,1.36,1.49,0.0,nan,5850.0,1.12,1.36
Kepler-1813 b,Kepler-1813,2.81816006,0.126,nan,nan,nan,5167.0,0.79,0.81
Kepler-1814 b,Kepler-1814,2.93535996,0.211,nan,nan,nan,4922.0,0.82,0.79
Kepler-356 c,Kepler-356,13.121632,0.161,nan,nan,nan,6133.0,1.33,nan
Kepler-1158 b,Kepler-1158,13.5396293,0.209,nan,nan,nan,6203.0,1.95,1.41
Kepler-1159 b,Kepler-1159,22.70816791,0.211,nan,nan,nan,6217.0,1.28,1.19
Kepler-1160 b,Kepler-1160,7.97034958,0.191,nan,nan,nan,5519.0,0.89,0.92
Kepler-1161 b,Kepler-1161,10.71252541,0.19,nan,nan,nan,4253.0,0.57,0.59
Kepler-1162 b,Kepler-1162,32.5637069,0.197,nan,nan,nan,5390.0,0.84,0.89
Kepler-1815 b,Kepler-1815,12.19139957,0.245,nan,nan,nan,5516.0,0.97,0.86
Kepler-1163 b,Kepler-1163,6.11786898,0.092,nan,nan,nan,6302.0,1.35,1.22
Kepler-1164 b,Kepler-1164,3.97599768,0.1,nan,nan,nan,5183.0,0.79,0.85
Kepler-1165 c,Kepler-1165,29.96870041,0.3,nan,nan,nan,6249.0,1.08,1.13
Kepler-1166 b,Kepler-1166,33.2406882,0.151,nan,nan,nan,5446.0,0.86,0.9
Kepler-23 c,Kepler-23,10.74,0.268,0.02457,0.021,nan,5828.0,1.55,1.08
Kepler-1167 b,Kepler-1167,1.00393374,0.153,nan,nan,nan,4971.0,0.75,0.79
Kepler-1168 b,Kepler-1168,55.8226539,0.223,nan,nan,nan,5157.0,0.82,0.87
Kepler-1073 b,Kepler-1073,8.67888593,0.205,nan,nan,nan,5792.0,1.0,1.0
Kepler-1169 b,Kepler-1169,6.11009134,0.084,nan,nan,nan,6191.0,1.23,1.24
Kepler-1170 b,Kepler-1170,9.98969327,0.215,nan,nan,nan,5069.0,0.76,0.8
Kepler-79 d,Kepler-79,52.0902,0.639,0.019,0.025,nan,6174.0,1.3,1.17
Kepler-480 b,Kepler-480,4.9195838,0.248,nan,nan,nan,6322.0,1.34,1.25
Kepler-1171 b,Kepler-1171,1.44259224,0.228,nan,nan,nan,7044.0,1.95,1.58
Kepler-376 c,Kepler-376,14.172327,0.16,nan,nan,nan,5900.0,1.18,nan
Kepler-377 c,Kepler-377,27.014976,0.184,nan,nan,nan,5949.0,1.22,nan
Kepler-1172 b,Kepler-1172,26.0204423,0.285,nan,nan,nan,5558.0,0.89,0.92
Kepler-1173 b,Kepler-1173,0.7698536,0.079,nan,nan,nan,5252.0,0.82,0.86
Kepler-1787 b,Kepler-1787,39.31370163,0.207,nan,nan,nan,6060.0,0.93,1.01
Kepler-1174 b,Kepler-1174,6.89225223,0.142,nan,nan,nan,5936.0,1.04,1.04
Kepler-12 b,Kepler-12,4.4379629,1.754,0.432,nan,1480.0,5947.0,1.48,1.17
Kepler-1175 b,Kepler-1175,37.94563,0.267,nan,nan,nan,5453.0,0.86,0.9
Kepler-1176 b,Kepler-1176,24.1738579,0.219,nan,nan,nan,5844.0,1.02,1.01
Kepler-378 b,Kepler-378,16.092361,0.067,nan,nan,nan,4661.0,0.67,nan
Kepler-379 c,Kepler-379,62.784697,0.204,nan,nan,nan,6054.0,1.31,nan
Kepler-1816 b,Kepler-1816,91.50099945,0.176,nan,nan,nan,5051.0,0.71,0.79
Kepler-1817 b,Kepler-1817,44.29919815,0.203,nan,nan,nan,5316.0,0.92,0.88
Kepler-1074 b,Kepler-1074,5.94566534,0.112,nan,nan,nan,4002.0,0.57,0.6
Kepler-113 c,Kepler-113,8.92507,0.194,0.02737,nan,nan,4725.0,0.69,0.75
Kepler-1683 b,Kepler-1683,15.0337,0.167,nan,nan,nan,5429.0,0.9,0.95
Kepler-1177 b,Kepler-1177,106.247547,0.17,nan,nan,nan,5712.0,0.97,0.98
Kepler-1818 b,Kepler-1818,4.64490986,0.153,nan,nan,nan,6047.0,1.13,1.02
Kepler-1819 b,Kepler-1819,16.48690033,0.348,nan,nan,nan,6090.0,1.07,1.17
Kepler-1179 b,Kepler-1179,2.68505749,0.118,nan,nan,nan,5212.0,0.81,0.84
Kepler-1075 b,Kepler-1075,1.52372816,0.127,nan,nan,nan,3959.0,0.54,0.56
Kepler-122 b,Kepler-122,5.766193,0.209,nan,nan,nan,6050.0,1.22,nan
Kepler-1180 b,Kepler-1180,16.8601286,0.178,nan,nan,nan,6077.0,1.14,1.09
Kepler-1181 b,Kepler-1181,4.89337519,0.14,nan,nan,nan,6176.0,1.3,1.17
Kepler-1182 b,Kepler-1182,11.17394617,0.215,nan,nan,nan,5924.0,1.05,1.04
Kepler-1820 b,Kepler-1820,31.03249931,0.278,nan,nan,nan,5841.0,0.93,1.05
Kepler-1183 b,Kepler-1183,28.5057189,0.252,nan,nan,nan,5765.0,0.99,1.0
Kepler-1184 b,Kepler-1184,53.5991044,0.239,nan,nan,nan,5983.0,1.07,1.05
Kepler-1821 b,Kepler-1821,16.45809937,0.231,nan,nan,nan,5475.0,0.88,0.95
Kepler-1076 b,Kepler-1076,6.14727918,0.071,nan,nan,nan,4868.0,0.74,0.79
Kepler-112 c,Kepler-112,28.574263,0.214,nan,nan,nan,5544.0,0.84,nan
Kepler-1788 b,Kepler-1788,2.80012011,0.212,nan,nan,nan,4786.0,0.7,0.69
Kepler-1065 b,Kepler-1065,3.60930891,0.333,nan,nan,nan,5635.0,0.93,0.94
Kepler-2001 c,Kepler-2001,14.09258319,0.162,nan,0.0,597.0,5081.0,0.77,0.86
Kepler-1077 b,Kepler-1077,34.3511874,0.247,nan,nan,nan,5816.0,1.02,1.02
Kepler-1078 b,Kepler-1078,3.00725242,0.17,nan,nan,nan,5612.0,0.92,0.94
Kepler-1789 b,Kepler-1789,80.23190308,0.253,nan,nan,nan,5436.0,0.89,0.92
Kepler-1678 b,Kepler-1678,147.974,0.295,nan,nan,nan,5754.0,0.83,1.03
Kepler-1079 b,Kepler-1079,13.24503188,0.145,nan,nan,nan,5758.0,1.36,1.08
Kepler-18 d,Kepler-18,14.85888,0.623,0.052,0.0,nan,5345.0,1.11,0.97
Kepler-1080 b,Kepler-1080,77.2548396,0.293,nan,nan,nan,5956.0,1.16,1.1
Kepler-1066 b,Kepler-1066,1.93155984,0.211,nan,nan,nan,5762.0,0.98,0.98
Kepler-1081 b,Kepler-1081,3.85691855,0.09,nan,nan,nan,5345.0,0.84,0.88
Kepler-1082 b,Kepler-1082,1.5432066,0.1,nan,nan,nan,5923.0,1.14,1.03
Kepler-357 d,Kepler-357,49.499875,0.306,nan,nan,nan,5036.0,0.83,nan
Kepler-1083 b,Kepler-1083,33.4177993,0.3,nan,nan,nan,5049.0,0.77,0.81
Kepler-1084 b,Kepler-1084,2.05333679,0.099,nan,nan,nan,6113.0,1.28,1.12
Kepler-1085 c,Kepler-1085,56.7771,0.292,nan,nan,nan,5816.0,1.08,1.05
Kepler-114 b,Kepler-114,5.188549,0.112,nan,nan,nan,4605.0,0.67,nan
Kepler-1086 b,Kepler-1086,18.78425728,0.218,nan,nan,nan,4350.0,0.66,0.7
Kepler-1087 b,Kepler-1087,0.69384285,0.054,nan,nan,nan,5589.0,0.94,0.96
Kepler-358 c,Kepler-358,83.488369,0.254,nan,nan,nan,5908.0,0.95,nan
Kepler-353 c,Kepler-353,8.410894,0.123,nan,nan,nan,3903.0,0.5,nan
Kepler-1790 b,Kepler-1790,31.58889961,0.281,nan,nan,nan,5866.0,1.37,1.02
Kepler-1791 b,Kepler-1791,7.72086,0.278,nan,nan,nan,5887.0,1.18,0.98
Kepler-1792 b,Kepler-1792,4.1957798,0.225,nan,nan,nan,5229.0,1.0,0.88
Kepler-60 b,Kepler-60,7.1334,0.153,0.01318,nan,nan,5905.0,1.26,1.04
Kepler-110 c,Kepler-110,31.719775,0.197,nan,nan,nan,5960.0,1.15,nan
Kepler-1088 b,Kepler-1088,23.12748644,0.127,nan,nan,nan,5975.0,1.08,1.08
Kepler-1089 b,Kepler-1089,5.13248562,0.163,nan,nan,nan,3753.0,0.49,0.52
Kepler-1995 b,Kepler-1995,73.7578875,0.382,nan,0.0,375.0,5029.0,0.93,0.85
Kepler-1793 b,Kepler-1793,8.77999973,0.338,nan,nan,nan,5191.0,0.76,0.85
Kepler-359 c,Kepler-359,57.68802,0.384,nan,nan,nan,6248.0,1.09,nan
Kepler-1090 c,Kepler-1090,42.42720032,0.294,nan,nan,nan,5330.0,1.01,0.87
Kepler-1091 b,Kepler-1091,1.43474156,0.13,nan,nan,nan,5851.0,1.03,1.01
Kepler-113 b,Kepler-113,4.754,0.162,0.037,nan,nan,4725.0,0.69,0.75
Kepler-1794 b,Kepler-1794,9.76298046,0.16,nan,nan,nan,5052.0,0.82,0.77
Kepler-1092 b,Kepler-1092,58.6017925,0.185,nan,nan,nan,5862.0,1.0,0.99
Kepler-1093 b,Kepler-1093,25.0824626,0.174,nan,nan,nan,6166.0,1.2,1.13
Kepler-1094 b,Kepler-1094,78.1000231,0.284,nan,nan,nan,6112.0,1.21,1.14
Kepler-1095 b,Kepler-1095,4.27103091,0.108,nan,nan,nan,5658.0,0.92,0.94
Kepler-85 b,Kepler-85,8.3,0.159,0.00579,0.02,nan,5505.2,0.88,0.93
Kepler-1096 b,Kepler-1096,2.89221751,0.111,nan,nan,nan,4306.0,0.63,0.66
Kepler-1097 b,Kepler-1097,187.747029,0.291,nan,nan,nan,5211.0,0.79,0.82
Kepler-1098 b,Kepler-1098,2.54307286,0.116,nan,nan,nan,5794.0,0.99,0.99
Kepler-1099 b,Kepler-1099,2.16845259,0.252,nan,nan,nan,5837.0,1.0,1.01
Kepler-48 d,Kepler-48,42.8961,0.182,0.025,nan,nan,5194.0,0.89,0.88
Kepler-1100 b,Kepler-1100,6.42200058,0.156,nan,nan,nan,6247.0,1.34,1.21
Kepler-1679 b,Kepler-1679,9.75376,0.185,nan,nan,nan,5501.0,0.87,0.96
Kepler-1101 b,Kepler-1101,81.3151059,0.22,nan,nan,nan,5614.0,0.91,0.94
Kepler-1102 b,Kepler-1102,51.3285623,0.237,nan,nan,nan,5724.0,0.94,0.96
Kepler-1103 b,Kepler-1103,19.79191978,0.203,nan,nan,nan,6092.0,1.15,1.11
Kepler-1104 b,Kepler-1104,5.03728015,0.11,nan,nan,nan,6417.0,1.41,1.3
Kepler-1067 c,Kepler-1067,5.4258399,0.156,nan,nan,nan,5594.0,0.93,0.98
Kepler-360 b,Kepler-360,3.289672,0.147,nan,nan,nan,6053.0,1.06,nan
Kepler-417 c,Kepler-417,15.943,nan,nan,nan,nan,nan,0.81,0.9
Kepler-106 e,Kepler-106,43.8445,0.228,0.035,nan,nan,5858.0,1.04,1.0
Kepler-114 d,Kepler-114,11.776,0.226,0.012,nan,nan,nan,0.54,0.56
Kepler-1105 b,Kepler-1105,4.42157218,0.179,nan,nan,nan,4299.0,0.68,0.71
Kepler-67 b,Kepler-67,15.7259,0.262,nan,nan,nan,5331.0,0.78,0.86
Kepler-1106 b,Kepler-1106,1.25275217,0.147,nan,nan,nan,6104.0,1.17,1.11
Kepler-1795 b,Kepler-1795,13.36019993,0.148,nan,nan,nan,4500.0,0.69,0.77
Kepler-1107 b,Kepler-1107,0.57103852,0.12,nan,nan,nan,5268.0,0.82,0.86
Kepler-1680 b,Kepler-1680,8.77424,0.121,nan,nan,nan,5021.0,0.72,0.83
Kepler-1785 b,Kepler-1785,19.58550072,0.241,nan,nan,nan,5618.0,1.0,0.91
Kepler-1108 b,Kepler-1108,4.51005748,0.13,nan,nan,nan,5406.0,0.84,0.88
Kepler-1109 b,Kepler-1109,37.6467384,0.195,nan,nan,nan,5893.0,1.06,1.05
Kepler-103 c,Kepler-103,179.60978,0.486,0.11956,0.095,434.0,6009.0,1.49,1.21
Kepler-1796 b,Kepler-1796,29.4557991,0.245,nan,nan,nan,6036.0,0.95,1.02
Kepler-1797 b,Kepler-1797,23.3593998,0.273,nan,nan,nan,6244.0,1.01,1.07
Kepler-1110 b,Kepler-1110,9.69312032,0.237,nan,nan,nan,4781.0,0.7,0.73
Kepler-1111 b,Kepler-1111,8.79617863,0.178,nan,nan,nan,6077.0,1.15,1.1
Kepler-1798 b,Kepler-1798,16.85589981,0.206,nan,nan,nan,3967.0,0.59,0.59
Kepler-106 b,Kepler-106,6.16486,0.073,0.01668,nan,nan,5858.0,1.04,1.0
Kepler-104 d,Kepler-104,51.755394,0.319,nan,nan,nan,5711.0,1.35,nan
Kepler-100 b,Kepler-100,6.88705,0.118,0.023,nan,nan,5825.0,1.49,1.08
Kepler-100 d,Kepler-100,35.3331,0.144,0.00944,nan,nan,5825.0,1.49,1.08
Kepler-101 c,Kepler-101,6.02976,0.112,0.01,0.0,1413.0,5667.0,1.56,1.17
Kepler-20 f,Kepler-20,19.578328,0.085,0.0044,0.094,681.0,5495.0,0.92,0.93
Kepler-33 b,Kepler-33,5.66793,0.155,nan,0.0,nan,5904.0,1.82,1.29
Kepler-102 f,Kepler-102,27.453592,0.077,0.01353,0.1,495.0,4909.0,0.72,0.8
Kepler-102 c,Kepler-102,7.071392,0.051,0.00535,0.094,777.0,4909.0,0.72,0.8
Kepler-102 b,Kepler-102,5.286965,0.041,0.00346,0.1,857.0,4909.0,0.72,0.8
KOI-94 b,KOI-94,3.743208,0.153,0.033,0.25,1486.0,6182.0,1.52,1.28
Kepler-37 c,Kepler-37,21.301848,0.067,0.00409,0.099,615.0,5357.0,0.79,0.79
Kepler-37 b,Kepler-37,13.36702,0.028,0.00249,0.098,718.0,5357.0,0.79,0.79
Kepler-37 e,Kepler-37,51.196,nan,nan,nan,nan,nan,0.77,0.8
Kepler-68 c,Kepler-68,9.605027,0.087,0.00409,0.099,1052.0,5847.0,1.26,1.06
Kepler-49 e,Kepler-49,18.596108,0.139,nan,nan,nan,4252.0,0.56,nan
Kepler-34 b,Kepler-34,288.822,0.764,0.22,0.182,nan,5913.0,1.16,1.05
Kepler-115 b,Kepler-115,2.403679,0.097,nan,nan,nan,5979.0,1.21,nan
Kepler-116 c,Kepler-116,13.07163,0.205,nan,nan,nan,6142.0,1.45,nan
Kepler-50 c,Kepler-50,9.37647,0.194,nan,nan,nan,6225.0,1.58,1.24
Kepler-276 d,Kepler-276,48.648,0.25,0.051,nan,nan,nan,1.03,1.1
Kepler-280 c,Kepler-280,4.807091,0.179,nan,nan,nan,5744.0,0.89,nan
Kepler-281 b,Kepler-281,14.646008,0.252,nan,nan,nan,5723.0,0.9,nan
Kepler-799 c,Kepler-799,15.19419956,0.248,nan,nan,nan,5588.0,1.59,1.03
Kepler-57 c,Kepler-57,11.6,0.196,0.02158,0.0725,nan,5187.9,0.83,0.86
Kepler-1991 b,Kepler-1991,13.26079792,0.131,nan,0.0,760.0,5478.0,1.05,0.91
Kepler-804 c,Kepler-804,9.65185017,0.102,nan,nan,nan,5817.0,1.05,1.01
Kepler-285 c,Kepler-285,6.186676,0.1,nan,nan,nan,5411.0,0.81,nan
Kepler-128 c,Kepler-128,22.8,0.136,0.01063,0.037,nan,6072.0,1.66,1.18
Kepler-288 b,Kepler-288,6.097326,0.149,nan,nan,nan,5918.0,1.09,nan
Kepler-58 c,Kepler-58,15.5741568,0.255,0.16676,nan,nan,5843.0,1.03,0.95
Kepler-449 b,Kepler-449,12.58242,0.183,nan,0.03,nan,5649.18,nan,nan
Kepler-825 c,Kepler-825,8.1818246,0.164,nan,nan,nan,5976.0,1.08,1.03
Kepler-289 b,Kepler-289,34.5383,0.222,0.01164,nan,nan,5990.0,1.0,1.08
Kepler-1987 e,Kepler-1987,8.74292005,0.171,nan,0.0,643.0,4769.0,0.71,0.8
Kepler-291 c,Kepler-291,5.700786,0.168,nan,nan,nan,6002.0,1.02,nan
Kepler-292 e,Kepler-292,11.97901,0.238,nan,nan,nan,5299.0,0.83,nan
Kepler-293 c,Kepler-293,54.155743,0.342,nan,nan,nan,5804.0,0.96,nan
Kepler-129 c,Kepler-129,82.2,0.225,0.13529,nan,nan,5770.0,1.65,1.18
Kepler-298 c,Kepler-298,22.92881,0.172,nan,nan,nan,4465.0,0.58,nan
Kepler-508 b,Kepler-508,25.30889748,0.146,nan,nan,nan,6025.0,1.25,1.16
Kepler-299 d,Kepler-299,15.054786,0.166,nan,nan,nan,5617.0,1.03,nan
Kepler-300 b,Kepler-300,10.446347,0.149,nan,nan,nan,5986.0,0.9,nan
Kepler-303 c,Kepler-303,7.061149,0.102,nan,nan,nan,3944.0,0.48,nan
Kepler-1152 b,Kepler-1152,1.64680191,0.078,nan,nan,nan,3964.0,0.53,0.55
Kepler-1186 b,Kepler-1186,16.07677615,0.199,nan,nan,nan,5635.0,0.93,0.95
Kepler-1187 b,Kepler-1187,18.87064068,0.233,nan,nan,nan,5975.0,1.09,1.06
Kepler-1822 b,Kepler-1822,22.13339996,0.236,nan,nan,nan,5165.0,0.7,0.78
Kepler-1188 b,Kepler-1188,17.1369543,0.186,nan,nan,nan,5913.0,1.06,1.04
Kepler-1189 b,Kepler-1189,3.78858982,0.158,nan,nan,nan,6012.0,1.16,1.11
Kepler-1190 b,Kepler-1190,10.45843441,0.119,nan,nan,nan,4730.0,0.72,0.76
Kepler-1823 b,Kepler-1823,21.10339928,0.186,nan,nan,nan,6000.0,1.13,1.07
Kepler-1824 b,Kepler-1824,95.61100006,0.212,nan,nan,nan,6002.0,1.08,1.14
Kepler-520 c,Kepler-520,5.21104261,0.095,nan,nan,nan,6112.0,1.09,1.1
Kepler-126 b,Kepler-126,10.495711,0.136,nan,nan,nan,6239.0,1.36,nan
Kepler-1825 b,Kepler-1825,1.02586997,0.127,nan,nan,nan,5123.0,0.85,0.83
Kepler-1191 b,Kepler-1191,5.60014851,0.135,nan,nan,nan,5308.0,0.81,0.85
Kepler-1192 b,Kepler-1192,25.2034787,0.211,nan,nan,nan,5438.0,0.83,0.86
Kepler-1826 b,Kepler-1826,1.61536002,0.132,nan,nan,nan,3821.0,0.49,0.49
Kepler-1193 b,Kepler-1193,2.83265213,0.118,nan,nan,nan,5908.0,1.21,1.08
Kepler-1827 b,Kepler-1827,3.70061994,0.166,nan,nan,nan,5423.0,1.4,0.92
Kepler-380 b,Kepler-380,3.930821,0.106,nan,nan,nan,6045.0,1.22,nan
Kepler-129 b,Kepler-129,15.79,0.214,0.06293,nan,nan,5770.0,1.65,1.18
Kepler-136 c,Kepler-136,16.399235,0.178,nan,nan,nan,6165.0,1.35,nan
Kepler-1194 b,Kepler-1194,16.22371307,0.135,nan,nan,nan,5590.0,0.92,0.94
Kepler-1195 b,Kepler-1195,8.49642241,0.186,nan,nan,nan,4965.0,0.71,0.74
Kepler-1196 b,Kepler-1196,66.1849031,0.199,nan,nan,nan,5756.0,0.97,0.98
Kepler-1197 b,Kepler-1197,2.03231845,0.112,nan,nan,nan,4708.0,0.72,0.78
Kepler-1198 b,Kepler-1198,7.6847716,0.131,nan,nan,nan,5517.0,0.9,0.93
Kepler-1199 b,Kepler-1199,15.0447198,0.103,nan,nan,nan,5889.0,1.17,0.94
Kepler-36 c,Kepler-36,16.21865,0.328,0.02243,0.0,nan,5979.0,1.63,1.03
Kepler-1200 b,Kepler-1200,1.11854972,0.095,nan,nan,nan,4612.0,0.7,0.74
Kepler-138 b,Kepler-138,10.3134,0.057,0.00022,0.02,452.0,3841.0,0.54,0.54
Kepler-1201 b,Kepler-1201,15.18725932,0.204,nan,nan,nan,6177.0,1.24,1.15
Kepler-1202 b,Kepler-1202,28.6851324,0.262,nan,nan,nan,5834.0,1.04,1.03
Kepler-1203 b,Kepler-1203,0.58800076,0.095,nan,nan,nan,4105.0,0.61,0.64
Kepler-1204 b,Kepler-1204,85.7350285,0.272,nan,nan,nan,5825.0,1.03,1.03
Kepler-1205 b,Kepler-1205,1.07839035,0.126,nan,nan,nan,5226.0,0.81,0.84
Kepler-1828 b,Kepler-1828,10.2737999,0.189,nan,nan,nan,5806.0,0.9,1.0
Kepler-381 c,Kepler-381,13.391635,0.1,nan,nan,nan,6152.0,1.57,nan
Kepler-126 d,Kepler-126,100.283134,0.223,nan,nan,nan,6239.0,1.36,nan
Kepler-1829 b,Kepler-1829,5.18671989,0.221,nan,nan,nan,5230.0,0.78,0.87
Kepler-139 c,Kepler-139,157.072878,0.302,nan,nan,nan,5594.0,1.3,nan
Kepler-1206 b,Kepler-1206,1.21699766,0.146,nan,nan,nan,4877.0,0.75,0.8
Kepler-1207 b,Kepler-1207,13.68237119,0.145,nan,nan,nan,5909.0,1.06,1.06
Kepler-1830 b,Kepler-1830,56.49330139,0.297,nan,nan,nan,6160.0,2.05,1.44
Kepler-1831 b,Kepler-1831,5.78387022,0.176,nan,nan,nan,6063.0,1.01,1.12
Kepler-98 b,Kepler-98,1.54168,0.178,0.011,nan,nan,5539.0,1.11,0.99
Kepler-1832 b,Kepler-1832,3.13878989,0.109,nan,nan,nan,5242.0,0.72,0.68
Kepler-141 b,Kepler-141,3.107675,0.062,nan,nan,nan,4910.0,0.79,nan
Kepler-430 b,Kepler-430,35.968,0.29,nan,nan,667.0,5884.0,1.49,1.17
Kepler-1209 b,Kepler-1209,25.369116,0.135,nan,nan,nan,6210.0,1.38,1.23
Kepler-1833 b,Kepler-1833,6.8921299,0.116,nan,nan,nan,6164.0,1.45,1.29
Kepler-1210 b,Kepler-1210,8.07124073,0.152,nan,nan,nan,5568.0,0.92,0.94
Kepler-1211 b,Kepler-1211,11.01816836,0.227,nan,nan,nan,5705.0,0.94,0.96
Kepler-1212 b,Kepler-1212,12.94130146,0.191,nan,nan,nan,6051.0,1.15,1.1
Kepler-1213 b,Kepler-1213,5.34982412,0.106,nan,nan,nan,6050.0,1.21,1.14
Kepler-382 b,Kepler-382,5.262155,0.118,nan,nan,nan,5600.0,0.94,nan
Kepler-142 d,Kepler-142,41.809118,0.193,nan,nan,nan,5790.0,1.27,nan
Kepler-1214 b,Kepler-1214,18.82634264,0.211,nan,nan,nan,5130.0,0.8,0.85
Kepler-1215 b,Kepler-1215,4.76703963,0.109,nan,nan,nan,5616.0,0.93,0.95
Kepler-135 b,Kepler-135,6.00253,0.161,nan,nan,nan,6090.0,1.27,nan
Kepler-1216 b,Kepler-1216,4.37034536,0.124,nan,nan,nan,5743.0,0.98,0.99
Kepler-144 c,Kepler-144,10.104665,0.12,nan,nan,nan,6075.0,1.24,nan
Kepler-1217 b,Kepler-1217,2.03232507,0.178,nan,nan,nan,5905.0,1.08,1.06
Kepler-516 b,Kepler-516,24.85462415,0.512,nan,nan,nan,7099.0,2.02,1.62
Kepler-1218 b,Kepler-1218,22.9221266,0.128,nan,nan,nan,5986.0,1.1,1.06
Kepler-1219 b,Kepler-1219,16.10467749,0.189,nan,nan,nan,5944.0,1.94,1.25
Kepler-1220 b,Kepler-1220,7.42693741,0.136,nan,nan,nan,5842.0,0.99,1.0
Kepler-1834 b,Kepler-1834,4.60301018,0.13,nan,nan,nan,4821.0,0.79,0.77
Kepler-145 b,Kepler-145,22.951,0.236,0.117,nan,nan,nan,1.85,1.32
Kepler-1655 b,Kepler-1655,11.8728787,0.197,0.01699,0.19,938.0,6148.0,1.03,1.03
Kepler-1221 b,Kepler-1221,12.00096042,0.168,nan,nan,nan,5194.0,0.82,0.87
Kepler-1222 b,Kepler-1222,1.91694425,0.07,nan,nan,nan,5239.0,0.8,0.84
Kepler-1223 b,Kepler-1223,16.301259,0.109,nan,nan,nan,4870.0,0.75,0.8
Kepler-1224 b,Kepler-1224,13.32351601,0.119,nan,nan,nan,6155.0,1.22,1.18
Kepler-510 b,Kepler-510,19.55659418,0.22,nan,nan,nan,5746.0,1.41,0.91
Kepler-1225 b,Kepler-1225,7.01075434,0.162,nan,nan,nan,6140.0,1.19,1.13
Kepler-1226 b,Kepler-1226,17.2923453,0.129,nan,nan,nan,5923.0,1.02,1.02
Kepler-1227 b,Kepler-1227,94.2887577,0.204,nan,nan,nan,5747.0,0.95,0.97
Kepler-1228 b,Kepler-1228,0.57736958,0.137,nan,nan,nan,5063.0,0.74,0.78
Kepler-1835 b,Kepler-1835,11.96409988,0.315,nan,nan,nan,5903.0,0.96,0.92
Kepler-383 b,Kepler-383,12.904532,0.118,nan,nan,nan,4710.0,0.67,nan
Kepler-384 b,Kepler-384,22.597053,0.1,nan,nan,nan,5577.0,0.88,nan
Kepler-147 b,Kepler-147,12.610584,0.136,nan,nan,nan,6012.0,1.47,nan
Kepler-131 b,Kepler-131,16.092,0.215,0.051,nan,nan,5685.0,1.03,1.02
Kepler-1836 b,Kepler-1836,5.25416994,0.228,nan,nan,nan,6123.0,0.99,1.05
Kepler-1837 b,Kepler-1837,5.90608978,0.184,nan,nan,nan,5966.0,0.96,1.05
Kepler-1684 b,Kepler-1684,47.7055,0.256,nan,nan,nan,4706.54,0.67,0.75
Kepler-1229 b,Kepler-1229,86.828989,0.125,nan,nan,nan,3784.0,0.51,0.54
Kepler-1230 b,Kepler-1230,9.95661537,0.242,nan,nan,nan,5961.0,1.08,1.06
Kepler-1231 b,Kepler-1231,10.41725184,0.127,nan,nan,nan,5778.0,1.0,1.01
Kepler-1232 b,Kepler-1232,26.7839183,0.172,nan,nan,nan,5471.0,0.89,0.92
Kepler-1233 b,Kepler-1233,45.1263042,0.232,nan,nan,nan,6198.0,1.25,1.16
Kepler-1234 b,Kepler-1234,11.94014029,0.251,nan,nan,nan,4967.0,0.76,0.8
Kepler-132 d,Kepler-132,18.010199,0.138,nan,nan,nan,6003.0,1.18,nan
Kepler-151 c,Kepler-151,24.674612,0.186,nan,nan,nan,5460.0,0.83,nan
Kepler-1235 b,Kepler-1235,4.16055856,0.07,nan,nan,nan,5541.0,0.9,0.93
Kepler-1236 b,Kepler-1236,31.0571618,0.191,nan,nan,nan,5337.0,0.82,0.86
Kepler-385 c,Kepler-385,15.163161,0.271,nan,nan,nan,6326.0,1.13,nan
Kepler-518 b,Kepler-518,8.51203588,0.188,nan,nan,nan,5842.0,0.88,0.96
Kepler-549 b,Kepler-549,42.9495649,0.229,nan,nan,nan,5360.0,0.84,0.88
Kepler-1237 b,Kepler-1237,84.5733226,0.255,nan,nan,nan,5472.0,0.9,0.94
Kepler-1238 b,Kepler-1238,4.14787559,0.172,nan,nan,nan,6386.0,1.48,1.3
Kepler-1239 b,Kepler-1239,5.19104016,0.259,nan,nan,nan,6564.0,1.57,1.4
Kepler-1240 b,Kepler-1240,4.8663815,0.103,nan,nan,nan,5682.0,0.96,0.98
Kepler-386 c,Kepler-386,25.193458,0.141,nan,nan,nan,5178.0,0.77,nan
Kepler-99 b,Kepler-99,4.60358,0.132,0.019,nan,nan,4782.0,0.73,0.79
Kepler-387 b,Kepler-387,6.791636,0.092,nan,nan,nan,5774.0,1.05,nan
Kepler-1241 b,Kepler-1241,18.5525701,0.235,nan,nan,nan,5261.0,0.8,0.84
Kepler-1242 b,Kepler-1242,13.62798432,0.202,nan,nan,nan,4895.0,0.74,0.77
Kepler-1243 b,Kepler-1243,16.8320729,0.156,nan,nan,nan,5667.0,0.94,0.96
Kepler-519 b,Kepler-519,24.3078946,0.187,nan,nan,nan,5260.0,0.8,0.89
Kepler-155 c,Kepler-155,52.661793,0.2,nan,nan,nan,4508.0,0.62,nan
Kepler-1244 b,Kepler-1244,3.70428172,0.12,nan,nan,nan,6680.0,1.77,1.46
Kepler-1245 b,Kepler-1245,4.35409304,0.128,nan,nan,nan,5306.0,0.83,0.86
Kepler-1246 b,Kepler-1246,11.32271513,0.121,nan,nan,nan,4611.0,0.69,0.73
Kepler-1247 b,Kepler-1247,13.71220213,0.208,nan,nan,nan,5303.0,0.82,0.86
Kepler-520 b,Kepler-520,19.67416124,0.148,nan,nan,nan,6112.0,1.09,1.1
Kepler-1838 b,Kepler-1838,12.14680004,0.148,nan,nan,nan,5877.0,1.96,1.19
Kepler-1248 b,Kepler-1248,7.46725407,0.105,nan,nan,nan,6149.0,1.21,1.21
Kepler-388 b,Kepler-388,3.173315,0.072,nan,nan,nan,4498.0,0.59,nan
Kepler-1839 b,Kepler-1839,5.05675983,0.174,nan,nan,nan,5926.0,0.94,1.03
Kepler-1249 b,Kepler-1249,24.3347127,0.212,nan,nan,nan,6202.0,1.28,1.19
Kepler-1840 b,Kepler-1840,131.1900024,0.248,nan,nan,nan,4898.0,0.8,0.77
Kepler-1715 b,Kepler-1715,35.59730148,0.369,nan,nan,nan,6212.0,1.21,1.08
Kepler-1841 b,Kepler-1841,25.88599968,0.133,nan,nan,nan,5190.0,0.9,0.82
Kepler-1250 b,Kepler-1250,2.60754383,0.171,nan,nan,nan,5717.0,0.98,0.99
Kepler-389 b,Kepler-389,3.244107,0.135,nan,nan,nan,5376.0,0.79,nan
Kepler-161 c,Kepler-161,7.06424,0.183,nan,nan,nan,5078.0,0.81,nan
Kepler-1842 b,Kepler-1842,14.02639961,0.21,nan,nan,nan,5970.0,1.13,1.06
Kepler-1843 b,Kepler-1843,25.54339981,0.242,nan,nan,nan,5422.0,1.78,1.02
Kepler-1251 b,Kepler-1251,45.0904643,0.164,nan,nan,nan,5545.0,0.89,0.92
Kepler-1252 b,Kepler-1252,15.0540329,0.149,nan,nan,nan,5949.0,1.09,1.06
Kepler-1253 b,Kepler-1253,68.8861915,0.119,nan,nan,nan,5850.0,1.1,0.97
Kepler-1254 b,Kepler-1254,9.99113313,0.138,nan,nan,nan,4985.0,0.75,0.78
Kepler-118 b,Kepler-118,7.518496,0.175,nan,nan,nan,5274.0,1.09,nan
Kepler-163 b,Kepler-163,7.810937,0.094,nan,nan,nan,5776.0,0.92,nan
Kepler-1255 b,Kepler-1255,36.2919336,0.207,nan,nan,nan,6018.0,1.12,1.08
Kepler-137 c,Kepler-137,18.735753,0.168,nan,nan,nan,5187.0,0.8,nan
Kepler-1256 b,Kepler-1256,12.4127754,0.133,nan,nan,nan,6129.0,1.36,1.17
Kepler-1844 b,Kepler-1844,3.92451,0.271,nan,nan,nan,5776.0,0.85,0.94
Kepler-1845 b,Kepler-1845,11.60649967,0.218,nan,nan,nan,4703.0,0.7,0.69
Kepler-1257 b,Kepler-1257,2.66831376,0.136,nan,nan,nan,5502.0,0.87,0.9
Kepler-1258 b,Kepler-1258,0.98494017,0.077,nan,nan,nan,5839.0,0.99,0.99
Kepler-1259 b,Kepler-1259,0.66308526,0.128,nan,nan,nan,5053.0,0.77,0.8
Kepler-1260 b,Kepler-1260,19.1187753,0.158,nan,nan,nan,5961.0,1.08,1.06
Kepler-164 e,Kepler-164,94.886902,0.378,nan,0.0,429.0,5888.0,1.1,0.97
Kepler-1716 b,Kepler-1716,35.58100128,0.216,nan,nan,nan,4894.0,0.68,0.75
Kepler-1261 b,Kepler-1261,48.4308991,0.202,nan,nan,nan,5006.0,0.77,0.82
Kepler-390 b,Kepler-390,6.738088,0.073,nan,nan,nan,5166.0,0.78,nan
Kepler-1846 b,Kepler-1846,14.82009983,0.157,nan,nan,nan,4825.0,0.73,0.79
Kepler-1685 b,Kepler-1685,20.4905,0.23,nan,nan,nan,5484.0,0.84,0.96
Kepler-139 b,Kepler-139,15.771044,0.262,nan,nan,nan,5594.0,1.3,nan
Kepler-1262 b,Kepler-1262,8.67900242,0.162,nan,nan,nan,5771.0,0.98,0.99
Kepler-1847 b,Kepler-1847,11.12969971,0.245,nan,nan,nan,6122.0,0.96,1.04
Kepler-1263 b,Kepler-1263,4.55139967,0.102,nan,nan,nan,5213.0,0.8,0.84
KOI-2513.01,KOI-2513,19.00547,0.25,23.0,0.36,nan,5900.0,1.2,0.91
Kepler-111 c,Kepler-111,224.77833,0.632,0.7,0.176,352.2,5914.0,1.15,1.12
Kepler-522 b,Kepler-522,38.58422849,0.616,nan,nan,nan,6392.0,1.98,1.54
Kepler-167 d,Kepler-167,21.80379,0.11,nan,0.0,538.0,4884.0,0.75,0.78
Kepler-1264 b,Kepler-1264,0.96852602,0.105,nan,nan,nan,5791.0,0.98,0.99
Kepler-1265 b,Kepler-1265,6.49441289,0.12,nan,nan,nan,4630.0,0.69,0.71
Kepler-1266 b,Kepler-1266,28.474748,0.23,nan,nan,nan,5044.0,0.76,0.8
Kepler-1848 b,Kepler-1848,5.60402012,0.126,nan,nan,nan,4847.0,0.74,0.76
Kepler-1267 b,Kepler-1267,13.0313945,0.269,nan,nan,nan,6096.0,1.2,1.15
Kepler-1268 b,Kepler-1268,40.9903986,0.181,nan,nan,nan,5904.0,1.09,1.06
Kepler-1849 b,Kepler-1849,57.29290009,0.213,nan,nan,nan,4806.0,0.73,0.71
Kepler-169 c,Kepler-169,6.195469,0.108,nan,nan,nan,4997.0,0.76,nan
Kepler-1850 b,Kepler-1850,1.3858,0.065,nan,nan,nan,4239.0,0.6,0.61
Kepler-1851 b,Kepler-1851,12.02289963,0.348,nan,nan,nan,5982.0,0.88,0.97
Kepler-436 c,Kepler-436,16.79713874,0.208,nan,nan,nan,4685.0,0.71,0.75
Kepler-1269 b,Kepler-1269,37.3331536,0.145,nan,nan,nan,5998.0,1.15,1.1
Kepler-1852 b,Kepler-1852,7.97094011,0.168,nan,nan,nan,5237.0,0.83,0.93
Kepler-1270 b,Kepler-1270,6.03356196,0.296,nan,nan,nan,5047.0,3.38,1.28
Kepler-1271 b,Kepler-1271,3.0255955,0.132,nan,nan,nan,6143.0,1.23,1.13
Kepler-1853 b,Kepler-1853,48.88819885,0.135,nan,nan,nan,4821.0,0.79,0.77
Kepler-172 d,Kepler-172,14.627119,0.201,nan,nan,nan,5526.0,1.08,nan
Kepler-1272 b,Kepler-1272,51.1309704,0.211,nan,nan,nan,5926.0,1.09,1.06
Kepler-1854 b,Kepler-1854,39.83110046,0.231,nan,nan,nan,5026.0,0.76,0.8
Kepler-391 b,Kepler-391,7.416755,0.285,nan,nan,nan,4940.0,3.57,nan
Kepler-1855 b,Kepler-1855,0.72733098,0.109,nan,nan,nan,3460.0,0.36,0.39
Kepler-406 b,Kepler-406,2.42629,0.128,0.02,nan,nan,5538.0,1.07,1.07
Kepler-1856 b,Kepler-1856,1.30200005,0.155,nan,nan,nan,4948.0,0.82,0.78
Kepler-1273 b,Kepler-1273,28.625653,0.222,nan,nan,nan,5566.0,0.91,0.94
Kepler-1274 b,Kepler-1274,6.98152703,0.127,nan,nan,nan,6179.0,2.17,1.45
Kepler-173 b,Kepler-173,4.263742,0.115,nan,nan,nan,6031.0,0.95,nan
Kepler-1857 b,Kepler-1857,8.94340992,0.175,nan,nan,nan,6074.0,1.0,0.87
Kepler-523 b,Kepler-523,5.83598311,0.175,nan,nan,nan,5515.0,0.86,0.93
Kepler-1275 b,Kepler-1275,3.65691115,0.132,nan,nan,nan,6296.0,1.36,1.23
Kepler-1858 b,Kepler-1858,88.07160187,0.216,nan,nan,nan,4939.0,0.82,0.79
Kepler-1276 b,Kepler-1276,12.5720095,0.106,nan,nan,nan,6188.0,1.21,1.14
Kepler-175 c,Kepler-175,34.035257,0.277,nan,nan,nan,6064.0,1.01,nan
Kepler-1277 b,Kepler-1277,40.8365012,0.143,nan,nan,nan,5578.0,0.92,0.94
Kepler-1686 b,Kepler-1686,9.30987,0.127,nan,nan,nan,5714.96,1.2,1.02
Kepler-1278 b,Kepler-1278,3.23941344,0.09,nan,nan,nan,6074.0,1.16,1.11
Kepler-1279 b,Kepler-1279,23.4774101,0.156,nan,nan,nan,6221.0,1.33,1.21
Kepler-1280 b,Kepler-1280,66.5579057,0.167,nan,nan,nan,6227.0,1.32,1.2
Kepler-180 b,Kepler-180,13.817124,0.134,nan,nan,nan,5731.0,1.06,nan
Kepler-140 b,Kepler-140,3.25427,0.144,nan,nan,nan,6077.0,1.29,nan
Kepler-182 b,Kepler-182,9.825792,0.23,nan,nan,nan,6250.0,1.15,nan
Kepler-1859 b,Kepler-1859,2.72959995,0.141,nan,nan,nan,5887.0,1.24,1.09
Kepler-1281 b,Kepler-1281,3.11602791,0.146,nan,nan,nan,5353.0,0.83,0.87
Kepler-1860 b,Kepler-1860,12.73719978,0.102,nan,nan,nan,5420.0,0.87,0.87
Kepler-1861 b,Kepler-1861,40.0306015,0.197,nan,nan,nan,5855.0,1.37,1.16
Kepler-1998 b,Kepler-1998,3.03267135,0.054,nan,0.0,1187.0,5640.0,0.92,0.96
Kepler-392 b,Kepler-392,5.341853,0.089,nan,nan,nan,5938.0,1.13,nan
Kepler-122 d,Kepler-122,21.587475,0.196,nan,nan,nan,6050.0,1.22,nan
Kepler-185 b,Kepler-185,1.6329,0.104,nan,nan,nan,5208.0,0.81,nan
Kepler-1282 b,Kepler-1282,2.13194651,0.138,nan,nan,nan,5504.0,0.89,0.92
Kepler-133 c,Kepler-133,31.517586,0.253,nan,nan,nan,5736.0,1.43,nan
Kepler-1283 b,Kepler-1283,12.9460978,0.17,nan,nan,nan,6175.0,1.25,1.16
Kepler-1687 b,Kepler-1687,5.77954,0.148,nan,nan,nan,4132.0,0.73,0.65
Kepler-1284 b,Kepler-1284,0.66407381,0.108,nan,nan,nan,5123.0,0.79,0.84
Kepler-1285 b,Kepler-1285,14.7967458,0.087,nan,nan,nan,6170.0,1.28,1.2
Kepler-1286 b,Kepler-1286,11.25402929,0.192,nan,nan,nan,5753.0,0.98,1.0
Kepler-393 b,Kepler-393,9.182417,0.115,nan,nan,nan,6189.0,1.38,nan
Kepler-186 e,Kepler-186,22.407704,0.113,nan,nan,nan,3788.0,0.47,0.48
Kepler-97 b,Kepler-97,2.58664,0.132,0.011,nan,nan,5779.0,0.98,0.94
Kepler-394 b,Kepler-394,8.005013,0.143,nan,nan,nan,6402.0,1.13,nan
Kepler-1287 b,Kepler-1287,11.47685909,0.137,nan,nan,nan,5715.0,0.94,0.96
Kepler-187 b,Kepler-187,4.938864,0.126,nan,nan,nan,6105.0,1.29,nan
Kepler-1288 b,Kepler-1288,2.76122421,0.1,nan,nan,nan,6132.0,1.29,1.2
Kepler-1994 b,Kepler-1994,4.61225043,0.045,nan,0.0,1032.0,5495.0,0.96,0.93
Kepler-1289 b,Kepler-1289,7.99019627,0.136,nan,nan,nan,6080.0,1.17,1.1
Kepler-512 b,Kepler-512,34.43587975,0.24,nan,nan,nan,5997.0,1.3,1.17
Kepler-1290 b,Kepler-1290,4.69500134,0.127,nan,nan,nan,5660.0,0.93,0.95
Kepler-189 b,Kepler-189,10.399931,0.108,nan,nan,nan,5235.0,0.75,nan
Kepler-1291 b,Kepler-1291,8.63043276,0.148,nan,nan,nan,5216.0,0.8,0.84
Kepler-1292 b,Kepler-1292,3.27646405,0.162,nan,nan,nan,5556.0,0.93,0.95
Kepler-1862 b,Kepler-1862,16.05730057,0.197,nan,nan,nan,5644.0,0.81,0.9
Kepler-1293 b,Kepler-1293,5.57654784,0.087,nan,nan,nan,6241.0,1.28,1.18
Kepler-513 b,Kepler-513,28.86235584,0.196,nan,nan,nan,5849.0,1.06,1.02
Kepler-1294 b,Kepler-1294,115.6862258,0.285,nan,nan,nan,5776.0,0.97,0.99
Kepler-1295 b,Kepler-1295,3.81371974,0.138,nan,nan,nan,5486.0,0.89,0.92
Kepler-190 c,Kepler-190,3.763024,0.13,nan,nan,nan,5106.0,0.8,nan
Kepler-1652 b,Kepler-1652,38.09722,0.143,nan,nan,268.0,3638.0,0.38,0.4
Kepler-1296 b,Kepler-1296,8.3839865,0.081,nan,nan,nan,5359.0,0.83,0.87
Kepler-1297 b,Kepler-1297,1.68189002,0.087,nan,nan,nan,5818.0,0.99,0.99
Kepler-1863 b,Kepler-1863,44.99760056,0.202,nan,nan,nan,5871.0,0.98,1.1
Kepler-1298 b,Kepler-1298,7.12811928,0.117,nan,nan,nan,6339.0,2.0,1.45
Kepler-514 b,Kepler-514,5.65179605,0.153,nan,nan,nan,6106.0,1.44,1.28
Kepler-1299 b,Kepler-1299,19.9400874,0.266,nan,nan,nan,5609.0,0.91,0.94
Kepler-1300 b,Kepler-1300,22.2419092,0.122,nan,nan,nan,6130.0,1.79,1.29
Kepler-191 c,Kepler-191,17.738506,0.166,nan,nan,nan,5282.0,0.79,nan
Kepler-1864 b,Kepler-1864,3.88151002,0.067,nan,nan,nan,5854.0,0.98,1.03
Kepler-1865 b,Kepler-1865,2.52400994,0.141,nan,nan,nan,5420.0,0.87,0.85
Kepler-450 b,Kepler-450,28.454851,0.548,nan,0.02,nan,6197.21,1.64,1.19
Kepler-1301 b,Kepler-1301,9.08237046,0.125,nan,nan,nan,5188.0,0.81,0.85
Kepler-616 c,Kepler-616,90.4113556,0.304,nan,nan,nan,5753.0,0.97,0.98
Kepler-1302 b,Kepler-1302,8.83922659,0.128,nan,nan,nan,5236.0,0.82,0.86
Kepler-1303 b,Kepler-1303,7.56127224,0.127,nan,nan,nan,5771.0,1.0,1.01
Kepler-395 c,Kepler-395,34.989262,0.118,nan,nan,nan,4262.0,0.56,nan
Kepler-132 c,Kepler-132,6.414914,0.114,nan,nan,nan,6003.0,1.18,nan
Kepler-1304 b,Kepler-1304,16.1288853,0.204,nan,nan,nan,5259.0,0.81,0.85
Kepler-1305 b,Kepler-1305,13.5630972,0.168,nan,nan,nan,5701.0,0.96,0.97
Kepler-1306 b,Kepler-1306,16.29595382,0.17,nan,nan,nan,5727.0,0.97,0.98
Kepler-619 d,Kepler-619,11.67894236,0.372,nan,0.0,830.0,6122.0,0.96,1.04
Kepler-1866 b,Kepler-1866,11.66009998,0.186,nan,nan,nan,5791.0,1.08,1.03
Kepler-137 b,Kepler-137,8.436387,0.131,nan,nan,nan,5187.0,0.8,nan
Kepler-1307 b,Kepler-1307,18.01621096,0.22,nan,nan,nan,5884.0,1.08,1.06
Kepler-1308 b,Kepler-1308,2.10433812,0.046,nan,nan,nan,3468.0,0.34,0.35
Kepler-1867 b,Kepler-1867,9.88735962,0.103,nan,nan,nan,5693.0,0.82,0.91
Kepler-1309 b,Kepler-1309,28.8432647,0.211,nan,nan,nan,5235.0,0.8,0.85
Kepler-51 d,Kepler-51,130.194,0.865,0.024,0.008,381.0,6018.0,0.94,1.04
Kepler-1310 b,Kepler-1310,0.67933627,0.128,nan,nan,nan,5549.0,0.88,0.91
Kepler-132 b,Kepler-132,6.178196,0.108,nan,nan,nan,6003.0,1.18,nan
Kepler-396 c,Kepler-396,88.505,0.473,0.056,nan,nan,nan,1.06,0.85
Kepler-1311 d,Kepler-1311,197.5110016,0.862,nan,nan,nan,5616.0,1.67,1.03
Kepler-1312 b,Kepler-1312,5.44832529,0.187,nan,nan,nan,5719.0,0.92,0.99
Kepler-51 c,Kepler-51,85.312,0.803,0.013,0.014,439.0,6018.0,0.94,1.04
Kepler-517 b,Kepler-517,60.92832271,0.238,nan,nan,nan,5690.0,0.98,0.95
Kepler-1313 b,Kepler-1313,3.83309118,0.157,nan,nan,nan,5453.0,0.85,0.92
Kepler-397 c,Kepler-397,135.498527,0.551,nan,nan,nan,5307.0,0.77,nan
Kepler-122 e,Kepler-122,37.993273,0.232,nan,nan,nan,6050.0,1.22,nan
Kepler-198 c,Kepler-198,49.567416,0.22,nan,nan,nan,5574.0,0.94,nan
Kepler-92 b,Kepler-92,13.749,0.313,0.202,nan,nan,nan,1.7,1.21
Kepler-1868 b,Kepler-1868,211.0339966,0.281,nan,nan,nan,4658.0,0.69,0.74
Kepler-1869 c,Kepler-1869,1.7168283,0.066,nan,0.0,1455.0,5808.0,0.9,0.99
Kepler-1314 b,Kepler-1314,5.42474928,0.456,nan,nan,nan,4188.0,0.59,0.6
Kepler-1870 b,Kepler-1870,3.60694003,0.187,nan,nan,nan,5508.0,0.84,0.95
Kepler-398 b,Kepler-398,4.081423,0.083,nan,nan,nan,4493.0,0.61,nan
Kepler-1315 b,Kepler-1315,0.84338011,0.123,nan,nan,nan,4861.0,0.75,0.8
Kepler-201 c,Kepler-201,151.884058,0.254,nan,nan,nan,6065.0,1.23,nan
Kepler-1316 b,Kepler-1316,87.9732136,0.316,nan,nan,nan,5884.0,1.12,1.04
Kepler-1317 b,Kepler-1317,0.56887443,0.139,nan,nan,nan,5144.0,0.79,0.83
Kepler-1318 b,Kepler-1318,213.257663,0.277,nan,nan,nan,4598.0,0.7,0.73
Kepler-445 c,Kepler-445,4.871229,0.22,nan,0.0,nan,3157.0,0.21,0.18
Kepler-136 b,Kepler-136,11.5789,0.183,nan,nan,nan,6165.0,1.35,nan
Kepler-1319 b,Kepler-1319,2.88676265,0.12,nan,nan,nan,3655.0,0.54,0.56
Kepler-203 d,Kepler-203,11.32972,0.128,nan,nan,nan,5821.0,1.11,nan
Kepler-399 d,Kepler-399,58.034616,0.169,nan,nan,nan,5502.0,0.68,nan
Kepler-1320 b,Kepler-1320,0.86838653,0.152,nan,nan,nan,4817.0,0.74,0.8
Kepler-400 b,Kepler-400,9.024389,0.147,nan,nan,nan,5886.0,1.15,nan
Kepler-138 c,Kepler-138,13.7815,0.135,0.00724,0.017,410.0,3841.0,0.54,0.54
Kepler-401 b,Kepler-401,14.383035,0.153,nan,nan,nan,6117.0,1.33,nan
Kepler-1321 b,Kepler-1321,11.12830484,0.439,nan,nan,nan,4094.0,0.53,0.54
Kepler-204 c,Kepler-204,25.660593,0.16,nan,nan,nan,5812.0,1.24,nan
Kepler-1322 b,Kepler-1322,0.96286738,0.144,nan,nan,nan,5488.0,0.87,0.9
Kepler-1323 b,Kepler-1323,0.92990668,0.136,nan,nan,nan,6169.0,1.4,1.18
Kepler-1324 b,Kepler-1324,4.11584468,0.135,nan,nan,nan,4776.0,0.73,0.78
Kepler-1325 b,Kepler-1325,33.8786838,0.255,nan,nan,nan,5550.0,0.91,0.93
Kepler-402 c,Kepler-402,6.124821,0.139,nan,nan,nan,6090.0,1.26,nan
Kepler-1871 b,Kepler-1871,1.95270002,0.216,nan,nan,nan,5741.0,0.95,1.02
Kepler-206 b,Kepler-206,7.781987,0.107,nan,nan,nan,5764.0,1.19,nan
Kepler-1326 b,Kepler-1326,42.3514267,0.373,nan,nan,nan,6725.0,1.74,1.45
Kepler-1327 b,Kepler-1327,14.88801098,0.161,nan,nan,nan,5885.0,1.03,1.02
Kepler-1328 b,Kepler-1328,4.52158888,0.087,nan,nan,nan,5780.0,0.99,1.0
Kepler-403 b,Kepler-403,7.031462,0.112,nan,nan,nan,6090.0,1.33,nan
Kepler-1688 b,Kepler-1688,5.62012,0.113,nan,nan,nan,4632.11,nan,nan
Kepler-1872 b,Kepler-1872,3.82591009,0.213,nan,nan,nan,5223.0,0.89,0.91
Kepler-1873 b,Kepler-1873,0.558842,0.145,nan,nan,nan,5151.0,0.79,0.9
Kepler-208 c,Kepler-208,7.466623,0.124,nan,nan,nan,6092.0,1.31,nan
Kepler-1329 b,Kepler-1329,9.33646594,0.194,nan,nan,nan,4500.0,0.69,0.72
Kepler-1330 b,Kepler-1330,10.10769068,0.147,nan,nan,nan,5608.0,0.94,0.97
Kepler-1714 b,Kepler-1714,10.27530003,0.291,nan,nan,nan,6150.0,2.09,1.45
Kepler-1331 b,Kepler-1331,0.78916165,0.094,nan,nan,nan,4508.0,0.69,0.72
Kepler-1332 b,Kepler-1332,11.87456832,0.122,nan,nan,nan,5581.0,0.9,0.95
Kepler-1333 b,Kepler-1333,109.6471842,0.251,nan,nan,nan,5628.0,0.92,0.94
Kepler-1334 b,Kepler-1334,15.64591713,0.204,nan,nan,nan,5614.0,0.91,0.94
Kepler-211 b,Kepler-211,4.138575,0.112,nan,nan,nan,5123.0,0.82,nan
Kepler-1335 b,Kepler-1335,6.26406846,0.129,nan,nan,nan,4903.0,0.74,0.77
Kepler-1336 b,Kepler-1336,23.198681,0.177,nan,nan,nan,5512.0,1.3,0.94
Kepler-1337 b,Kepler-1337,24.4002549,0.215,nan,nan,nan,4523.0,0.67,0.7
Kepler-1338 b,Kepler-1338,0.93511806,0.082,nan,nan,nan,5909.0,1.05,1.04
Kepler-1339 b,Kepler-1339,1.34155513,0.063,nan,nan,nan,5586.0,0.93,0.94
Kepler-1689 b,Kepler-1689,8.483,0.084,nan,nan,nan,5731.43,1.0,1.02
Kepler-212 b,Kepler-212,16.257582,0.097,nan,nan,nan,5852.0,1.46,nan
Kepler-1340 b,Kepler-1340,0.66502692,0.138,nan,nan,nan,6331.0,1.42,1.27
Kepler-1690 b,Kepler-1690,234.636,0.251,nan,nan,nan,5404.0,0.86,0.94
Kepler-1874 b,Kepler-1874,56.57320023,0.197,nan,nan,nan,4701.0,0.78,0.76
Kepler-1341 b,Kepler-1341,132.9968322,0.267,nan,nan,nan,4662.0,0.72,0.79
Kepler-213 c,Kepler-213,4.822962,0.209,nan,nan,nan,5696.0,1.2,nan
Kepler-511 c,Kepler-511,26.62949944,0.376,nan,nan,nan,5866.0,1.42,0.96
Kepler-404 b,Kepler-404,11.829851,0.113,nan,nan,nan,5654.0,0.88,nan
Kepler-215 c,Kepler-215,14.667108,0.158,nan,nan,nan,5739.0,1.03,nan
Kepler-1342 b,Kepler-1342,2.21571036,0.148,nan,nan,nan,5527.0,0.9,0.93
Kepler-1875 b,Kepler-1875,34.45859909,0.288,nan,nan,nan,6161.0,0.86,0.95
Kepler-1343 b,Kepler-1343,3.35183158,0.172,nan,nan,nan,5759.0,0.93,0.95
Kepler-1344 b,Kepler-1344,4.7683049,0.164,nan,nan,nan,5981.0,1.13,1.09
Kepler-122 f,Kepler-122,56.268,0.156,0.113,nan,nan,nan,0.95,1.03
Kepler-134 b,Kepler-134,5.317429,0.178,nan,nan,nan,5983.0,1.18,nan
Kepler-221 d,Kepler-221,10.04156,0.244,nan,nan,nan,5243.0,0.82,nan
Kepler-1345 b,Kepler-1345,44.6169557,0.211,nan,nan,nan,6449.0,1.55,1.32
Kepler-1346 b,Kepler-1346,3.40165668,0.141,nan,nan,nan,6133.0,1.21,1.14
Kepler-1347 b,Kepler-1347,14.00947528,0.092,nan,nan,nan,5193.0,0.79,0.82
Kepler-1348 b,Kepler-1348,27.5722742,0.173,nan,nan,nan,5911.0,1.04,1.04
Kepler-1349 b,Kepler-1349,2.12823928,0.062,nan,nan,nan,6086.0,1.28,1.16
Kepler-1350 b,Kepler-1350,4.4968604,0.225,nan,nan,nan,3827.0,0.53,0.55
Kepler-515 b,Kepler-515,19.96371318,0.13,nan,nan,nan,5293.0,0.83,0.9
Kepler-221 e,Kepler-221,18.369917,0.235,nan,nan,nan,5243.0,0.82,nan
Kepler-1351 b,Kepler-1351,0.91614077,0.058,nan,nan,nan,4439.0,0.67,0.7
Kepler-1876 b,Kepler-1876,6.99205,0.076,0.00755,0.098,1299.0,6104.0,1.48,1.19
Kepler-1691 b,Kepler-1691,3.8482,0.164,nan,nan,nan,6000.0,1.13,1.11
Kepler-1877 b,Kepler-1877,2.37756991,0.056,nan,nan,nan,5615.0,0.94,1.02
Kepler-521 b,Kepler-521,22.20813214,0.284,nan,nan,nan,6406.0,1.46,1.34
Kepler-1352 b,Kepler-1352,1.87788275,0.079,nan,nan,nan,6118.0,1.16,1.11
Kepler-221 b,Kepler-221,2.795906,0.153,nan,nan,nan,5243.0,0.82,nan
Kepler-1353 b,Kepler-1353,24.7543966,0.161,nan,nan,nan,4776.0,0.72,0.76
Kepler-1354 b,Kepler-1354,76.613377,0.265,nan,nan,nan,6168.0,1.24,1.16
Kepler-130 c,Kepler-130,27.50868,0.259,nan,0.0,683.0,5879.0,1.17,1.0
Kepler-224 e,Kepler-224,18.643577,0.176,nan,nan,nan,5018.0,0.68,nan
Kepler-1355 b,Kepler-1355,1.28958811,0.13,nan,nan,nan,5352.0,0.83,0.88
Kepler-1356 b,Kepler-1356,0.63400294,0.136,nan,nan,nan,5106.0,0.78,0.82
Kepler-1357 b,Kepler-1357,3.0091324,0.114,nan,nan,nan,5597.0,0.9,0.93
Kepler-462 c,Kepler-462,207.62,0.357,0.01888,0.11,nan,7500.0,1.57,1.59
Kepler-1878 b,Kepler-1878,4.44587994,0.261,nan,nan,nan,5918.0,0.86,0.96
Kepler-226 d,Kepler-226,8.109044,0.109,nan,nan,nan,5571.0,0.8,nan
Kepler-1358 b,Kepler-1358,7.06317341,0.1,nan,nan,nan,5181.0,0.79,0.82
Kepler-1359 b,Kepler-1359,59.4970952,0.252,nan,nan,nan,4709.0,0.72,0.78
Kepler-1879 b,Kepler-1879,10.61340046,0.184,nan,nan,nan,5865.0,1.39,1.02
Kepler-1360 b,Kepler-1360,40.5286413,0.303,nan,nan,nan,6778.0,1.83,1.51
Kepler-1361 b,Kepler-1361,3.57554956,0.077,nan,nan,nan,5131.0,0.79,0.83
Kepler-1362 b,Kepler-1362,136.205626,0.232,nan,nan,nan,4857.0,0.74,0.8
Kepler-1880 b,Kepler-1880,6.30921984,0.189,nan,nan,nan,4380.0,0.53,0.52
Kepler-52 d,Kepler-52,36.445171,0.174,nan,nan,nan,4263.0,0.56,nan
Kepler-1363 b,Kepler-1363,2.94194094,0.112,nan,nan,nan,4839.0,0.72,0.76
Kepler-1364 b,Kepler-1364,13.32196237,0.192,nan,nan,nan,6805.0,1.79,1.49
Kepler-1365 b,Kepler-1365,7.69993485,0.082,nan,nan,nan,5770.0,1.05,1.0
Kepler-1366 b,Kepler-1366,2.16457097,0.128,nan,nan,nan,4070.0,0.6,0.62
Kepler-525 b,Kepler-525,18.68404933,0.235,nan,nan,nan,5573.0,1.15,0.95
Kepler-1881 b,Kepler-1881,159.3939972,0.266,nan,nan,nan,5135.0,0.87,0.81
Kepler-446 b,Kepler-446,1.565409,0.13,nan,0.0,nan,3359.0,0.24,0.22
Kepler-1367 b,Kepler-1367,1.57409027,0.082,nan,nan,nan,4106.0,0.6,0.62
Kepler-231 b,Kepler-231,10.065275,0.154,nan,nan,nan,3767.0,0.49,nan
Kepler-1882 b,Kepler-1882,13.78730011,0.133,nan,nan,nan,5691.0,1.46,1.07
Kepler-526 b,Kepler-526,5.45849832,0.178,nan,nan,nan,5894.0,1.14,1.15
Kepler-1692 b,Kepler-1692,5.95966,0.099,nan,nan,nan,5146.0,0.87,0.87
Kepler-1985 b,Kepler-1985,3.42064689,0.203,nan,0.0,1129.0,5370.0,0.97,0.88
Kepler-1368 b,Kepler-1368,0.67564949,0.147,nan,nan,nan,5906.0,1.08,1.07
Kepler-235 c,Kepler-235,7.824904,0.114,nan,nan,nan,4255.0,0.55,nan
Kepler-1369 b,Kepler-1369,25.873148,0.24,nan,nan,nan,5761.0,0.99,0.99
Kepler-1370 b,Kepler-1370,20.2641684,0.164,nan,nan,nan,6202.0,1.29,1.19
Kepler-527 b,Kepler-527,13.28535633,0.253,nan,nan,nan,6388.0,1.45,1.28
Kepler-1371 b,Kepler-1371,3.4462039,0.065,nan,nan,nan,5361.0,0.83,0.87
Kepler-1883 b,Kepler-1883,103.427002,0.29,nan,nan,nan,6208.0,1.02,1.09
Kepler-1372 b,Kepler-1372,1.31155557,0.113,nan,nan,nan,5677.0,0.97,0.98
Kepler-236 b,Kepler-236,8.295611,0.14,nan,nan,nan,3750.0,0.51,nan
Kepler-1373 b,Kepler-1373,1.29123275,0.103,nan,nan,nan,6299.0,1.33,1.22
Kepler-1374 b,Kepler-1374,10.65276707,0.204,nan,nan,nan,5323.0,0.81,0.85
Kepler-1375 b,Kepler-1375,3.3004192,0.155,nan,nan,nan,6704.0,1.78,1.47
Kepler-1693 b,Kepler-1693,12.0999,0.115,nan,nan,nan,5432.34,0.88,0.95
Kepler-237 b,Kepler-237,4.715106,0.126,nan,nan,nan,4861.0,0.72,nan
Kepler-528 b,Kepler-528,19.78297415,0.186,nan,nan,nan,5807.0,1.06,1.01
Kepler-1376 b,Kepler-1376,5.30880656,0.094,nan,nan,nan,5659.0,0.97,0.98
Kepler-1694 b,Kepler-1694,3.89526,0.105,nan,nan,nan,4954.0,0.76,0.82
Kepler-1377 b,Kepler-1377,0.74092842,0.112,nan,nan,nan,5218.0,0.82,0.86
Kepler-1378 b,Kepler-1378,11.95398936,0.196,nan,nan,nan,4407.0,0.67,0.7
Kepler-141 c,Kepler-141,7.010606,0.126,nan,nan,nan,4910.0,0.79,nan
Kepler-123 c,Kepler-123,26.695074,0.132,nan,nan,nan,6089.0,1.26,nan
Kepler-239 c,Kepler-239,56.228098,0.224,nan,nan,nan,4914.0,0.76,nan
Kepler-1379 b,Kepler-1379,0.88184115,0.116,nan,nan,nan,5188.0,0.79,0.83
Kepler-1884 b,Kepler-1884,8.98832035,0.162,nan,nan,nan,5984.0,0.91,0.99
Kepler-529 b,Kepler-529,1.98035766,0.166,nan,nan,nan,6087.0,1.14,1.07
Kepler-1380 b,Kepler-1380,10.3108245,0.128,nan,nan,nan,5570.0,0.94,0.96
Kepler-243 c,Kepler-243,20.026218,0.178,nan,nan,nan,5228.0,0.84,nan
Kepler-1381 b,Kepler-1381,25.3842686,0.201,nan,nan,nan,5747.0,0.94,0.96
Kepler-1382 b,Kepler-1382,16.3583055,0.168,nan,nan,nan,6161.0,1.72,1.36
Kepler-245 c,Kepler-245,17.460812,0.194,nan,nan,nan,5100.0,0.8,nan
Kepler-1383 b,Kepler-1383,13.9093583,0.126,nan,nan,nan,6370.0,1.44,1.26
Kepler-1384 b,Kepler-1384,15.36262753,0.173,nan,nan,nan,4919.0,0.74,0.78
Kepler-414 c,Kepler-414,7.171,0.269,0.094,nan,nan,nan,0.95,0.89
Kepler-1385 b,Kepler-1385,2.88879862,0.076,nan,nan,nan,5732.0,1.29,1.15
Kepler-46 d,Kepler-46,6.766589,0.146,nan,nan,nan,5309.0,0.79,nan
Kepler-1885 b,Kepler-1885,2.52255988,0.135,nan,nan,nan,5591.0,0.86,0.98
Kepler-1386 b,Kepler-1386,6.73972381,0.111,nan,nan,nan,5733.0,1.03,1.02
Kepler-142 c,Kepler-142,4.761702,0.255,nan,nan,nan,5790.0,1.27,nan
Kepler-1387 b,Kepler-1387,2.27952666,0.083,nan,nan,nan,5046.0,0.77,0.82
Kepler-246 c,Kepler-246,11.187161,0.134,nan,nan,nan,5206.0,0.83,nan
Kepler-1388 b,Kepler-1388,12.2854603,0.231,nan,nan,nan,4098.0,0.61,0.63
Kepler-530 b,Kepler-530,39.30941904,0.269,nan,nan,nan,5697.0,0.89,0.97
Kepler-1389 b,Kepler-1389,99.2530951,0.158,nan,nan,nan,5078.0,0.74,0.81
Kepler-54 c,Kepler-54,12.0717249,0.11,nan,nan,nan,3705.0,0.5,0.51
Kepler-1390 b,Kepler-1390,6.48021673,0.105,nan,nan,nan,5753.0,0.98,0.98
Kepler-716 c,Kepler-716,3.96999,0.124,nan,nan,nan,5012.0,0.74,0.83
Kepler-55 c,Kepler-55,42.1516418,0.197,nan,nan,nan,4362.0,0.58,0.62
Kepler-531 b,Kepler-531,29.88485741,0.248,nan,nan,nan,4893.0,0.75,0.78
Kepler-250 d,Kepler-250,17.648312,0.194,nan,nan,nan,5160.0,0.81,nan
Kepler-251 e,Kepler-251,99.640161,0.247,nan,nan,nan,5526.0,0.89,nan
Kepler-26 e,Kepler-26,46.827915,0.215,nan,nan,nan,4486.0,0.57,nan
Kepler-252 b,Kepler-252,6.668391,0.11,nan,nan,nan,4208.0,0.55,nan
Kepler-255 b,Kepler-255,5.714606,0.138,nan,nan,nan,5573.0,0.93,nan
Kepler-256 d,Kepler-256,5.839172,0.221,nan,nan,nan,5551.0,1.3,nan
Kepler-258 c,Kepler-258,33.653079,0.322,nan,nan,nan,4942.0,0.92,nan
Kepler-260 c,Kepler-260,76.050178,0.155,nan,nan,nan,5250.0,0.86,nan
Kepler-532 b,Kepler-532,12.92491623,0.229,nan,nan,nan,5192.0,0.79,0.87
Kepler-261 c,Kepler-261,24.570858,0.178,nan,nan,nan,5098.0,0.79,nan
Kepler-264 c,Kepler-264,140.101261,0.252,nan,nan,nan,6158.0,1.55,nan
Kepler-125 c,Kepler-125,5.774464,0.066,nan,nan,nan,3810.0,0.51,nan
Kepler-755 c,Kepler-755,2.85313364,0.112,nan,nan,nan,5043.0,0.77,0.82
Kepler-265 b,Kepler-265,6.846262,0.166,nan,nan,nan,5835.0,1.1,nan
Kepler-758 d,Kepler-758,20.4966197,0.189,nan,nan,nan,6228.0,1.42,1.16
Kepler-266 c,Kepler-266,107.723601,0.347,nan,nan,nan,5885.0,1.03,nan
Kepler-267 c,Kepler-267,6.87745,0.19,nan,nan,nan,4258.0,0.56,nan
Kepler-533 b,Kepler-533,28.51120525,0.302,nan,nan,nan,4758.0,0.72,0.78
Kepler-269 c,Kepler-269,8.127899,0.151,nan,nan,nan,5847.0,0.96,nan
Kepler-272 d,Kepler-272,10.937304,0.201,nan,nan,nan,5297.0,0.93,nan
Kepler-275 d,Kepler-275,35.676062,0.297,nan,nan,nan,6165.0,1.38,nan
Kepler-206 d,Kepler-206,23.44281,0.106,nan,nan,nan,5764.0,1.19,nan
Kepler-208 e,Kepler-208,16.259458,0.132,nan,nan,nan,6092.0,1.31,nan
Kepler-344 c,Kepler-344,125.596809,0.263,nan,nan,nan,5774.0,0.98,nan
Kepler-345 b,Kepler-345,7.415563,0.066,nan,nan,nan,4504.0,0.62,nan
Kepler-524 b,Kepler-524,7.97419807,0.17,nan,nan,nan,6014.0,1.1,1.09
Kepler-346 c,Kepler-346,23.851549,0.274,nan,nan,nan,6033.0,1.02,nan
Kepler-1050 c,Kepler-1050,21.1284569,0.132,nan,nan,nan,6010.0,1.13,1.09
Kepler-349 c,Kepler-349,12.247629,0.175,nan,nan,nan,5956.0,0.93,nan
Kepler-350 d,Kepler-350,26.136,0.25,0.047,nan,nan,nan,1.25,1.0
Kepler-350 b,Kepler-350,11.189562,0.165,nan,nan,nan,6186.0,1.53,nan
Kepler-351 b,Kepler-351,37.054919,0.273,nan,nan,nan,5643.0,0.85,nan
Kepler-352 b,Kepler-352,10.05537,0.077,nan,nan,nan,5212.0,0.78,nan
Kepler-267 d,Kepler-267,28.464515,0.203,nan,nan,nan,4258.0,0.56,nan
Kepler-353 b,Kepler-353,5.795278,0.079,nan,nan,nan,3903.0,0.5,nan
Kepler-1664 b,Kepler-1664,14.3868,0.271,nan,nan,nan,5735.81,nan,nan
Kepler-85 c,Kepler-85,12.51,0.176,0.00676,0.027,nan,5505.2,0.88,0.93
Kepler-85 d,Kepler-85,17.91323,0.107,nan,nan,nan,5436.0,0.89,nan
Kepler-85 e,Kepler-85,25.216751,0.113,nan,nan,nan,5436.0,0.89,nan
Kepler-354 d,Kepler-354,24.209842,0.111,nan,nan,nan,4648.0,0.67,nan
Kepler-355 b,Kepler-355,11.03189,0.13,nan,nan,nan,6184.0,1.07,nan
Kepler-356 b,Kepler-356,4.612696,0.14,nan,nan,nan,6133.0,1.33,nan
Kepler-357 b,Kepler-357,6.475434,0.164,nan,nan,nan,5036.0,0.83,nan
Kepler-357 c,Kepler-357,16.85837,0.238,nan,nan,nan,5036.0,0.83,nan
Kepler-358 b,Kepler-358,34.060467,0.243,nan,nan,nan,5908.0,0.95,nan
Kepler-60 c,Kepler-60,8.9187,0.17,0.01211,nan,nan,5905.0,1.26,1.04
Kepler-60 d,Kepler-60,11.8981,0.178,0.01309,nan,nan,5905.0,1.26,1.04
Kepler-359 b,Kepler-359,25.563222,0.315,nan,nan,nan,6248.0,1.09,nan
Kepler-360 c,Kepler-360,7.186434,0.187,nan,nan,nan,6053.0,1.06,nan
Kepler-417 b,Kepler-417,12.331,0.206,0.035,nan,nan,nan,0.81,0.9
Kepler-363 c,Kepler-363,7.542427,0.151,nan,nan,nan,5593.0,1.49,nan
Kepler-363 b,Kepler-363,3.614568,0.103,nan,nan,nan,5593.0,1.49,nan
Kepler-364 b,Kepler-364,25.745718,0.138,nan,nan,nan,6108.0,1.28,nan
Kepler-272 b,Kepler-272,2.971353,0.128,nan,nan,nan,5297.0,0.93,nan
KOI-351 h,KOI-351,331.60059,1.008,nan,nan,nan,6080.0,1.2,1.2
Kepler-366 c,Kepler-366,12.51616,0.16,nan,nan,nan,6209.0,1.05,nan
Kepler-1130 c,Kepler-1130,3.26663995,0.071,nan,nan,nan,5450.0,0.84,0.94
Kepler-1130 d,Kepler-1130,4.27225017,0.058,nan,nan,nan,5450.0,0.84,0.94
Kepler-367 c,Kepler-367,53.578637,0.107,nan,nan,nan,4710.0,0.69,nan
Kepler-1802 c,Kepler-1802,33.13610077,0.207,nan,nan,nan,4245.0,0.64,0.65
Kepler-1802 b,Kepler-1802,15.45020008,0.149,nan,nan,nan,4245.0,0.64,0.65
Kepler-143 c,Kepler-143,27.082511,0.301,nan,nan,nan,5848.0,1.36,nan
Kepler-415 b,Kepler-415,4.176,0.108,0.377,nan,nan,nan,0.64,0.67
Kepler-369 b,Kepler-369,2.732756,0.101,nan,nan,nan,3591.0,0.47,nan
Kepler-370 b,Kepler-370,4.57953,0.142,nan,nan,nan,5852.0,0.9,nan
Kepler-373 c,Kepler-373,16.725948,0.111,nan,nan,nan,5787.0,0.84,nan
Kepler-374 d,Kepler-374,5.028219,0.117,nan,nan,nan,5977.0,0.91,nan
Kepler-374 b,Kepler-374,1.897806,0.092,nan,nan,nan,5977.0,0.91,nan
Kepler-375 b,Kepler-375,12.125934,0.129,nan,nan,nan,5826.0,0.84,nan
Kepler-534 b,Kepler-534,15.95994513,0.2,nan,nan,nan,5884.0,0.98,1.05
Kepler-376 b,Kepler-376,4.920199,0.095,nan,nan,nan,5900.0,1.18,nan
Kepler-377 b,Kepler-377,12.509529,0.124,nan,nan,nan,5949.0,1.22,nan
Kepler-380 c,Kepler-380,7.630004,0.113,nan,nan,nan,6045.0,1.22,nan
Kepler-381 b,Kepler-381,5.629021,0.088,nan,nan,nan,6152.0,1.57,nan
Kepler-535 b,Kepler-535,4.90332155,0.211,nan,nan,nan,6123.0,1.27,1.18
Kepler-381 d,Kepler-381,8.25629997,0.095,nan,nan,nan,6197.0,2.19,1.2
Kepler-1208 b,Kepler-1208,11.08507637,0.207,nan,nan,nan,5001.0,0.76,0.8
Kepler-1987 c,Kepler-1987,3.64830183,0.119,nan,0.0,860.0,4769.0,0.71,0.8
Kepler-382 c,Kepler-382,12.162701,0.142,nan,nan,nan,5600.0,0.94,nan
Kepler-383 c,Kepler-383,31.200751,0.111,nan,nan,nan,4710.0,0.67,nan
Kepler-384 c,Kepler-384,45.348269,0.101,nan,nan,nan,5577.0,0.88,nan
Kepler-385 b,Kepler-385,10.043686,0.244,nan,nan,nan,6326.0,1.13,nan
Kepler-387 c,Kepler-387,11.837549,0.079,nan,nan,nan,5774.0,1.05,nan
Kepler-536 b,Kepler-536,1.8270823,0.277,nan,nan,nan,5524.0,0.89,0.92
Kepler-388 c,Kepler-388,13.297004,0.077,nan,nan,nan,4498.0,0.59,nan
Kepler-1266 c,Kepler-1266,4.86631012,0.15,nan,nan,nan,4996.0,0.83,0.79
Kepler-1987 b,Kepler-1987,2.345863,0.11,nan,0.0,997.0,4769.0,0.71,0.8
Kepler-393 c,Kepler-393,14.613612,0.119,nan,nan,nan,6189.0,1.38,nan
Kepler-394 c,Kepler-394,12.130686,0.148,nan,nan,nan,6402.0,1.13,nan
Kepler-394 d,Kepler-394,5.61358023,0.134,nan,nan,nan,6398.0,1.1,1.14
Kepler-292 c,Kepler-292,3.715335,0.131,nan,nan,nan,5299.0,0.83,nan
Kepler-395 b,Kepler-395,7.054346,0.092,nan,nan,nan,4262.0,0.56,nan
Kepler-292 b,Kepler-292,2.580827,0.118,nan,nan,nan,5299.0,0.83,nan
Kepler-245 e,Kepler-245,3.21982106,0.156,nan,nan,nan,5174.0,0.8,0.86
Kepler-298 d,Kepler-298,77.473633,0.223,nan,nan,nan,4465.0,0.58,nan
Kepler-299 b,Kepler-299,2.927128,0.118,nan,nan,nan,5617.0,1.03,nan
Kepler-301 d,Kepler-301,13.751243,0.156,nan,nan,nan,5815.0,0.9,nan
Kepler-301 c,Kepler-301,5.419026,0.12,nan,nan,nan,5815.0,0.9,nan
Kepler-59 b,Kepler-59,11.8681707,0.098,nan,nan,nan,6074.0,0.94,1.04
Kepler-304 d,Kepler-304,9.653471,0.245,nan,nan,nan,4731.0,0.69,nan
Kepler-304 c,Kepler-304,5.315946,0.194,nan,nan,nan,4731.0,0.69,nan
Kepler-304 e,Kepler-304,1.49914695,0.107,nan,nan,nan,4817.0,0.73,0.8
Kepler-305 c,Kepler-305,8.291,0.294,0.019,nan,nan,nan,0.8,0.76
Kepler-54 d,Kepler-54,20.995694,0.136,nan,nan,nan,4252.0,0.55,nan
Kepler-537 b,Kepler-537,3.24755522,0.126,nan,nan,nan,5763.0,0.99,1.07
Kepler-305 e,Kepler-305,3.20538,0.16,nan,nan,nan,4974.0,0.83,0.82
Kepler-305 d,Kepler-305,16.74,0.246,0.01951,nan,nan,5090.0,0.79,0.83
Kepler-306 d,Kepler-306,17.326644,0.22,nan,nan,nan,4954.0,0.72,nan
Kepler-306 e,Kepler-306,44.840975,0.203,nan,nan,nan,4954.0,0.72,nan
Kepler-307 c,Kepler-307,13.0729,0.196,0.01145,nan,nan,5367.0,0.81,0.91
Kepler-84 e,Kepler-84,27.434389,0.232,nan,nan,nan,6031.0,1.17,nan
Kepler-84 d,Kepler-84,4.224537,0.123,nan,nan,nan,6031.0,1.17,nan
Kepler-84 f,Kepler-84,44.552169,0.196,nan,nan,nan,6031.0,1.17,nan
Kepler-310 d,Kepler-310,92.876125,0.22,nan,nan,nan,5797.0,0.88,nan
Kepler-414 b,Kepler-414,4.7,0.153,0.011,nan,nan,nan,0.95,0.89
Kepler-55 e,Kepler-55,4.617534,0.138,nan,nan,nan,4503.0,0.62,nan
Kepler-310 b,Kepler-310,13.930698,0.106,nan,nan,nan,5797.0,0.88,nan
Kepler-903 c,Kepler-903,62.9228557,0.226,nan,nan,nan,5682.0,0.97,0.98
Kepler-311 c,Kepler-311,19.738286,0.128,nan,nan,nan,5905.0,1.19,nan
Kepler-913 c,Kepler-913,5.93911982,0.344,nan,nan,nan,6068.0,1.8,1.29
Kepler-313 c,Kepler-313,32.273273,0.229,nan,nan,nan,5727.0,1.54,nan
Kepler-142 b,Kepler-142,2.024152,0.178,nan,nan,nan,5790.0,1.27,nan
Kepler-314 b,Kepler-314,2.461069,0.074,nan,nan,nan,5378.0,0.95,nan
Kepler-55 f,Kepler-55,10.198545,0.142,nan,nan,nan,4503.0,0.62,nan
Kepler-316 b,Kepler-316,2.240508,0.095,nan,nan,nan,4204.0,0.52,nan
Kepler-949 c,Kepler-949,20.99757968,0.265,nan,0.0,582.0,5211.0,0.9,0.82
Kepler-317 c,Kepler-317,8.77501,0.153,nan,nan,nan,5497.0,0.94,nan
Kepler-318 c,Kepler-318,11.815007,0.328,nan,nan,nan,5746.0,1.19,nan
Kepler-411 b,Kepler-411,3.005156,0.214,0.08055,0.146,1138.0,nan,0.82,0.87
Kepler-319 d,Kepler-319,31.781925,0.204,nan,nan,nan,5526.0,0.9,nan
Kepler-319 b,Kepler-319,4.362705,0.145,nan,nan,nan,5526.0,0.9,nan
Kepler-321 b,Kepler-321,4.915379,0.158,nan,nan,nan,5740.0,1.19,nan
Kepler-322 b,Kepler-322,1.653888,0.09,nan,nan,nan,5388.0,0.89,nan
Kepler-323 b,Kepler-323,1.678328,0.123,0.01227,0.095,1838.0,6004.0,1.12,1.01
Kepler-250 b,Kepler-250,4.148141,0.101,nan,nan,nan,5160.0,0.81,nan
Kepler-324 b,Kepler-324,4.385315,0.102,nan,nan,nan,5194.0,0.84,nan
KOI-1831 d,Kepler-324,34.169,0.101,0.00702,nan,475.0,5233.0,0.83,0.9
Kepler-324 e,Kepler-324,13.97939968,0.182,nan,nan,nan,5191.0,0.83,0.84
Kepler-325 c,Kepler-325,12.762172,0.227,nan,nan,nan,5752.0,1.0,nan
Kepler-325 d,Kepler-325,38.715185,0.249,nan,nan,nan,5752.0,1.0,nan
Kepler-326 b,Kepler-326,2.248329,0.136,nan,nan,nan,5105.0,0.8,nan
Kepler-326 d,Kepler-326,6.766888,0.108,nan,nan,nan,5105.0,0.8,nan
Kepler-975 c,Kepler-975,5.05821338,0.954,nan,0.0,1168.0,4883.0,1.67,0.95
Kepler-256 b,Kepler-256,1.620493,0.142,nan,nan,nan,5551.0,1.3,nan
Kepler-416 c,Kepler-416,12.209,nan,nan,nan,nan,nan,1.07,1.0
Kepler-416 d,Kepler-416,3.07644709,0.144,nan,0.0,1253.0,5670.0,1.02,0.95
Kepler-327 d,Kepler-327,13.969457,0.154,nan,nan,nan,3799.0,0.49,nan
Kepler-327 c,Kepler-327,5.212333,0.092,nan,nan,nan,3799.0,0.49,nan
Kepler-1996 b,Kepler-1996,32.376183,0.202,nan,0.0,392.0,4580.0,0.68,0.75
Kepler-329 b,Kepler-329,7.416397,0.125,nan,nan,nan,4257.0,0.52,nan
Kepler-11 f,Kepler-11,46.6888,0.222,0.006,0.013,nan,5663.0,1.06,0.96
Kepler-1001 c,Kepler-1001,9.18186,0.141,nan,nan,nan,5376.0,0.84,0.93
Kepler-330 b,Kepler-330,8.25978,0.12,nan,nan,nan,5117.0,0.72,nan
Kepler-331 c,Kepler-331,17.28111,0.164,nan,nan,nan,4347.0,0.49,nan
Kepler-256 e,Kepler-256,10.681572,0.21,nan,nan,nan,5551.0,1.3,nan
Kepler-331 d,Kepler-331,32.134328,0.146,nan,nan,nan,4347.0,0.49,nan
Kepler-333 c,Kepler-333,24.08821,0.099,nan,nan,nan,4259.0,0.53,nan
Kepler-334 b,Kepler-334,5.470319,0.1,nan,nan,nan,5828.0,1.07,nan
Kepler-334 d,Kepler-334,25.09849,0.126,nan,nan,nan,5828.0,1.07,nan
Kepler-336 c,Kepler-336,9.600001,0.187,nan,nan,nan,5867.0,1.3,nan
Kepler-138 d,Kepler-138,23.0923,0.135,0.00661,0.01,345.0,3841.0,0.54,0.54
Kepler-336 b,Kepler-336,2.024823,0.091,nan,nan,nan,5867.0,1.3,nan
Kepler-337 b,Kepler-337,3.292781,0.137,nan,nan,nan,5684.0,1.76,nan
Kepler-338 c,Kepler-338,24.310856,0.209,nan,nan,nan,5923.0,1.74,nan
Kepler-338 d,Kepler-338,44.431014,0.268,nan,nan,nan,5923.0,1.74,nan
Kepler-758 e,Kepler-758,8.1934719,0.136,nan,nan,nan,6228.0,1.42,1.16
Kepler-338 e,Kepler-338,9.341,0.139,0.027,nan,nan,nan,1.74,1.14
Kepler-339 d,Kepler-339,10.558345,0.104,nan,nan,nan,5631.0,0.8,nan
Kepler-339 c,Kepler-339,6.988055,0.103,nan,nan,nan,5631.0,0.8,nan
Kepler-341 d,Kepler-341,27.666313,0.165,nan,nan,nan,6012.0,1.02,nan
Kepler-341 b,Kepler-341,5.195528,0.105,nan,nan,nan,6012.0,1.02,nan
Kepler-341 e,Kepler-341,42.473269,0.178,nan,nan,nan,6012.0,1.02,nan
Kepler-342 d,Kepler-342,39.459357,0.222,nan,nan,nan,6175.0,1.47,nan
Kepler-35 b,Kepler-35,131.458,0.728,0.127,0.042,nan,5606.0,1.03,0.89
Kepler-461 b,Kepler-461,8.31378306,0.23,nan,nan,nan,5634.0,0.91,0.98
Kepler-38 b,Kepler-38,105.599,0.384,0.384,0.032,475.0,5623.0,1.75,0.94
Kepler-230 c,Kepler-230,91.773242,0.182,nan,nan,nan,5588.0,0.82,nan
Kepler-233 c,Kepler-233,60.418955,0.242,nan,nan,nan,5360.0,0.76,nan
Kepler-106 d,Kepler-106,23.9802,0.085,0.02549,nan,nan,5858.0,1.04,1.0
Kepler-238 f,Kepler-238,50.447,0.178,0.042,nan,nan,nan,0.96,1.06
Kepler-27 d,Kepler-27,6.54628992,0.241,nan,nan,nan,5251.0,0.82,0.93
Kepler-81 d,Kepler-81,20.837846,0.108,nan,nan,nan,4500.0,0.59,nan
Kepler-722 c,Kepler-722,105.144749,0.252,nan,nan,nan,5863.0,1.05,1.03
Kepler-32 f,Kepler-32,0.74296,0.073,nan,nan,nan,3900.0,0.53,0.58
Kepler-262 b,Kepler-262,13.060855,0.121,nan,nan,nan,5841.0,0.88,nan
Kepler-263 c,Kepler-263,47.332773,0.22,nan,nan,nan,5265.0,0.79,nan
Kepler-265 e,Kepler-265,67.831024,0.231,nan,nan,nan,5835.0,1.1,nan
Kepler-265 d,Kepler-265,43.130617,0.222,nan,nan,nan,5835.0,1.1,nan
Kepler-763 c,Kepler-763,4.09667624,0.127,nan,0.0,938.0,4999.0,0.84,0.8
Kepler-763 b,Kepler-763,1.19655156,0.109,nan,nan,nan,5166.0,0.8,0.84
Kepler-24 e,Kepler-24,18.998355,0.248,nan,nan,nan,5897.0,1.29,nan
Kepler-22 b,Kepler-22,289.863876,0.187,0.02863,0.72,279.0,5596.0,0.87,0.86
Kepler-24 d,Kepler-24,4.244384,0.149,nan,nan,nan,5897.0,1.29,nan
Kepler-769 c,Kepler-769,15.9870174,0.16,nan,nan,nan,6186.0,1.28,1.19
Kepler-770 c,Kepler-770,1.47532231,0.107,nan,nan,nan,5598.0,0.92,0.94
Kepler-770 d,Kepler-770,4.15244722,0.125,nan,nan,nan,5598.0,0.92,0.94
Kepler-270 c,Kepler-270,25.262887,0.158,nan,nan,nan,6067.0,1.46,nan
Kepler-783 b,Kepler-783,4.29264638,0.07,nan,nan,nan,5521.0,0.89,0.93
Kepler-784 c,Kepler-784,17.157236,0.138,nan,0.0,844.0,5676.0,1.49,1.02
Kepler-79 e,Kepler-79,81.0659,0.311,0.013,0.012,nan,6174.0,1.3,1.17
Kepler-279 d,Kepler-279,54.414,0.277,0.118,nan,nan,nan,1.07,1.1
Kepler-281 d,Kepler-281,148.2720032,0.53,nan,nan,nan,5717.0,0.88,0.98
Kepler-282 b,Kepler-282,9.220524,0.09,nan,nan,nan,5602.0,0.9,nan
Kepler-282 c,Kepler-282,13.638723,0.107,nan,nan,nan,5602.0,0.9,nan
Kepler-283 c,Kepler-283,92.743711,0.162,nan,nan,nan,4351.0,0.57,nan
Kepler-286 e,Kepler-286,29.221289,0.158,nan,nan,nan,5580.0,0.86,nan
Kepler-288 d,Kepler-288,56.633742,0.238,nan,nan,nan,5918.0,1.09,nan
Kepler-58 d,Kepler-58,40.101371,0.262,nan,nan,nan,6099.0,1.13,nan
Kepler-58 e,Kepler-58,4.45814897,0.144,nan,0.0,1212.0,6100.0,1.08,1.02
Kepler-290 d,Kepler-290,0.76401755,0.077,nan,0.0,1589.0,5142.0,0.76,0.84
Kepler-295 c,Kepler-295,21.526258,0.104,nan,nan,nan,5603.0,0.9,nan
Kepler-101 b,Kepler-101,3.4876812,0.51,0.16,0.086,1513.0,5667.0,1.56,1.17
Kepler-295 d,Kepler-295,33.884054,0.121,nan,nan,nan,5603.0,0.9,nan
Kepler-299 e,Kepler-299,38.285489,0.167,nan,nan,nan,5617.0,1.03,nan
Kepler-1669 d,Kepler-1669,4.72941177,0.109,nan,0.0,669.0,4224.0,0.6,0.61
Kepler-69 c,Kepler-69,242.4613,0.153,nan,0.14,299.0,5638.0,0.93,0.81
Kepler-864 c,Kepler-864,2.42150341,0.145,nan,0.0,1532.0,6213.0,1.2,1.27
Kepler-865 c,Kepler-865,6.20920207,0.079,nan,0.0,914.0,5440.0,0.89,0.78
Kepler-887 c,Kepler-887,7.63846023,0.101,nan,nan,nan,6194.0,1.29,1.19
KIC 9663113 b,KIC 9663113,572.3847,0.41,nan,nan,nan,6065.0,1.03,0.98
Kepler-87 c,Kepler-87,191.2318,0.548,0.02,0.039,403.0,5600.0,1.82,1.1
Kepler-896 b,Kepler-896,144.547396,0.226,nan,nan,nan,5262.0,0.81,0.84
Kepler-308 c,Kepler-308,15.38231,0.193,nan,nan,nan,5895.0,0.94,nan
Kepler-495 c,Kepler-495,5.89660978,0.109,nan,nan,nan,5392.0,1.09,0.89
Kepler-501 c,Kepler-501,3.62276006,0.15,nan,nan,nan,5794.0,1.22,1.03
Kepler-124 d,Kepler-124,30.950851,0.099,nan,nan,nan,4984.0,0.64,nan
Kepler-124 b,Kepler-124,3.410493,0.065,nan,nan,nan,4984.0,0.64,nan
Kepler-2000 c,Kepler-2000,20.6180348,0.14,nan,0.0,359.0,3757.0,0.58,0.58
Kepler-396 b,Kepler-396,42.994,0.312,0.238,nan,nan,nan,1.06,0.85
Kepler-1311 b,Kepler-1311,11.1726994,0.111,nan,nan,nan,5748.0,1.4,1.05
Kepler-1311 c,Kepler-1311,2.53573424,0.109,nan,nan,nan,5748.0,1.4,1.05
Kepler-1312 c,Kepler-1312,1.11611998,0.092,nan,nan,nan,5721.0,0.91,0.98
Kepler-397 b,Kepler-397,22.250949,0.219,nan,nan,nan,5307.0,0.77,nan
Kepler-1869 b,Kepler-1869,8.16736031,0.1,nan,nan,nan,5808.0,0.9,0.99
Kepler-398 c,Kepler-398,11.419412,0.09,nan,nan,nan,4493.0,0.61,nan
Kepler-398 d,Kepler-398,6.83437001,0.079,nan,nan,nan,4557.0,0.67,0.72
Kepler-1315 c,Kepler-1315,6.56606007,0.165,nan,nan,nan,4818.0,0.86,0.81
Kepler-445 b,Kepler-445,2.984151,0.14,nan,0.0,nan,3157.0,0.21,0.18
Kepler-399 b,Kepler-399,14.425281,0.086,nan,nan,nan,5502.0,0.68,nan
Kepler-399 c,Kepler-399,26.67569,0.128,nan,nan,nan,5502.0,0.68,nan
Kepler-126 c,Kepler-126,21.869741,0.141,nan,nan,nan,6239.0,1.36,nan
Kepler-400 c,Kepler-400,17.340824,0.133,nan,nan,nan,5886.0,1.15,nan
Kepler-401 c,Kepler-401,47.318218,0.192,nan,nan,nan,6117.0,1.33,nan
Kepler-1321 c,Kepler-1321,2.22649109,0.214,nan,nan,nan,4094.0,0.53,0.54
Kepler-1321 d,Kepler-1321,5.72092009,0.234,nan,nan,nan,3640.0,0.5,0.51
Kepler-1322 c,Kepler-1322,6.45998001,0.192,nan,nan,nan,5704.0,0.8,0.9
Kepler-402 e,Kepler-402,11.242861,0.13,nan,nan,nan,6090.0,1.26,nan
Kepler-402 b,Kepler-402,4.028751,0.109,nan,nan,nan,6090.0,1.26,nan
Kepler-402 d,Kepler-402,8.921099,0.123,nan,nan,nan,6090.0,1.26,nan
Kepler-403 c,Kepler-403,54.280749,0.156,nan,nan,nan,6090.0,1.33,nan
Kepler-1336 c,Kepler-1336,5.77721211,0.153,nan,nan,nan,5512.0,1.3,0.94
Kepler-404 c,Kepler-404,14.751166,0.153,nan,nan,nan,5654.0,0.88,nan
Kepler-1365 c,Kepler-1365,4.77468005,0.071,nan,nan,nan,5770.0,1.05,1.0
Kepler-446 d,Kepler-446,5.148921,0.12,nan,0.0,nan,3359.0,0.24,0.22
Kepler-127 b,Kepler-127,14.435889,0.125,nan,nan,nan,6106.0,1.36,nan
Kepler-1370 c,Kepler-1370,7.44142113,0.113,nan,nan,nan,6202.0,1.29,1.19
Kepler-1371 c,Kepler-1371,2.00541269,0.057,nan,nan,nan,5361.0,0.83,0.87
Kepler-1693 c,Kepler-1693,5.36370993,0.087,nan,nan,nan,5553.0,1.1,0.94
Kepler-11 g,Kepler-11,118.3807,0.297,0.079,0.15,nan,5663.0,1.06,0.96
Kepler-1388 c,Kepler-1388,5.53608151,0.202,nan,nan,nan,4098.0,0.61,0.63
Kepler-1886 b,Kepler-1886,24.2758007,0.23,nan,nan,nan,5745.0,0.84,0.93
Kepler-1391 b,Kepler-1391,54.4092333,0.15,nan,nan,nan,5840.0,1.1,1.03
Kepler-1887 b,Kepler-1887,19.94750023,0.261,nan,nan,nan,5749.0,0.86,0.96
Kepler-1392 b,Kepler-1392,15.1410397,0.175,nan,nan,nan,5479.0,0.85,0.88
Kepler-1888 b,Kepler-1888,11.39169979,0.118,nan,nan,nan,5557.0,1.25,0.9
Kepler-1393 b,Kepler-1393,2.44357812,0.071,nan,nan,nan,5697.0,0.92,0.95
Kepler-1394 b,Kepler-1394,3.93766373,0.124,nan,nan,nan,6481.0,2.55,1.64
Kepler-1395 b,Kepler-1395,3.78470649,0.071,nan,nan,nan,6138.0,1.23,1.17
Kepler-1396 b,Kepler-1396,18.2206421,0.185,nan,nan,nan,6195.0,1.27,1.18
Kepler-1397 b,Kepler-1397,47.449955,0.153,nan,nan,nan,6026.0,1.12,1.09
Kepler-1889 b,Kepler-1889,37.30369949,0.263,nan,nan,nan,5646.0,0.82,0.86
Kepler-1890 b,Kepler-1890,4.82059002,0.077,nan,nan,nan,6046.0,1.4,1.02
Kepler-1398 b,Kepler-1398,2.78815679,0.08,nan,nan,nan,6126.0,1.18,1.13
Kepler-1398 c,Kepler-1398,4.13827595,0.092,nan,nan,nan,6126.0,1.18,1.13
Kepler-1399 b,Kepler-1399,1.63865306,0.112,nan,nan,nan,5735.0,0.96,0.97
Kepler-1400 b,Kepler-1400,9.06689421,0.145,nan,nan,nan,5044.0,0.78,0.83
Kepler-1891 b,Kepler-1891,4.02229023,0.136,nan,nan,nan,5516.0,0.83,0.87
Kepler-51 b,Kepler-51,45.154,0.633,0.007,0.04,543.0,6018.0,0.94,1.04
Kepler-1892 b,Kepler-1892,6.33123016,0.164,nan,nan,nan,5383.0,0.76,0.85
Kepler-1401 b,Kepler-1401,11.20066445,0.15,nan,nan,nan,5964.0,1.1,1.07
Kepler-1402 b,Kepler-1402,2.03387914,0.068,nan,nan,nan,5416.0,0.87,0.9
Kepler-1403 b,Kepler-1403,5.19492202,0.191,nan,nan,nan,6060.0,1.15,1.11
Kepler-1404 b,Kepler-1404,15.9314739,0.179,nan,nan,nan,5261.0,0.8,0.84
Kepler-27 c,Kepler-27,31.3309,0.437,13.8,nan,nan,5400.0,0.59,0.65
Kepler-1405 b,Kepler-1405,28.2274184,0.353,nan,nan,nan,5925.0,1.07,1.05
Kepler-1406 b,Kepler-1406,11.62905828,0.098,nan,nan,nan,5892.0,1.12,1.05
Kepler-1407 b,Kepler-1407,20.0711504,0.201,nan,nan,nan,6010.0,1.15,1.1
Kepler-1408 b,Kepler-1408,2.99793191,0.079,nan,nan,nan,6170.0,1.35,1.21
Kepler-209 c,Kepler-209,41.749882,0.277,nan,nan,nan,5513.0,0.94,nan
Kepler-1410 b,Kepler-1410,60.866168,0.159,nan,nan,nan,4092.0,0.6,0.63
Kepler-1411 b,Kepler-1411,86.1150888,0.252,nan,nan,nan,5664.0,0.92,0.95
Kepler-1412 b,Kepler-1412,3.6146051,0.074,nan,nan,nan,5880.0,1.27,1.06
Kepler-1893 b,Kepler-1893,4.17936993,0.152,nan,nan,nan,5633.0,1.16,0.97
Kepler-229 d,Kepler-229,41.194912,0.343,nan,nan,nan,5120.0,0.73,nan
Kepler-1894 b,Kepler-1894,2.76266003,0.107,nan,nan,nan,5772.0,0.9,1.0
Kepler-1894 c,Kepler-1894,5.05368985,0.108,nan,0.0,1007.0,5772.0,0.9,1.0
Kepler-1413 b,Kepler-1413,13.1829642,0.162,nan,nan,nan,5196.0,0.8,0.84
Kepler-1414 b,Kepler-1414,3.51576315,0.11,nan,nan,nan,4951.0,0.75,0.8
Kepler-130 d,Kepler-130,87.517905,0.146,nan,nan,nan,5884.0,1.13,nan
Kepler-1895 b,Kepler-1895,6.07029009,0.189,nan,nan,nan,5076.0,0.76,0.86
Kepler-30 b,Kepler-30,29.33434,0.348,0.036,0.042,nan,5498.0,0.95,0.99
Kepler-1415 b,Kepler-1415,0.63642408,0.115,nan,nan,nan,5267.0,0.84,0.89
Kepler-1416 b,Kepler-1416,1.49514952,0.079,nan,nan,nan,6019.0,1.15,1.09
Kepler-75 b,Kepler-75,8.8849116,1.05,10.1,0.57,767.0,5200.0,0.89,0.91
Kepler-1417 b,Kepler-1417,20.3505213,0.089,nan,nan,nan,5839.0,1.02,1.02
Kepler-1896 b,Kepler-1896,44.87020111,0.277,nan,nan,nan,6122.0,1.0,1.07
Kepler-131 c,Kepler-131,25.5169,0.075,0.026,nan,nan,5685.0,1.03,1.02
Kepler-1695 b,Kepler-1695,4.7329,0.1,nan,nan,nan,5473.19,0.99,0.96
Kepler-1418 b,Kepler-1418,22.4764425,0.148,nan,nan,nan,4770.0,0.72,0.77
Kepler-156 c,Kepler-156,15.906801,0.227,nan,nan,nan,5094.0,0.81,nan
Kepler-1992 b,Kepler-1992,15.6112238,0.081,nan,0.0,637.0,5383.0,0.84,0.87
Kepler-1419 b,Kepler-1419,42.5215895,0.255,nan,nan,nan,5796.0,1.01,1.01
Kepler-1420 b,Kepler-1420,6.69960006,0.114,nan,nan,nan,5187.0,0.79,0.82
Kepler-405 c,Kepler-405,29.726682,0.416,nan,nan,nan,5818.0,0.89,nan
Kepler-405 b,Kepler-405,10.613839,0.186,nan,nan,nan,5818.0,0.89,nan
Kepler-1421 b,Kepler-1421,6.9131112,0.083,nan,nan,nan,6335.0,1.42,1.25
Kepler-1983 b,Kepler-1983,7.32851947,0.208,nan,0.0,807.0,5135.0,0.87,0.81
Kepler-1422 b,Kepler-1422,18.6051942,0.18,nan,nan,nan,6194.0,1.23,1.15
Kepler-1897 b,Kepler-1897,24.22030067,0.251,nan,nan,nan,5165.0,0.76,0.86
Kepler-1423 b,Kepler-1423,23.955378,0.095,nan,nan,nan,4939.0,0.75,0.79
Kepler-1898 b,Kepler-1898,4.76562023,0.083,nan,nan,nan,5702.0,1.12,0.84
Kepler-1900 b,Kepler-1900,2.9862299,0.145,nan,nan,nan,6173.0,1.04,1.1
Kepler-1901 b,Kepler-1901,3.48412991,0.132,nan,nan,nan,5696.0,0.92,1.02
Kepler-1902 b,Kepler-1902,3.82222009,0.105,nan,nan,nan,3729.0,0.51,0.52
Kepler-1903 b,Kepler-1903,17.0678997,0.204,nan,nan,nan,6347.0,1.0,1.05
Kepler-1424 b,Kepler-1424,29.6091744,0.103,nan,nan,nan,5838.0,1.07,1.02
Kepler-1905 b,Kepler-1905,3.42392993,0.129,nan,nan,nan,5788.0,1.01,1.04
Kepler-431 d,Kepler-431,11.922,0.1,nan,nan,856.0,6004.0,1.09,1.07
Kepler-431 b,Kepler-431,6.803,0.068,nan,nan,1032.0,6004.0,1.09,1.07
Kepler-431 c,Kepler-431,8.703,0.06,nan,nan,951.0,6004.0,1.09,1.07
Kepler-92 c,Kepler-92,26.723,0.232,0.019,nan,nan,nan,1.7,1.21
Kepler-1426 b,Kepler-1426,14.2563227,0.139,nan,nan,nan,5831.0,1.02,1.02
Kepler-1427 b,Kepler-1427,0.96897238,0.098,nan,nan,nan,5793.0,1.01,1.01
Kepler-1906 b,Kepler-1906,7.36268997,0.248,nan,nan,nan,5868.0,0.89,0.99
Kepler-1428 b,Kepler-1428,10.67607169,0.146,nan,nan,nan,6184.0,1.36,1.28
Kepler-1429 b,Kepler-1429,4.48487493,0.115,nan,nan,nan,5902.0,1.07,1.05
Kepler-92 d,Kepler-92,49.3568,0.184,nan,0.07,nan,5904.34,1.82,1.07
Kepler-1430 b,Kepler-1430,2.46050993,0.105,nan,nan,nan,4796.0,0.72,0.77
Kepler-1431 b,Kepler-1431,5.86601526,0.131,nan,nan,nan,5806.0,1.03,1.03
Kepler-1432 b,Kepler-1432,23.9109011,0.198,nan,nan,nan,6031.0,1.13,1.09
Kepler-1433 b,Kepler-1433,4.13592271,0.139,nan,nan,nan,6097.0,1.19,1.14
Kepler-1434 b,Kepler-1434,8.05333618,0.099,nan,nan,nan,6291.0,2.04,1.47
Kepler-575 b,Kepler-575,9.37891944,0.213,nan,nan,nan,5710.0,0.95,0.97
Kepler-1435 b,Kepler-1435,4.45343281,0.077,nan,nan,nan,6356.0,1.32,1.21
Kepler-1436 b,Kepler-1436,9.705716,0.117,nan,nan,nan,5972.0,1.09,1.06
Kepler-1907 c,Kepler-1907,14.86390018,0.103,nan,nan,nan,5159.0,0.8,0.75
Kepler-1907 b,Kepler-1907,5.65245008,0.078,nan,nan,nan,5159.0,0.8,0.75
Kepler-1437 b,Kepler-1437,10.9295461,0.122,nan,nan,nan,5557.0,0.9,0.93
Kepler-1909 b,Kepler-1909,2.39160991,0.097,nan,nan,nan,4935.0,0.69,0.66
Kepler-1910 b,Kepler-1910,5.68876982,0.106,nan,nan,nan,4234.0,0.64,0.64
Kepler-1438 b,Kepler-1438,2.31942009,0.084,nan,nan,nan,5530.0,0.96,0.97
Kepler-1439 b,Kepler-1439,8.07392849,0.13,nan,nan,nan,3578.0,0.43,0.46
Kepler-1977 b,Kepler-1977,4.53702121,0.148,nan,0.0,798.0,4805.0,0.69,0.77
Kepler-1440 b,Kepler-1440,39.859484,0.112,nan,nan,nan,5698.0,0.96,0.98
Kepler-1441 b,Kepler-1441,39.4419839,0.117,nan,nan,nan,5802.0,1.0,1.0
Kepler-511 b,Kepler-511,296.637865,0.567,nan,nan,nan,5770.0,1.2,1.0
Kepler-134 c,Kepler-134,10.105785,0.112,nan,nan,nan,5983.0,1.18,nan
Kepler-135 c,Kepler-135,11.448708,0.103,nan,nan,nan,6090.0,1.27,nan
Kepler-139 d,Kepler-139,7.30569992,0.151,0.01466,0.0,nan,nan,nan,1.08
Kepler-406 c,Kepler-406,4.62332,0.076,0.009,nan,nan,5538.0,1.07,1.07
Kepler-140 c,Kepler-140,91.353282,0.161,nan,nan,nan,6077.0,1.29,nan
Kepler-524 c,Kepler-524,1.88897906,0.086,nan,nan,nan,6014.0,1.1,1.09
Kepler-683 b,Kepler-683,2.53918318,0.176,nan,nan,nan,5703.0,0.95,0.96
Kepler-1717 b,Kepler-1717,30.65279961,0.267,nan,nan,nan,6200.0,1.64,1.16
Kepler-534 c,Kepler-534,7.37868977,0.109,nan,nan,nan,5936.0,0.96,1.07
Kepler-149 c,Kepler-149,55.328328,0.144,nan,nan,nan,5381.0,0.95,nan
Kepler-150 b,Kepler-150,3.428054,0.112,nan,nan,nan,5560.0,0.94,nan
Kepler-549 c,Kepler-549,117.040498,0.261,nan,nan,nan,5360.0,0.84,0.88
Kepler-157 d,Kepler-157,7.02573474,0.13,nan,nan,nan,5866.0,1.03,1.02
Kepler-164 b,Kepler-164,5.03503,0.126,nan,nan,nan,5888.0,1.15,nan
Kepler-169 b,Kepler-169,3.250619,0.101,nan,nan,nan,4997.0,0.76,nan
Kepler-169 d,Kepler-169,8.348125,0.112,nan,nan,nan,4997.0,0.76,nan
Kepler-684 b,Kepler-684,6.77030201,0.3,nan,nan,nan,5493.0,0.86,0.89
Kepler-169 f,Kepler-169,87.090195,0.23,nan,nan,nan,4997.0,0.76,nan
Kepler-171 d,Kepler-171,39.595519,0.169,nan,nan,nan,5642.0,0.84,nan
Kepler-172 e,Kepler-172,35.118736,0.246,nan,nan,nan,5526.0,1.08,nan
Kepler-174 d,Kepler-174,247.35373,0.195,nan,nan,nan,4880.0,0.62,nan
Kepler-589 c,Kepler-589,3.52466011,0.1,nan,nan,nan,5372.0,0.92,0.83
Kepler-603 d,Kepler-603,6.2171292,0.118,nan,nan,nan,5808.0,1.01,1.01
Kepler-605 c,Kepler-605,2.35895152,0.077,nan,nan,nan,5462.0,0.88,0.91
Kepler-610 c,Kepler-610,151.86392,0.294,nan,nan,nan,5943.0,1.13,1.1
Kepler-191 b,Kepler-191,9.939632,0.12,nan,nan,nan,5282.0,0.79,nan
Kepler-192 d,Kepler-192,6.47027579,0.091,nan,nan,nan,5487.0,0.94,0.94
Kepler-117 c,Kepler-117,50.790391,1.101,1.84,0.0323,704.0,6150.0,1.61,1.13
Kepler-616 d,Kepler-616,51.06740189,0.237,nan,nan,nan,6004.0,0.98,1.06
Kepler-194 d,Kepler-194,52.814973,0.214,nan,nan,nan,6089.0,1.02,nan
Kepler-195 c,Kepler-195,34.096863,0.138,nan,nan,nan,5329.0,0.78,nan
Kepler-619 c,Kepler-619,1.20846503,0.151,nan,nan,nan,5980.0,1.11,1.09
Kepler-197 e,Kepler-197,25.209715,0.081,nan,nan,nan,6004.0,1.12,nan
Kepler-198 d,Kepler-198,1.31184443,0.136,nan,nan,nan,5636.0,0.93,0.97
Kepler-625 c,Kepler-625,4.1653651,0.094,nan,nan,nan,5789.0,0.96,1.04
Kepler-200 c,Kepler-200,10.222157,0.142,nan,nan,nan,5678.0,0.94,nan
Kepler-1990 c,Kepler-1990,4.06844957,0.087,nan,0.0,1170.0,5751.0,1.07,1.03
Kepler-208 d,Kepler-208,11.131786,0.107,nan,nan,nan,6092.0,1.31,nan
Kepler-215 e,Kepler-215,68.16101,0.156,nan,nan,nan,5739.0,1.03,nan
Kepler-217 c,Kepler-217,8.586004,0.165,nan,nan,nan,6171.0,1.8,nan
Kepler-217 d,Kepler-217,3.88689525,0.118,nan,nan,nan,6341.0,1.76,1.37
Kepler-653 c,Kepler-653,0.90037648,0.07,nan,nan,nan,5665.0,1.19,1.02
Kepler-220 d,Kepler-220,28.122397,0.087,nan,nan,nan,4632.0,0.67,nan
Kepler-220 e,Kepler-220,45.902733,0.119,nan,nan,nan,4632.0,0.67,nan
Kepler-220 b,Kepler-220,4.159807,0.072,nan,nan,nan,4632.0,0.67,nan
Kepler-656 c,Kepler-656,5.25449393,0.126,nan,0.0,975.0,5550.0,0.95,1.05
Kepler-62 c,Kepler-62,12.4417,0.048,0.013,nan,578.0,4925.0,0.64,0.69
Kepler-62 f,Kepler-62,267.291,0.126,0.11,nan,208.0,4925.0,0.64,0.69
Kepler-154 c,Kepler-154,62.303276,0.263,nan,nan,nan,5690.0,1.0,nan
Kepler-368 c,Kepler-368,72.379334,0.346,nan,nan,nan,5502.0,2.02,nan
Kepler-149 b,Kepler-149,29.198943,0.376,nan,nan,nan,5381.0,0.95,nan
Kepler-1541 b,Kepler-1541,8.40691199,0.103,nan,nan,nan,5282.0,0.81,0.86
Kepler-1542 b,Kepler-1542,3.95116882,0.068,nan,nan,nan,5564.0,0.99,0.94
Kepler-1542 c,Kepler-1542,2.89223021,0.058,nan,nan,nan,5564.0,0.99,0.94
Kepler-1543 b,Kepler-1543,6.96710269,0.242,nan,nan,nan,6561.0,1.65,1.39
Kepler-1544 b,Kepler-1544,168.811174,0.159,nan,nan,nan,4886.0,0.74,0.81
Kepler-371 c,Kepler-371,67.968015,0.159,nan,nan,nan,5666.0,0.99,nan
Kepler-167 b,Kepler-167,4.3931539,0.153,nan,0.0,918.0,4884.0,0.75,0.78
Kepler-372 d,Kepler-372,30.092568,0.151,nan,nan,nan,6509.0,1.14,nan
Kepler-1545 b,Kepler-1545,163.692349,0.241,nan,nan,nan,5201.0,0.8,0.84
Kepler-1934 b,Kepler-1934,1.41975999,0.081,nan,nan,nan,5925.0,1.03,0.97
Kepler-1701 b,Kepler-1701,169.134,0.198,nan,nan,nan,5146.0,0.84,0.87
Kepler-1935 b,Kepler-1935,3.95140004,0.223,nan,nan,nan,5570.0,0.9,0.84
Kepler-372 b,Kepler-372,6.849692,0.121,nan,nan,nan,6509.0,1.14,nan
Kepler-9 b,Kepler-9,19.23891,0.74,0.13655,0.0609,nan,5774.0,0.96,1.02
Kepler-1936 b,Kepler-1936,126.5569992,0.282,nan,nan,nan,6501.0,1.85,1.42
Kepler-1937 b,Kepler-1937,9.68859959,0.27,nan,nan,nan,6457.0,1.2,1.19
Kepler-1546 b,Kepler-1546,19.5974971,0.279,nan,nan,nan,5623.0,0.93,0.95
Kepler-1938 b,Kepler-1938,13.06260014,0.163,nan,nan,nan,4522.0,0.66,0.65
Kepler-1547 b,Kepler-1547,0.69297968,0.08,nan,nan,nan,6078.0,1.18,1.12
Kepler-1548 b,Kepler-1548,124.828679,0.236,nan,nan,nan,5706.0,0.97,0.99
Kepler-482 b,Kepler-482,56.35418576,0.211,nan,nan,nan,4871.0,0.72,0.75
Kepler-1549 b,Kepler-1549,214.886545,0.229,nan,nan,nan,5324.0,0.84,0.88
Kepler-1154 c,Kepler-1154,8.45808312,0.211,nan,nan,nan,6327.0,1.43,1.26
Kepler-440 b,Kepler-440,101.11141,0.17,nan,0.34,nan,4134.0,0.56,0.57
Kepler-1550 b,Kepler-1550,225.582809,0.269,nan,nan,nan,5991.0,1.11,1.07
Kepler-1551 b,Kepler-1551,24.4973698,0.237,nan,nan,nan,6136.0,1.22,1.14
Kepler-1814 c,Kepler-1814,0.62628177,0.157,nan,0.0,1711.0,4922.0,0.82,0.79
Kepler-1939 b,Kepler-1939,2.7906599,0.104,nan,nan,nan,4353.0,0.6,0.65
Kepler-234 b,Kepler-234,2.711506,0.33,nan,nan,nan,6224.0,1.11,nan
Kepler-1940 b,Kepler-1940,4.95061016,0.138,nan,nan,nan,5431.0,0.72,0.8
Kepler-1552 b,Kepler-1552,184.771853,0.22,nan,nan,nan,5202.0,0.78,0.85
Kepler-1162 c,Kepler-1162,59.284064,0.161,nan,0.0,401.0,5225.0,0.86,0.86
Kepler-685 b,Kepler-685,1.6255222,0.944,nan,nan,nan,5963.0,1.16,1.11
Kepler-154 f,Kepler-154,9.91935684,0.134,nan,nan,nan,5769.0,0.98,0.98
Kepler-1165 b,Kepler-1165,9.478522,0.138,nan,nan,nan,6080.0,1.18,1.13
Kepler-541 b,Kepler-541,5.08005848,0.3,nan,nan,nan,6166.0,2.06,1.41
Kepler-1553 b,Kepler-1553,4.24261881,0.103,nan,nan,nan,5288.0,0.81,0.85
Kepler-1554 b,Kepler-1554,198.088774,0.259,nan,nan,nan,5297.0,0.81,0.84
Kepler-378 c,Kepler-378,28.906009,0.062,nan,nan,nan,4661.0,0.67,nan
Kepler-1555 b,Kepler-1555,8.10501635,0.144,nan,nan,nan,5866.0,1.06,1.04
Kepler-1556 b,Kepler-1556,8.82713457,0.175,nan,nan,nan,5608.0,0.95,0.97
Kepler-542 b,Kepler-542,13.14497566,0.14,nan,nan,nan,5526.0,0.9,0.93
Kepler-379 b,Kepler-379,20.09838,0.148,nan,nan,nan,6054.0,1.31,nan
Kepler-1557 b,Kepler-1557,3.74032496,0.136,nan,nan,nan,6099.0,1.17,1.11
Kepler-1178 b,Kepler-1178,31.80634,0.095,nan,nan,nan,4990.0,0.75,0.8
Kepler-1558 b,Kepler-1558,3.50470358,0.061,nan,nan,nan,5101.0,0.79,0.83
Kepler-1941 b,Kepler-1941,31.33510017,0.236,nan,nan,nan,6404.0,1.14,1.18
Kepler-1942 b,Kepler-1942,4.62604999,0.189,nan,nan,nan,5834.0,0.8,0.85
Kepler-1181 c,Kepler-1181,8.93484887,0.163,nan,0.0,1124.0,6688.0,1.35,1.34
Kepler-1943 b,Kepler-1943,4.85018015,0.138,nan,nan,nan,6032.0,0.97,1.05
Kepler-1982 b,Kepler-1982,3.82315697,0.069,nan,0.0,1282.0,6202.0,1.12,1.21
Kepler-198 b,Kepler-198,17.790037,0.252,nan,nan,nan,5574.0,0.94,nan
Kepler-1559 b,Kepler-1559,0.97191543,0.064,nan,nan,nan,5316.0,0.82,0.86
Kepler-1560 b,Kepler-1560,3.03195744,0.079,nan,nan,nan,5815.0,1.02,1.02
Kepler-1944 b,Kepler-1944,9.84257984,0.246,nan,nan,nan,5585.0,0.97,1.06
Kepler-5 b,Kepler-5,3.5484657,1.426,2.111,nan,1750.0,6297.0,1.79,1.37
Kepler-466 b,Kepler-466,51.07926307,0.254,nan,nan,nan,5927.0,1.05,1.04
Kepler-1561 b,Kepler-1561,1.00520701,0.097,nan,nan,nan,5957.0,1.11,1.07
Kepler-430 c,Kepler-430,110.979,0.16,nan,nan,458.0,5884.0,1.49,1.17
Kepler-1945 b,Kepler-1945,6.08003998,0.115,nan,nan,nan,4991.0,0.8,0.77
Kepler-1946 b,Kepler-1946,3.0351901,0.222,nan,nan,nan,5505.0,0.87,0.89
Kepler-576 b,Kepler-576,29.91136794,0.292,nan,nan,nan,5672.0,0.97,0.99
Kepler-1947 b,Kepler-1947,6.9636302,0.09,nan,nan,nan,6040.0,1.69,0.98
Kepler-1562 b,Kepler-1562,64.2737752,0.317,nan,nan,nan,5760.0,1.05,1.02
Kepler-1563 b,Kepler-1563,3.43276598,0.067,nan,nan,nan,5765.0,0.99,1.0
Kepler-1564 b,Kepler-1564,18.0540381,0.131,nan,nan,nan,5528.0,0.9,0.93
Kepler-1565 b,Kepler-1565,1.53818844,0.106,nan,nan,nan,4940.0,0.73,0.76
Kepler-1727 b,Kepler-1727,9.02929974,0.283,nan,nan,nan,5349.0,0.82,0.82
Kepler-1566 b,Kepler-1566,0.53991524,0.07,nan,nan,nan,5254.0,0.81,0.84
Kepler-1567 b,Kepler-1567,153.979578,0.244,nan,nan,nan,5655.0,0.93,0.95
Kepler-385 d,Kepler-385,56.4159,0.234,nan,nan,nan,5829.0,1.16,1.05
Kepler-146 b,Kepler-146,31.158799,0.331,nan,nan,nan,5948.0,1.21,nan
Kepler-1568 b,Kepler-1568,20.925392,0.116,nan,nan,nan,5956.0,1.19,1.09
Kepler-1569 b,Kepler-1569,5.79180156,0.15,nan,nan,nan,6319.0,1.4,1.25
Kepler-186 f,Kepler-186,129.9441,0.104,nan,0.04,nan,3755.0,0.52,0.54
Kepler-543 b,Kepler-543,13.89961966,0.223,nan,nan,nan,4671.0,0.67,0.7
Kepler-1570 b,Kepler-1570,26.548955,0.095,nan,nan,nan,5550.0,0.89,0.92
Kepler-1571 b,Kepler-1571,3.38555488,0.136,nan,nan,nan,6297.0,1.39,1.23
Kepler-1572 b,Kepler-1572,5.49548621,0.084,nan,nan,nan,5618.0,0.95,0.97
Kepler-386 b,Kepler-386,12.31043,0.124,nan,nan,nan,5178.0,0.77,nan
Kepler-1573 b,Kepler-1573,2.6157554,0.107,nan,nan,nan,5808.0,1.0,1.01
Kepler-1574 b,Kepler-1574,6.9424334,0.115,nan,nan,nan,5892.0,1.08,1.06
Kepler-157 c,Kepler-157,13.5405,0.2,nan,nan,nan,5774.0,1.04,nan
Kepler-1575 b,Kepler-1575,2.55314213,0.117,nan,nan,nan,5667.0,0.92,0.95
Kepler-1245 c,Kepler-1245,2.93658468,0.128,nan,nan,nan,5306.0,0.83,0.86
Kepler-1576 b,Kepler-1576,6.98471973,0.093,nan,nan,nan,5876.0,1.06,1.05
Kepler-1719 b,Kepler-1719,6.14955997,0.352,nan,nan,nan,5687.0,1.77,1.08
Kepler-1254 c,Kepler-1254,3.60084276,0.116,nan,nan,nan,4985.0,0.75,0.78
Kepler-1948 b,Kepler-1948,15.57129955,0.092,nan,nan,nan,3872.0,0.56,0.58
Kepler-1577 b,Kepler-1577,6.30560247,0.101,nan,nan,nan,4862.0,0.74,0.78
Kepler-468 b,Kepler-468,38.47875707,1.19,nan,nan,nan,5498.0,0.87,0.96
Kepler-30 d,Kepler-30,143.34394,0.785,0.073,0.022,nan,5498.0,0.95,0.99
Kepler-1578 b,Kepler-1578,1.45088691,0.093,nan,nan,nan,5545.0,0.86,0.9
Kepler-1254 d,Kepler-1254,5.72717226,0.117,nan,nan,nan,4985.0,0.75,0.78
Kepler-555 b,Kepler-555,16.21775407,0.252,nan,nan,nan,5894.0,1.04,1.03
Kepler-1949 b,Kepler-1949,2.20828009,0.198,nan,nan,nan,6028.0,1.45,1.19
Kepler-1579 b,Kepler-1579,0.84990789,0.075,nan,nan,nan,4584.0,0.7,0.75
Kepler-1993 b,Kepler-1993,26.6565737,0.37,nan,0.0,903.0,5159.0,3.06,1.37
Kepler-390 c,Kepler-390,13.060022,0.07,nan,nan,nan,5166.0,0.78,nan
Kepler-1580 b,Kepler-1580,56.6449279,0.188,nan,nan,nan,6228.0,2.15,1.47
Kepler-1581 b,Kepler-1581,6.28385491,0.071,nan,nan,nan,6022.0,1.23,1.12
Kepler-436 b,Kepler-436,64.00205,0.24,nan,0.19,nan,4651.0,0.7,0.73
Kepler-1582 b,Kepler-1582,4.83817712,0.133,nan,nan,nan,3208.0,0.3,0.28
Kepler-1583 b,Kepler-1583,9.32807355,0.054,nan,nan,nan,5645.0,0.91,0.94
Kepler-1584 b,Kepler-1584,13.3997099,0.144,nan,nan,nan,6069.0,1.13,1.1
Kepler-391 c,Kepler-391,20.485435,0.316,nan,nan,nan,4940.0,3.57,nan
Kepler-556 b,Kepler-556,11.72292176,0.2,nan,nan,nan,5740.0,0.98,1.0
Kepler-1585 b,Kepler-1585,3.5827463,0.16,nan,nan,nan,5538.0,0.91,0.94
Kepler-1586 b,Kepler-1586,15.6049212,0.136,nan,nan,nan,6681.0,1.75,1.45
Kepler-1587 b,Kepler-1587,9.4060467,0.119,nan,nan,nan,5933.0,1.22,1.08
Kepler-196 d,Kepler-196,122.0800018,0.237,nan,nan,nan,5132.0,0.77,0.81
Kepler-1950 b,Kepler-1950,10.77690029,0.136,nan,nan,nan,5455.0,0.85,0.76
Kepler-1588 b,Kepler-1588,7.84931739,0.068,nan,nan,nan,5817.0,0.99,0.96
Kepler-1859 c,Kepler-1859,3.59645081,0.148,nan,0.0,1327.0,5887.0,1.24,1.09
Kepler-1951 b,Kepler-1951,20.65780067,0.207,nan,nan,nan,5468.0,1.31,0.92
Kepler-1589 b,Kepler-1589,0.99166527,0.097,nan,nan,nan,6166.0,1.25,1.18
Kepler-686 b,Kepler-686,1.59474546,1.084,nan,nan,nan,5649.0,0.92,0.94
Kepler-1590 b,Kepler-1590,7.61760804,0.102,nan,nan,nan,6053.0,1.16,1.11
Kepler-1591 b,Kepler-1591,8.18504949,0.113,nan,nan,nan,6082.0,1.16,1.1
Kepler-392 c,Kepler-392,10.423118,0.098,nan,nan,nan,5938.0,1.13,nan
Kepler-1952 b,Kepler-1952,27.21080017,0.111,nan,nan,nan,5973.0,1.3,0.92
Kepler-10 b,Kepler-10,0.8374907,0.131,0.01026,0.0,2188.0,5708.0,1.06,0.91
Kepler-1728 b,Kepler-1728,4.78299999,0.264,nan,nan,nan,5170.0,0.81,0.89
Kepler-1592 b,Kepler-1592,3.05710069,0.137,nan,nan,nan,6213.0,1.28,1.18
Kepler-147 c,Kepler-147,33.416423,0.217,nan,nan,nan,6012.0,1.47,nan
Kepler-1593 b,Kepler-1593,174.509835,0.283,nan,nan,nan,4995.0,0.77,0.81
Kepler-544 b,Kepler-544,21.41616926,0.189,nan,nan,nan,6206.0,1.22,1.16
Kepler-1594 b,Kepler-1594,2.71603809,0.095,nan,nan,nan,5946.0,1.08,1.06
Kepler-1595 b,Kepler-1595,4.56380468,0.11,nan,nan,nan,5203.0,0.8,0.84
Kepler-577 b,Kepler-577,25.69578251,0.227,nan,nan,nan,4984.0,0.73,0.78
Kepler-1596 b,Kepler-1596,66.373379,0.17,nan,nan,nan,5706.0,0.92,0.95
Kepler-403 d,Kepler-403,13.61159129,0.127,nan,nan,nan,6209.0,1.45,1.25
Kepler-1953 b,Kepler-1953,6.24565983,0.115,nan,nan,nan,4858.0,0.71,0.79
Kepler-1597 b,Kepler-1597,2.94654179,0.095,nan,nan,nan,6377.0,1.39,1.25
Kepler-1598 b,Kepler-1598,4.34195123,0.085,nan,nan,nan,5940.0,1.09,1.07
Kepler-1599 b,Kepler-1599,122.363553,0.145,nan,nan,nan,5767.0,0.99,0.99
Kepler-1600 c,Kepler-1600,7.29804993,0.173,nan,nan,nan,5119.0,0.83,0.82
Kepler-1702 b,Kepler-1702,18.5012,0.143,nan,nan,nan,5093.0,0.73,0.85
Kepler-687 b,Kepler-687,20.50586978,0.314,nan,nan,nan,4841.0,0.73,0.77
Kepler-235 b,Kepler-235,3.340222,0.199,nan,nan,nan,4255.0,0.55,nan
Kepler-446 c,Kepler-446,3.036179,0.1,nan,0.0,nan,3359.0,0.24,0.22
Kepler-1601 b,Kepler-1601,2.20921951,0.073,nan,nan,nan,5869.0,1.07,1.04
Kepler-1954 b,Kepler-1954,5.88343,0.161,nan,nan,nan,5840.0,0.85,0.94
Kepler-1955 b,Kepler-1955,14.26519966,0.104,nan,nan,nan,5825.0,1.29,1.05
Kepler-1602 b,Kepler-1602,11.17931605,0.12,nan,nan,nan,6296.0,1.36,1.22
Kepler-597 b,Kepler-597,13.02365861,0.211,nan,nan,nan,5683.0,0.95,0.97
Kepler-1603 b,Kepler-1603,2.27163926,0.115,nan,nan,nan,6241.0,1.31,1.21
Kepler-1604 b,Kepler-1604,0.68368426,0.126,nan,nan,nan,4976.0,0.76,0.81
Kepler-1956 b,Kepler-1956,5.94371986,0.097,nan,nan,nan,4391.0,0.68,0.67
Kepler-1605 b,Kepler-1605,85.7565495,0.096,nan,nan,nan,5280.0,0.82,0.86
Kepler-1957 b,Kepler-1957,2.18662,0.084,nan,nan,nan,4904.0,0.77,0.74
Kepler-183 c,Kepler-183,11.637071,0.203,nan,nan,nan,5888.0,0.96,nan
Kepler-1606 b,Kepler-1606,196.435224,0.185,nan,nan,nan,5422.0,0.86,0.9
Kepler-688 b,Kepler-688,3.89593684,0.871,nan,nan,nan,5715.0,0.96,0.98
Kepler-1607 b,Kepler-1607,13.6473676,0.082,nan,nan,nan,6116.0,1.21,1.14
Kepler-1608 b,Kepler-1608,16.4735686,0.154,nan,nan,nan,4992.0,0.72,0.75
Kepler-444 b,Kepler-444,3.6001053,0.036,nan,0.16,nan,5046.0,0.75,0.76
Kepler-1958 b,Kepler-1958,9.32861996,0.183,nan,nan,nan,5749.0,0.86,0.96
Kepler-1959 b,Kepler-1959,6.38669014,0.102,nan,nan,nan,5071.0,0.81,0.77
Kepler-1960 b,Kepler-1960,2.29794002,0.117,nan,nan,nan,6371.0,1.07,1.12
Kepler-444 c,Kepler-444,4.5458841,0.044,nan,0.31,nan,5046.0,0.75,0.76
Kepler-1609 b,Kepler-1609,114.34219,0.198,nan,nan,nan,6132.0,1.27,1.18
Kepler-578 b,Kepler-578,1.6168837,0.178,nan,nan,nan,5334.0,0.83,0.87
Kepler-444 d,Kepler-444,6.189392,0.047,nan,0.18,nan,5046.0,0.75,0.76
Kepler-1610 b,Kepler-1610,8.70181574,0.144,nan,nan,nan,5383.0,0.87,0.91
Kepler-1610 c,Kepler-1610,44.9851885,0.186,nan,0.0,433.0,5295.0,0.8,0.82
Kepler-689 b,Kepler-689,22.36656079,0.258,nan,nan,nan,5518.0,0.88,0.91
Kepler-444 e,Kepler-444,7.743493,0.049,nan,0.1,nan,5046.0,0.75,0.76
Kepler-1961 b,Kepler-1961,5.6047101,0.144,nan,nan,nan,5401.0,0.78,0.87
Kepler-1611 b,Kepler-1611,5.1762429,0.072,nan,nan,nan,5605.0,0.93,0.94
KOI-94 c,KOI-94,10.423648,0.385,0.049,0.43,1012.0,6182.0,1.52,1.28
Kepler-624 b,Kepler-624,14.58649607,0.206,nan,nan,nan,6117.0,1.18,1.1
Kepler-1612 b,Kepler-1612,3.91795101,0.092,nan,nan,nan,5643.0,0.94,0.96
Kepler-444 f,Kepler-444,9.740486,0.066,nan,0.29,nan,5046.0,0.75,0.76
Kepler-1962 b,Kepler-1962,7.99145985,0.108,nan,nan,nan,5700.0,1.01,1.0
Kepler-625 b,Kepler-625,7.75192492,0.178,nan,nan,nan,5789.0,0.96,1.04
Kepler-158 b,Kepler-158,16.709184,0.189,nan,nan,nan,4623.0,0.62,nan
Kepler-626 b,Kepler-626,14.48585199,0.204,nan,nan,nan,5813.0,1.05,1.01
Kepler-1653 b,Kepler-1653,140.2524,0.194,nan,nan,284.0,4807.0,0.69,0.72
Kepler-627 b,Kepler-627,40.6994443,0.333,nan,nan,nan,6424.0,1.49,1.3
Kepler-1613 b,Kepler-1613,1.5184299,0.186,nan,nan,nan,6005.0,1.12,1.08
Kepler-1614 b,Kepler-1614,3.9466141,0.133,nan,nan,nan,5121.0,0.76,0.79
Kepler-1615 b,Kepler-1615,47.3126192,0.184,nan,nan,nan,5865.0,1.05,1.04
Kepler-690 b,Kepler-690,7.74809437,0.531,nan,nan,nan,5913.0,1.16,1.11
Kepler-236 c,Kepler-236,23.968127,0.178,nan,nan,nan,3750.0,0.51,nan
Kepler-1616 b,Kepler-1616,6.76284377,0.091,nan,nan,nan,6266.0,1.34,1.21
Kepler-79 c,Kepler-79,27.4029,0.332,0.019,0.03,nan,6174.0,1.3,1.17
Kepler-168 c,Kepler-168,13.193242,0.24,nan,nan,nan,6282.0,1.11,nan
Kepler-1656 b,Kepler-1656,31.562,nan,0.15,0.838,nan,nan,1.1,1.03
Kepler-1963 b,Kepler-1963,1.96226001,0.066,nan,nan,nan,5726.0,0.98,0.92
Kepler-1617 b,Kepler-1617,27.4785572,0.107,nan,nan,nan,6167.0,1.22,1.15
Kepler-629 b,Kepler-629,7.2385854,0.123,nan,nan,nan,5444.0,0.84,0.93
Kepler-441 b,Kepler-441,207.2482,0.15,nan,0.1,nan,4340.0,0.55,0.57
Kepler-1911 b,Kepler-1911,5.9907999,0.09,nan,nan,nan,5721.0,0.97,0.95
Kepler-1964 b,Kepler-1964,2.44082999,0.159,nan,nan,nan,4803.0,0.7,0.75
Kepler-621 b,Kepler-621,2.62811375,0.205,nan,nan,nan,4521.0,0.68,0.72
Kepler-1618 b,Kepler-1618,6.10826019,0.112,nan,nan,nan,6620.0,1.65,1.41
Kepler-1972 b,Kepler-1972,7.54425,0.072,0.00636,0.067,nan,5818.0,1.38,1.12
Kepler-630 b,Kepler-630,161.4743937,0.284,nan,nan,nan,5829.0,1.04,1.02
Kepler-579 b,Kepler-579,9.66857723,0.178,nan,nan,nan,5636.0,0.96,0.99
Kepler-1965 b,Kepler-1965,41.86869812,0.121,nan,nan,nan,5852.0,0.84,0.93
Kepler-1966 b,Kepler-1966,8.61742973,0.099,nan,nan,nan,5009.0,0.84,0.8
Kepler-80 b,Kepler-80,7.05246,0.238,0.0218,nan,nan,4540.0,0.68,0.73
Kepler-691 b,Kepler-691,8.114379,0.186,nan,nan,nan,3715.0,0.5,0.53
Kepler-117 b,Kepler-117,18.7959228,0.719,0.094,0.0493,984.0,6150.0,1.61,1.13
Kepler-1619 b,Kepler-1619,23.6225913,0.068,nan,nan,nan,5852.0,1.0,1.0
Kepler-1620 b,Kepler-1620,101.951829,0.144,nan,nan,nan,6157.0,1.23,1.15
Kepler-1967 b,Kepler-1967,7.28169012,0.065,nan,nan,nan,4970.0,1.81,1.0
Kepler-1968 b,Kepler-1968,7.2810998,0.134,nan,nan,nan,5008.0,0.79,0.84
Kepler-442 b,Kepler-442,112.3053,0.12,nan,0.04,nan,4402.0,0.6,0.61
Kepler-1725 b,Kepler-1725,16.71990013,0.251,nan,nan,nan,6020.0,1.08,1.05
Kepler-443 b,Kepler-443,177.6693,0.21,nan,0.11,nan,4723.0,0.71,0.74
Kepler-1621 b,Kepler-1621,92.263714,0.193,nan,nan,nan,6158.0,1.24,1.15
Kepler-1969 b,Kepler-1969,6.64752007,0.15,nan,nan,nan,6046.0,1.01,1.11
Kepler-692 b,Kepler-692,21.81293494,0.277,nan,nan,nan,5440.0,0.86,0.9
Kepler-1622 b,Kepler-1622,10.8118737,0.131,nan,nan,nan,6436.0,1.5,1.31
Kepler-1705 b,Kepler-1705,9.03502,0.181,0.01406,0.033,nan,6312.0,1.26,1.14
KOI-4777.01,KOI-4777,0.412,0.045,0.31212,0.0,1180.0,3515.0,0.4,0.41
Kepler-10 c,Kepler-10,45.294301,0.21,0.03587,0.13,578.0,5708.0,1.06,0.91
Kepler-1623 b,Kepler-1623,4.36128348,0.117,nan,nan,nan,5772.0,1.0,1.0
Kepler-199 b,Kepler-199,23.637604,0.277,nan,nan,nan,5644.0,0.97,nan
Kepler-631 b,Kepler-631,17.97979059,0.259,nan,nan,nan,6185.0,1.33,1.24
Kepler-632 b,Kepler-632,30.99660733,0.197,nan,nan,nan,5322.0,0.84,0.91
Kepler-1988 b,Kepler-1988,11.49500229,0.136,nan,0.0,1105.0,6033.0,1.79,1.13
Kepler-693 b,Kepler-693,15.37563332,0.908,nan,nan,nan,4881.0,0.72,0.76
KOI-94 e,KOI-94,54.32031,0.585,0.11,0.019,584.0,6182.0,1.52,1.28
Kepler-237 c,Kepler-237,8.103636,0.186,nan,nan,nan,4861.0,0.72,nan
Kepler-1442 b,Kepler-1442,81.4162941,0.351,nan,nan,nan,6394.0,1.44,1.34
Kepler-694 b,Kepler-694,6.36584161,0.25,nan,nan,nan,5700.0,0.95,0.97
Kepler-1912 b,Kepler-1912,6.05921984,0.121,nan,nan,nan,5734.0,0.96,0.98
Kepler-450 d,Kepler-450,7.51464,0.075,nan,0.14,nan,6197.21,1.64,1.19
Kepler-1443 b,Kepler-1443,2.41811321,0.087,nan,nan,nan,6289.0,1.27,1.19
Kepler-1444 b,Kepler-1444,33.42035034,0.194,nan,nan,nan,5810.0,1.05,1.03
Kepler-1445 b,Kepler-1445,10.60052251,0.086,nan,nan,nan,6150.0,1.26,1.13
Kepler-1446 b,Kepler-1446,0.68996783,0.073,nan,nan,nan,4865.0,0.75,0.81
Kepler-437 b,Kepler-437,66.65062,0.19,nan,0.02,nan,4551.0,0.68,0.71
Kepler-271 d,Kepler-271,5.24972541,0.059,nan,nan,nan,5555.0,0.87,0.9
Kepler-1447 b,Kepler-1447,56.6747285,0.259,nan,nan,nan,5722.0,0.95,0.97
Kepler-1448 b,Kepler-1448,12.27065865,0.144,nan,nan,nan,5774.0,0.93,0.95
Kepler-1449 b,Kepler-1449,13.2274528,0.15,nan,nan,nan,5979.0,1.1,1.08
Kepler-580 b,Kepler-580,8.22241966,0.229,nan,nan,nan,4298.0,0.64,0.67
Kepler-1450 b,Kepler-1450,54.5094166,0.153,nan,nan,nan,4524.0,0.68,0.71
Kepler-1913 b,Kepler-1913,14.1960001,0.135,nan,nan,nan,6214.0,1.08,1.17
Kepler-1986 b,Kepler-1986,19.5489666,0.169,nan,0.0,579.0,5549.0,0.73,0.78
Kepler-79 b,Kepler-79,13.4845,0.31,0.0343,0.015,nan,6174.0,1.3,1.17
Kepler-150 c,Kepler-150,7.381998,0.329,nan,nan,nan,5560.0,0.94,nan
Kepler-1451 b,Kepler-1451,35.622233,0.299,nan,nan,nan,5782.0,0.99,1.0
Kepler-1452 b,Kepler-1452,42.913751,0.241,nan,nan,nan,6101.0,2.06,1.41
Kepler-1914 b,Kepler-1914,30.82789993,0.263,nan,nan,nan,5982.0,0.96,1.05
Kepler-1453 b,Kepler-1453,47.1611696,0.238,nan,nan,nan,5665.0,0.94,0.97
Kepler-1455 b,Kepler-1455,49.276764,0.193,nan,nan,nan,4075.0,0.6,0.62
Kepler-438 b,Kepler-438,35.23319,0.1,nan,0.03,nan,3748.0,0.52,0.54
Kepler-1456 b,Kepler-1456,18.1373829,0.102,nan,nan,nan,4231.0,0.62,0.64
Kepler-1457 b,Kepler-1457,51.1110243,0.178,nan,nan,nan,5866.0,1.01,1.01
Kepler-1458 b,Kepler-1458,47.9872764,0.246,nan,nan,nan,5653.0,0.94,0.96
Kepler-53 b,Kepler-53,18.6489525,0.258,0.34925,nan,nan,5858.0,0.89,0.98
Kepler-1459 b,Kepler-1459,62.8691611,0.121,nan,nan,nan,4828.0,0.74,0.78
Kepler-1460 b,Kepler-1460,29.9633247,0.175,nan,nan,nan,4422.0,0.67,0.7
Kepler-274 b,Kepler-274,11.634788,0.137,nan,nan,nan,6023.0,1.01,nan
Kepler-428 b,Kepler-428,3.52563254,1.08,1.27,0.22,1070.0,5150.0,0.8,0.87
Kepler-1461 b,Kepler-1461,29.3494775,0.181,nan,nan,nan,4919.0,0.74,0.79
Kepler-1462 b,Kepler-1462,65.6488341,0.341,nan,nan,nan,5756.0,1.0,1.0
Kepler-1463 b,Kepler-1463,25.15864,0.166,nan,nan,nan,5679.0,0.95,0.96
Kepler-1464 b,Kepler-1464,31.7785901,0.148,nan,nan,nan,5828.0,1.01,1.02
Kepler-274 c,Kepler-274,33.197861,0.164,nan,nan,nan,6023.0,1.01,nan
Kepler-1464 c,Kepler-1464,5.32786292,0.089,nan,nan,nan,5828.0,1.01,1.02
Kepler-1465 b,Kepler-1465,31.8277111,0.158,nan,nan,nan,4726.0,0.71,0.75
Kepler-1466 b,Kepler-1466,31.1750448,0.138,nan,nan,nan,5884.0,1.02,1.01
Kepler-1467 b,Kepler-1467,47.0569043,0.294,nan,nan,nan,5332.0,0.82,0.86
Kepler-1915 b,Kepler-1915,13.83539963,0.287,nan,nan,nan,6020.0,1.06,1.03
Kepler-1468 d,Kepler-1468,19.59059906,0.297,nan,nan,nan,5794.0,1.5,1.07
Kepler-1468 b,Kepler-1468,8.23984869,0.154,nan,nan,nan,5893.0,1.05,1.04
Kepler-1468 c,Kepler-1468,3.54553021,0.103,nan,nan,nan,5893.0,1.05,1.04
Kepler-1469 b,Kepler-1469,21.8635301,0.25,nan,nan,nan,5507.0,0.89,0.92
Kepler-633 b,Kepler-633,8.50340718,0.145,nan,nan,nan,5899.0,1.15,1.02
Kepler-296 f,Kepler-296,63.33627,0.161,nan,0.33,nan,3740.0,0.48,0.5
Kepler-1470 b,Kepler-1470,16.2950903,0.095,nan,nan,nan,4961.0,0.76,0.8
Kepler-1916 b,Kepler-1916,31.25429916,0.234,nan,nan,nan,6246.0,1.09,1.18
Kepler-132 e,Kepler-132,110.2869374,0.105,nan,nan,nan,6023.0,1.1,1.03
Kepler-880 c,Kepler-880,11.8061737,0.256,nan,0.0,1407.0,6900.0,2.6,1.71
Kepler-1471 c,Kepler-1471,11.6044881,0.168,nan,0.0,841.0,5533.0,1.17,0.93
Kepler-1471 b,Kepler-1471,3.63899398,0.126,nan,nan,nan,5660.0,0.93,0.95
Kepler-1472 b,Kepler-1472,38.1312831,0.17,nan,nan,nan,6159.0,1.25,1.16
Kepler-1473 b,Kepler-1473,14.4273551,0.106,nan,nan,nan,6046.0,1.09,1.09
Kepler-1917 b,Kepler-1917,12.90240002,0.169,nan,nan,nan,5530.0,0.79,0.88
Kepler-1474 b,Kepler-1474,36.4333452,0.193,nan,nan,nan,5870.0,1.04,1.04
Kepler-238 e,Kepler-238,23.654,0.5,0.534,nan,nan,nan,0.96,1.06
Kepler-1475 b,Kepler-1475,82.177374,0.261,nan,nan,nan,6214.0,1.28,1.18
Kepler-1476 b,Kepler-1476,10.35863224,0.149,nan,nan,nan,5663.0,0.96,0.98
Kepler-1477 b,Kepler-1477,11.55530021,0.105,nan,nan,nan,5100.0,0.78,0.81
Kepler-1478 b,Kepler-1478,26.0840594,0.154,nan,nan,nan,5904.0,1.06,1.04
Kepler-1696 b,Kepler-1696,65.9409,0.251,nan,nan,nan,5712.0,1.2,1.02
Kepler-1479 b,Kepler-1479,14.53261362,0.163,nan,nan,nan,5796.0,0.98,0.99
Kepler-1480 b,Kepler-1480,22.12679948,0.149,nan,nan,nan,5156.0,0.81,0.85
Kepler-1481 b,Kepler-1481,5.94220998,0.11,nan,nan,nan,4908.0,0.75,0.8
Kepler-1997 b,Kepler-1997,26.7575866,0.203,nan,0.0,660.0,6215.0,1.05,1.11
Kepler-1483 b,Kepler-1483,9.5085156,0.136,nan,nan,nan,6337.0,1.4,1.25
Kepler-1918 b,Kepler-1918,47.0564003,0.205,nan,nan,nan,5889.0,0.92,0.97
Kepler-545 b,Kepler-545,13.24934059,0.24,nan,nan,nan,5882.0,1.07,1.04
Kepler-1484 b,Kepler-1484,30.4549136,0.188,nan,nan,nan,5730.0,0.92,0.94
Kepler-1919 b,Kepler-1919,37.88660049,0.234,nan,nan,nan,5513.0,0.82,0.87
Kepler-312 b,Kepler-312,1.772419,0.115,nan,nan,nan,6115.0,1.47,nan
Kepler-1485 b,Kepler-1485,19.9157725,0.131,nan,nan,nan,6087.0,1.12,1.11
Kepler-1486 b,Kepler-1486,54.6495759,0.207,nan,nan,nan,5965.0,1.12,1.08
Kepler-920 c,Kepler-920,100.8274113,0.339,nan,nan,nan,5403.0,0.85,0.89
Kepler-239 b,Kepler-239,11.763051,0.208,nan,nan,nan,4914.0,0.76,nan
Kepler-1487 b,Kepler-1487,7.31946363,0.19,nan,nan,nan,6541.0,1.63,1.38
Kepler-1487 c,Kepler-1487,35.8007112,0.711,nan,0.0,991.0,5745.0,3.96,1.8
Kepler-1984 b,Kepler-1984,1.99281234,0.608,nan,0.0,675.0,3638.0,0.42,0.45
Kepler-581 b,Kepler-581,40.6069821,0.235,nan,nan,nan,5772.0,1.0,1.0
Kepler-1488 b,Kepler-1488,39.8189932,0.166,nan,nan,nan,5820.0,1.31,1.05
Kepler-1488 c,Kepler-1488,6.15826988,0.147,nan,nan,nan,5710.0,1.52,1.0
Kepler-1489 b,Kepler-1489,82.294751,0.158,nan,nan,nan,5655.0,0.9,0.93
Kepler-1490 b,Kepler-1490,92.4362973,0.271,nan,nan,nan,5515.0,0.87,0.9
Kepler-1491 b,Kepler-1491,16.5861762,0.135,nan,nan,nan,5728.0,0.99,1.0
Kepler-1492 b,Kepler-1492,16.75255007,0.133,nan,nan,nan,4712.0,0.72,0.77
Kepler-1493 b,Kepler-1493,15.0217983,0.126,nan,nan,nan,5863.0,1.29,1.06
Kepler-1494 b,Kepler-1494,91.080482,0.274,nan,nan,nan,5659.0,0.94,0.96
Kepler-1495 b,Kepler-1495,85.273256,0.262,nan,nan,nan,5831.0,1.04,1.03
Kepler-315 c,Kepler-315,265.469335,0.37,nan,nan,nan,5796.0,1.04,nan
Kepler-1920 b,Kepler-1920,30.2541008,0.264,nan,nan,nan,6277.0,1.16,1.24
Kepler-1921 b,Kepler-1921,20.03479958,0.258,nan,nan,nan,6120.0,2.0,1.25
Kepler-1921 c,Kepler-1921,3.15722086,0.126,nan,0.0,1791.0,6120.0,2.0,1.25
Kepler-1496 b,Kepler-1496,64.6588017,0.198,nan,nan,nan,6182.0,1.27,1.18
Kepler-240 c,Kepler-240,7.953528,0.196,nan,nan,nan,4985.0,0.74,nan
Kepler-1497 b,Kepler-1497,8.74199772,0.148,nan,nan,nan,5675.0,0.95,0.96
Kepler-937 c,Kepler-937,153.343364,0.238,nan,nan,nan,6095.0,1.22,1.15
Kepler-1498 b,Kepler-1498,48.051405,0.119,nan,nan,nan,5256.0,0.81,0.86
Kepler-634 b,Kepler-634,5.16950177,0.169,nan,nan,nan,6075.0,1.24,1.03
Kepler-1499 b,Kepler-1499,44.2008,0.106,nan,nan,nan,5097.0,0.78,0.82
Kepler-1500 b,Kepler-1500,15.0330105,0.107,nan,nan,nan,5845.0,1.0,1.0
Kepler-1501 b,Kepler-1501,14.5564533,0.139,nan,nan,nan,6229.0,1.3,1.2
Kepler-1502 b,Kepler-1502,41.7083629,0.284,nan,nan,nan,6666.0,1.72,1.44
Kepler-1980 b,Kepler-1980,33.0257179,0.197,nan,0.0,564.0,5819.0,0.99,1.05
Kepler-1503 b,Kepler-1503,96.16987,0.203,nan,nan,nan,5069.0,0.74,0.77
Kepler-1710 b,Kepler-1710,14.91110039,0.285,nan,nan,nan,5650.0,0.9,0.93
Kepler-1504 b,Kepler-1504,82.304003,0.19,nan,nan,nan,5393.0,0.81,0.85
Kepler-1505 b,Kepler-1505,30.8609366,0.083,nan,nan,nan,5686.0,0.86,0.93
Kepler-1506 b,Kepler-1506,14.0329154,0.118,nan,nan,nan,5676.0,0.93,0.95
Kepler-1922 b,Kepler-1922,13.22259998,0.204,nan,nan,nan,5931.0,0.86,0.95
Kepler-1507 b,Kepler-1507,16.0506213,0.075,nan,nan,nan,5410.0,0.85,0.89
Kepler-1508 b,Kepler-1508,20.7056504,0.119,nan,nan,nan,6158.0,1.22,1.14
Kepler-411 d,Kepler-411,58.02035,0.296,0.04782,0.128,410.0,nan,0.82,0.87
Kepler-1509 b,Kepler-1509,25.4338197,0.165,nan,nan,nan,5780.0,0.99,1.0
Kepler-1923 b,Kepler-1923,52.60969925,0.175,nan,nan,nan,5881.0,1.29,1.11
Kepler-635 b,Kepler-635,23.44971004,0.236,nan,nan,nan,6174.0,1.51,1.33
Kepler-1924 b,Kepler-1924,15.33170033,0.237,nan,nan,nan,5726.0,1.28,1.02
Kepler-1510 b,Kepler-1510,84.703921,0.3,nan,nan,nan,6200.0,1.28,1.19
Kepler-159 b,Kepler-159,10.139623,0.212,nan,nan,nan,4625.0,0.66,nan
Kepler-1925 b,Kepler-1925,46.71640015,0.268,nan,nan,nan,5856.0,1.09,1.06
Kepler-1511 b,Kepler-1511,23.2382792,0.15,nan,nan,nan,6064.0,1.29,1.17
Kepler-1512 b,Kepler-1512,20.35972599,0.105,nan,nan,nan,4372.0,0.67,0.73
Kepler-953 c,Kepler-953,9.10967112,0.106,nan,nan,nan,5416.0,0.99,0.95
Kepler-1927 b,Kepler-1927,73.75039673,0.304,nan,nan,nan,6056.0,2.48,1.41
KOI-3503 b,KOI-3503,21.185,0.106,0.02895,nan,785.0,6001.0,1.25,0.86
Kepler-695 b,Kepler-695,3.04033042,0.822,nan,nan,nan,5181.0,0.8,0.84
Kepler-320 c,Kepler-320,17.934937,0.122,nan,nan,nan,6435.0,1.11,nan
Kepler-546 b,Kepler-546,4.14702026,0.624,nan,nan,nan,5967.0,1.15,1.11
Kepler-320 b,Kepler-320,8.371554,0.102,nan,nan,nan,6435.0,1.11,nan
Kepler-19 b,Kepler-19,9.28699,0.197,0.01919,0.41,851.0,5541.0,0.86,0.94
Kepler-622 b,Kepler-622,14.28226676,0.19,nan,nan,nan,4201.0,0.61,0.64
Kepler-169 e,Kepler-169,13.767102,0.196,nan,nan,nan,4997.0,0.76,nan
Kepler-967 c,Kepler-967,198.7112502,0.326,nan,nan,nan,5178.0,0.8,0.84
Kepler-598 b,Kepler-598,3.70175428,0.134,nan,nan,nan,5307.0,0.86,0.87
KOI-1833 d,Kepler-968,7.685,0.23,0.03467,nan,613.0,4413.0,0.67,0.68
Kepler-968 c,Kepler-968,5.70940492,0.151,nan,nan,nan,4598.0,0.7,0.76
Kepler-599 b,Kepler-599,15.65562652,0.253,nan,nan,nan,5127.0,0.79,0.83
Kepler-969 c,Kepler-969,1.6829346,0.088,nan,nan,nan,5214.0,0.82,0.92
Kepler-328 b,Kepler-328,34.921,0.205,0.09,nan,nan,nan,1.06,1.15
Kepler-1665 b,Kepler-1665,11.9548,0.253,nan,nan,nan,5049.84,0.78,0.84
Kepler-990 c,Kepler-990,0.53835431,0.136,nan,nan,nan,5948.0,1.08,1.05
Kepler-151 b,Kepler-151,15.228958,0.273,nan,nan,nan,5460.0,0.83,nan
Kepler-27 b,Kepler-27,15.3348,0.357,9.11,nan,nan,5400.0,0.59,0.65
Kepler-332 c,Kepler-332,15.995622,0.097,nan,nan,nan,4955.0,0.72,nan
Kepler-489 b,Kepler-489,17.27629612,0.689,nan,nan,nan,5014.0,0.76,0.82
Kepler-241 b,Kepler-241,12.718092,0.208,nan,nan,nan,4699.0,0.67,nan
Kepler-143 b,Kepler-143,16.007583,0.215,nan,nan,nan,5848.0,1.36,nan
Kepler-332 d,Kepler-332,34.21154,0.105,nan,nan,nan,4955.0,0.72,nan
Kepler-335 c,Kepler-335,67.844469,0.274,nan,nan,nan,5877.0,1.85,nan
Kepler-636 b,Kepler-636,16.08066115,0.397,nan,nan,nan,5203.0,0.8,0.85
Kepler-1016 c,Kepler-1016,105.6551369,0.328,nan,nan,nan,5821.0,1.0,0.99
Kepler-582 b,Kepler-582,18.49235668,0.328,nan,nan,nan,5564.0,0.91,0.93
Kepler-340 b,Kepler-340,14.844387,0.226,nan,nan,nan,6620.0,1.85,nan
PH2 b,PH2,282.52542,0.833,0.274,0.215,295.1,5734.0,0.95,0.97
Kepler-342 e,Kepler-342,1.64422461,0.079,nan,nan,nan,6366.0,1.34,1.26
Kepler-696 b,Kepler-696,4.19042557,0.548,nan,nan,nan,5903.0,1.08,1.06
Kepler-342 c,Kepler-342,26.234138,0.175,nan,nan,nan,6175.0,1.47,nan
Kepler-1513 b,Kepler-1513,160.8842,0.767,0.152,0.306,nan,5491.0,0.95,0.94
KOI-3680 b,KOI-3680,141.241671,0.99,1.93,0.496,347.0,5830.0,0.96,1.01
Kepler-1514 b,Kepler-1514,217.83184,1.108,5.28,0.401,387.9,6145.0,1.29,1.2
Kepler-1514 c,Kepler-1514,10.514181,0.105,nan,0.32,1066.0,6145.0,1.29,1.2
Kepler-1515 b,Kepler-1515,214.3114164,0.852,nan,nan,nan,6511.0,1.41,1.3
Kepler-200 b,Kepler-200,8.594805,0.19,nan,nan,nan,5678.0,0.94,nan
Kepler-1516 b,Kepler-1516,7.25931979,0.156,nan,nan,nan,5904.0,1.07,1.04
Kepler-343 c,Kepler-343,23.22182,0.18,nan,nan,nan,5807.0,1.43,nan
Kepler-201 b,Kepler-201,25.672083,0.219,nan,nan,nan,6065.0,1.23,nan
Kepler-1031 b,Kepler-1031,1.22621732,0.078,nan,nan,nan,6011.0,1.12,1.09
Kepler-1038 c,Kepler-1038,7.1276598,0.126,nan,nan,nan,5159.0,0.82,0.87
Kepler-454 b,Kepler-454,10.5737534,0.211,0.01699,0.32,916.0,5687.0,1.07,1.03
Kepler-1722 b,Kepler-1722,9.17856979,0.256,nan,nan,nan,5506.0,0.79,0.88
Kepler-347 c,Kepler-347,27.320871,0.156,nan,nan,nan,6088.0,1.0,nan
Kepler-202 b,Kepler-202,4.069427,0.145,nan,nan,nan,4668.0,0.67,nan
Kepler-1047 c,Kepler-1047,3.18897601,0.088,nan,nan,nan,5754.0,1.13,1.08
Kepler-697 b,Kepler-697,3.70987065,0.368,nan,nan,nan,5513.0,0.88,0.92
Kepler-1517 b,Kepler-1517,5.54608367,0.871,nan,nan,nan,7010.0,1.95,1.58
Kepler-698 b,Kepler-698,16.32976218,0.328,nan,nan,nan,5612.0,0.91,0.94
Kepler-348 c,Kepler-348,17.265427,0.119,nan,nan,nan,6177.0,1.36,nan
Kepler-203 b,Kepler-203,3.162697,0.229,nan,nan,nan,5821.0,1.11,nan
Kepler-351 d,Kepler-351,142.544247,0.243,nan,nan,nan,5225.0,0.78,0.81
Kepler-1519 b,Kepler-1519,240.7989397,0.63,nan,nan,nan,5644.0,0.91,0.94
Kepler-637 b,Kepler-637,23.20584623,0.424,nan,nan,nan,6096.0,2.56,1.64
Kepler-352 d,Kepler-352,6.88727999,0.072,nan,nan,nan,5208.0,0.77,0.8
Kepler-700 b,Kepler-700,80.8720639,0.534,nan,nan,nan,5692.0,0.96,0.98
KIC 5437945 b,KIC 5437945,440.7813,0.571,nan,nan,nan,6340.0,1.24,1.07
Kepler-1520 b,Kepler-1520,0.65355357,0.515,nan,nan,nan,4677.0,0.71,0.76
Kepler-1065 c,Kepler-1065,2.37030743,0.143,nan,nan,nan,5635.0,0.93,0.94
Kepler-170 b,Kepler-170,7.930592,0.285,nan,nan,nan,5679.0,1.03,nan
Kepler-1067 b,Kepler-1067,0.76212926,0.071,nan,nan,nan,5592.0,0.93,0.95
Kepler-638 b,Kepler-638,6.07972888,0.163,nan,nan,nan,5382.0,0.93,0.88
Kepler-154 b,Kepler-154,33.040532,0.202,nan,nan,nan,5690.0,1.0,nan
Kepler-1073 c,Kepler-1073,4.02582254,0.146,nan,nan,nan,5792.0,1.0,1.0
Kepler-701 b,Kepler-701,10.35533177,0.253,nan,nan,nan,5343.0,0.84,0.88
Kepler-1521 b,Kepler-1521,47.14840805,0.223,nan,nan,nan,5042.0,0.76,0.81
Kepler-1073 d,Kepler-1073,2.50476003,0.133,nan,nan,nan,5509.0,1.12,0.92
Kepler-557 b,Kepler-557,3.70598955,0.238,nan,nan,nan,6068.0,1.16,1.11
Kepler-1522 b,Kepler-1522,1.84788917,0.154,nan,nan,nan,5706.0,0.93,0.96
Kepler-702 b,Kepler-702,10.52629406,0.818,nan,nan,nan,5419.0,0.86,0.9
Kepler-1698 b,Kepler-1698,1.2107,0.096,nan,nan,nan,4975.03,0.74,0.82
Kepler-2001 b,Kepler-2001,1.090011,0.093,nan,0.0,1402.0,5081.0,0.77,0.86
Kepler-1523 b,Kepler-1523,0.93875077,0.141,nan,nan,nan,5708.0,0.96,0.97
Kepler-204 b,Kepler-204,14.400974,0.226,nan,nan,nan,5812.0,1.24,nan
Kepler-1085 b,Kepler-1085,219.3217528,0.644,nan,nan,nan,6000.0,1.14,1.11
Kepler-1928 b,Kepler-1928,19.57783,0.178,nan,0.43,nan,5720.0,0.92,1.01
Kepler-1524 b,Kepler-1524,70.9674603,0.316,nan,nan,nan,6179.0,1.25,1.17
Kepler-639 b,Kepler-639,10.21420496,0.212,nan,nan,nan,5896.0,1.29,1.14
Kepler-1086 c,Kepler-1086,161.5163345,0.262,nan,nan,nan,4350.0,0.66,0.7
Kepler-171 b,Kepler-171,4.166972,0.209,nan,nan,nan,5642.0,0.84,nan
Kepler-1525 b,Kepler-1525,2.41660118,0.081,nan,nan,nan,5748.0,1.04,1.07
Kepler-1526 b,Kepler-1526,3.908632,0.217,nan,nan,nan,4601.0,0.69,0.73
Kepler-359 d,Kepler-359,77.095691,0.358,nan,nan,nan,6248.0,1.09,nan
Kepler-703 b,Kepler-703,4.58352176,0.732,nan,nan,nan,6185.0,1.27,1.18
Kepler-1527 b,Kepler-1527,160.129918,0.426,nan,nan,nan,6224.0,1.32,1.21
Kepler-704 b,Kepler-704,3.76182115,0.233,nan,nan,nan,5616.0,0.96,0.97
Kepler-1929 b,Kepler-1929,59.36249924,0.274,nan,nan,nan,5786.0,1.47,1.01
Kepler-1528 b,Kepler-1528,1.79111021,0.13,nan,nan,nan,5857.0,1.03,1.03
Kepler-1529 b,Kepler-1529,5.33905686,0.187,nan,nan,nan,5048.0,0.77,0.81
Kepler-172 b,Kepler-172,2.940309,0.21,nan,nan,nan,5526.0,1.08,nan
Kepler-154 e,Kepler-154,3.93276465,0.134,nan,nan,nan,5769.0,0.98,0.98
Kepler-1090 b,Kepler-1090,198.680179,0.201,nan,nan,nan,5321.0,0.82,0.86
Kepler-1530 d,Kepler-1530,9.20761013,0.293,nan,nan,nan,5678.0,1.3,1.01
Kepler-1530 b,Kepler-1530,2.5904434,0.146,nan,nan,nan,5477.0,0.88,0.92
Kepler-1530 c,Kepler-1530,5.3227406,0.147,nan,nan,nan,5477.0,0.88,0.92
Kepler-1531 b,Kepler-1531,1.13854338,0.099,nan,nan,nan,6260.0,1.27,1.16
Kepler-1093 c,Kepler-1093,89.722292,0.175,nan,nan,nan,6166.0,1.2,1.13
Kepler-205 b,Kepler-205,2.75564,0.135,nan,nan,nan,4321.0,0.55,nan
Kepler-1699 b,Kepler-1699,3.49082,0.14,nan,nan,nan,5575.53,nan,nan
Kepler-1532 b,Kepler-1532,1.09366356,0.12,nan,nan,nan,5559.0,0.88,0.91
Kepler-1930 b,Kepler-1930,13.02680016,0.136,nan,nan,nan,5083.0,0.84,0.84
Kepler-242 b,Kepler-242,8.20395,0.233,nan,nan,nan,5020.0,0.85,nan
Kepler-1931 b,Kepler-1931,38.5760994,0.237,nan,nan,nan,6167.0,1.22,1.17
Kepler-1533 b,Kepler-1533,308.5471,0.309,nan,nan,nan,6431.0,1.51,1.31
Kepler-705 b,Kepler-705,56.0560538,0.188,nan,nan,nan,3722.0,0.51,0.53
Kepler-361 b,Kepler-361,8.486616,0.129,nan,nan,nan,6169.0,1.34,nan
Kepler-206 c,Kepler-206,13.137471,0.158,nan,nan,nan,5764.0,1.19,nan
Kepler-362 b,Kepler-362,10.327186,0.079,nan,nan,nan,5788.0,0.72,nan
Kepler-1535 b,Kepler-1535,138.9442,0.227,nan,nan,nan,6021.0,1.11,1.08
Kepler-173 c,Kepler-173,8.005777,0.217,nan,nan,nan,6031.0,0.95,nan
Kepler-467 b,Kepler-467,24.99324193,0.201,nan,nan,nan,5809.0,1.37,1.05
Kepler-539 b,Kepler-539,125.63243,0.747,0.97,0.39,387.6,5820.0,0.95,1.05
Kepler-1536 b,Kepler-1536,364.758031,0.28,nan,nan,nan,4434.0,0.67,0.71
Kepler-1126 c,Kepler-1126,199.66876,0.129,nan,0.0,305.0,5678.0,0.92,0.79
Kepler-600 b,Kepler-600,23.67517607,0.259,nan,nan,nan,5279.0,0.81,0.84
Kepler-1537 b,Kepler-1537,1.4444538,0.105,nan,nan,nan,5079.0,0.77,0.81
Kepler-365 c,Kepler-365,17.784129,0.146,nan,nan,nan,6012.0,1.05,nan
Kepler-152 b,Kepler-152,18.207973,0.249,nan,nan,nan,5088.0,0.72,nan
Kepler-1129 c,Kepler-1129,76.5369586,0.244,nan,nan,nan,5831.0,1.0,1.0
Kepler-1932 b,Kepler-1932,0.52417702,0.135,nan,nan,nan,5278.0,0.81,0.91
Kepler-1933 b,Kepler-1933,4.94329023,0.105,nan,nan,nan,5661.0,1.01,0.96
Kepler-439 b,Kepler-439,178.1396,0.2,nan,0.03,nan,5431.0,0.87,0.88
Kepler-1801 c,Kepler-1801,116.583183,0.26,nan,0.0,371.0,5738.0,0.98,0.94
Kepler-1538 b,Kepler-1538,175.138819,0.252,nan,nan,nan,5837.0,1.03,1.03
Kepler-1700 b,Kepler-1700,234.239,0.259,nan,nan,nan,6031.0,1.09,1.12
Kepler-1539 b,Kepler-1539,133.3036741,0.241,nan,nan,nan,5176.0,0.8,0.84
Kepler-1540 b,Kepler-1540,125.4131177,0.222,nan,nan,nan,4540.0,0.69,0.74
KOI-1783.02,KOI-1783,284.215,0.485,0.0472,0.0,nan,5922.0,1.14,1.08
Kepler-196 b,Kepler-196,20.739886,0.17,nan,nan,nan,5128.0,0.78,nan
Kepler-243 b,Kepler-243,5.715442,0.219,nan,nan,nan,5228.0,0.84,nan
Kepler-1409 b,Kepler-1409,0.76486493,0.093,nan,nan,nan,5160.0,0.79,0.83
Kepler-1899 b,Kepler-1899,4.0957799,0.138,nan,nan,nan,4791.0,0.74,0.76
KOI-351 e,KOI-351,91.93913,0.237,nan,nan,nan,6080.0,1.2,1.2
Kepler-1904 b,Kepler-1904,4.57702017,0.124,nan,nan,nan,3805.0,0.5,0.53
Kepler-1425 b,Kepler-1425,14.4541302,0.084,nan,nan,nan,5718.0,0.95,0.97
Kepler-296 e,Kepler-296,34.14211,0.136,nan,0.33,nan,3740.0,0.48,0.5
Kepler-1649 b,Kepler-1649,8.689099,0.091,nan,nan,307.0,3240.0,0.23,0.2
Kepler-601 b,Kepler-601,5.37886844,0.17,nan,nan,nan,5160.0,0.79,0.85
KOI-351 c,KOI-351,8.719375,0.106,nan,nan,nan,6080.0,1.2,1.2
KOI-351 b,KOI-351,7.008151,0.117,nan,nan,nan,6080.0,1.2,1.2
KOI-1599.02,KOI-1599,13.6088,0.17,0.02832,0.0114,nan,nan,0.97,1.02
Kepler-1350 c,Kepler-1350,1.76678906,0.154,nan,nan,nan,3827.0,0.53,0.55
Kepler-529 d,Kepler-529,35.86619949,0.249,nan,nan,nan,6078.0,1.19,1.0
Kepler-607 b,Kepler-607,0.6381632,0.078,nan,nan,nan,5196.0,0.8,0.84
KOI-351 f,KOI-351,124.9144,0.257,nan,nan,nan,6080.0,1.2,1.2
Kepler-354 c,Kepler-354,16.934402,0.117,nan,nan,nan,4648.0,0.67,nan
Kepler-389 c,Kepler-389,14.51143,0.13,nan,nan,nan,5376.0,0.79,nan
Kepler-1454 b,Kepler-1454,47.0319479,0.168,nan,nan,nan,5448.0,0.86,0.9
Kepler-1697 b,Kepler-1697,33.4969,0.112,nan,nan,nan,4681.53,0.77,0.75
Kepler-1926 b,Kepler-1926,42.87770081,0.207,nan,nan,nan,5256.0,0.83,0.77
Kepler-460 c,KIC 5437945,220.1303357,0.492,nan,nan,nan,6146.0,1.26,1.17
Kepler-707 b,Kepler-707,2.23749275,0.119,nan,nan,nan,5099.0,0.76,0.8
Kepler-1624 b,Kepler-1624,3.29030452,0.509,nan,nan,nan,3636.0,0.47,0.5
Kepler-207 d,Kepler-207,5.868075,0.295,nan,nan,nan,5920.0,1.59,nan
Kepler-602 b,Kepler-602,15.28469497,0.186,nan,nan,nan,6062.0,1.13,1.08
Kepler-640 b,Kepler-640,22.24813967,0.228,nan,nan,nan,5653.0,0.94,1.01
Kepler-1658 b,Kepler-1658,3.84937278,1.07,5.88,0.0628,nan,6216.0,2.89,1.45
Kepler-708 b,Kepler-708,3.16789194,0.261,nan,nan,nan,5692.0,0.96,0.97
Kepler-603 b,Kepler-603,21.05358596,0.236,nan,nan,nan,5808.0,1.01,1.01
Kepler-583 b,Kepler-583,6.5100253,0.203,nan,nan,nan,5523.0,0.91,0.94
Kepler-244 b,Kepler-244,4.311792,0.246,nan,nan,nan,5554.0,0.8,nan
Kepler-709 b,Kepler-709,16.08524954,0.261,nan,nan,nan,5071.0,0.77,0.8
Kepler-1625 b,Kepler-1625,287.378949,0.541,nan,nan,nan,5677.0,0.94,0.96
Kepler-584 b,Kepler-584,35.1810304,0.376,nan,nan,nan,6195.0,1.24,1.17
Kepler-245 b,Kepler-245,7.49019,0.229,nan,nan,nan,5100.0,0.8,nan
Kepler-28 b,Kepler-28,5.91,0.175,0.00513,nan,nan,4499.3,0.66,0.68
Kepler-641 b,Kepler-641,9.48961571,0.165,nan,nan,nan,5713.0,1.13,1.02
Kepler-208 b,Kepler-208,4.22864,0.145,nan,nan,nan,6092.0,1.31,nan
Kepler-1626 b,Kepler-1626,4.13962966,0.18,nan,nan,nan,6826.0,1.85,1.51
Kepler-558 b,Kepler-558,29.00790538,0.211,nan,nan,nan,5242.0,0.81,0.85
Kepler-495 b,Kepler-495,3.41303622,0.467,nan,nan,nan,5346.0,0.83,0.86
Kepler-46 b,Kepler-46,33.60134,0.808,6.0,0.01,543.0,5155.0,0.94,0.9
Kepler-209 b,Kepler-209,16.087845,0.202,nan,nan,nan,5513.0,0.94,nan
Kepler-710 b,Kepler-710,4.34728553,0.168,nan,nan,nan,5611.0,0.91,0.94
Kepler-604 b,Kepler-604,25.85501786,0.231,nan,nan,nan,5890.0,1.03,1.02
Kepler-1627 b,Kepler-1627,7.20283653,0.329,nan,nan,nan,5445.0,0.84,0.87
Kepler-642 b,Kepler-642,4.41745855,0.259,nan,nan,nan,6570.0,1.66,1.4
Kepler-246 b,Kepler-246,4.60182,0.209,nan,nan,nan,5206.0,0.83,nan
Kepler-1729 b,Kepler-1729,4.22097015,0.347,nan,nan,nan,3837.0,0.52,0.54
Kepler-144 b,Kepler-144,5.885273,0.119,nan,nan,nan,6075.0,1.24,nan
Kepler-160 c,Kepler-160,13.699429,0.335,nan,nan,nan,5471.0,1.12,nan
Kepler-643 b,Kepler-643,16.33889626,0.906,nan,nan,nan,4908.0,2.52,1.0
Kepler-81 b,Kepler-81,5.955,0.216,nan,nan,nan,nan,0.59,0.64
Kepler-711 b,Kepler-711,23.58914398,0.304,nan,nan,nan,5222.0,0.8,0.84
Kepler-1718 b,Kepler-1718,135.1880035,0.229,nan,nan,nan,5731.0,0.91,0.85
Kepler-82 b,Kepler-82,26.44,0.363,0.03823,0.0033,nan,nan,0.9,0.91
Kepler-434 b,Kepler-434,12.8747099,1.13,2.86,0.131,1000.0,5977.0,1.38,1.2
Kepler-712 b,Kepler-712,21.02247699,0.304,nan,nan,nan,5148.0,0.78,0.84
Kepler-1628 b,Kepler-1628,76.378033,0.574,nan,nan,nan,3724.0,0.52,0.55
Kepler-247 c,Kepler-247,9.439452,0.365,nan,nan,nan,5100.0,0.77,nan
Kepler-1630 b,Kepler-1630,509.997402,0.195,nan,nan,nan,4736.0,0.63,0.66
Kepler-161 b,Kepler-161,4.921355,0.189,nan,nan,nan,5078.0,0.81,nan
Kepler-184 b,Kepler-184,10.687576,0.211,nan,nan,nan,5788.0,0.87,nan
Kepler-1631 b,Kepler-1631,4.09513932,0.12,nan,nan,nan,5679.0,0.95,0.97
Kepler-1632 b,Kepler-1632,448.303558,0.22,nan,nan,nan,6137.0,1.19,1.12
Kepler-210 c,Kepler-210,7.972513,0.323,nan,nan,nan,4559.0,0.65,nan
Kepler-54 b,Kepler-54,8.0109434,0.187,nan,nan,nan,3705.0,0.5,0.51
Kepler-472 b,Kepler-472,4.17625551,0.287,nan,nan,nan,4996.0,0.78,0.85
Kepler-713 b,Kepler-713,7.411141,0.221,nan,nan,nan,5785.0,0.99,0.98
Kepler-211 c,Kepler-211,6.04045,0.115,nan,nan,nan,5123.0,0.82,nan
Kepler-212 c,Kepler-212,31.805174,0.244,nan,nan,nan,5852.0,1.46,nan
Kepler-435 b,Kepler-435,8.6001536,1.99,0.84,0.114,1729.0,6161.0,3.21,1.54
Kepler-714 b,Kepler-714,8.09888799,0.863,nan,nan,nan,5995.0,1.12,1.09
Kepler-1633 b,Kepler-1633,186.404271,0.141,nan,nan,nan,6256.0,1.32,1.2
Kepler-605 b,Kepler-605,3.38353807,0.128,nan,nan,nan,5462.0,0.88,0.91
Kepler-1634 b,Kepler-1634,374.876239,0.285,nan,nan,nan,5474.0,0.89,0.92
Kepler-120 b,Kepler-120,6.312501,0.192,nan,nan,nan,4096.0,0.53,nan
Kepler-1635 b,Kepler-1635,469.63111,0.325,nan,nan,nan,5347.0,0.85,0.89
Kepler-715 b,Kepler-715,10.00652995,0.335,nan,nan,nan,5871.0,1.04,1.04
Kepler-716 b,Kepler-716,10.37168453,0.259,nan,nan,nan,5099.0,0.78,0.83
Kepler-717 b,Kepler-717,4.40840023,0.216,nan,nan,nan,5485.0,0.85,0.88
Kepler-644 b,Kepler-644,3.1739171,0.281,nan,nan,nan,6747.0,1.81,1.49
Kepler-121 b,Kepler-121,3.177422,0.209,nan,nan,nan,5311.0,0.7,nan
Kepler-1636 b,Kepler-1636,425.47785,0.288,nan,nan,nan,5797.0,1.02,1.01
Kepler-248 c,Kepler-248,16.239494,0.363,nan,nan,nan,5190.0,0.83,nan
Kepler-718 b,Kepler-718,2.0523499,1.477,nan,nan,nan,6191.0,1.3,1.18
Kepler-83 b,Kepler-83,9.77,0.252,nan,nan,nan,nan,0.61,0.66
Kepler-249 c,Kepler-249,7.113702,0.135,nan,nan,nan,3568.0,0.48,nan
Kepler-1730 b,Kepler-1730,13.81019974,0.4,nan,nan,nan,5942.0,1.14,1.01
Kepler-162 c,Kepler-162,19.446355,0.27,nan,nan,nan,5816.0,0.96,nan
Kepler-185 c,Kepler-185,20.729042,0.18,nan,nan,nan,5208.0,0.81,nan
Kepler-1637 b,Kepler-1637,6.10960324,0.079,nan,nan,nan,5789.0,1.02,1.02
Kepler-585 b,Kepler-585,2.75235975,0.252,nan,nan,nan,5593.0,0.93,0.96
Kepler-174 b,Kepler-174,13.98179,0.175,nan,nan,nan,4880.0,0.62,nan
Kepler-1638 b,Kepler-1638,259.33683,0.167,nan,nan,nan,5710.0,0.95,0.97
Kepler-175 b,Kepler-175,11.903515,0.228,nan,nan,nan,6064.0,1.01,nan
Kepler-1639 b,Kepler-1639,9.878482,0.23,nan,nan,nan,6150.0,1.18,1.12
Kepler-176 c,Kepler-176,12.759712,0.232,nan,nan,nan,5232.0,0.89,nan
Kepler-719 b,Kepler-719,5.00731778,0.76,nan,nan,nan,5777.0,0.98,0.99
Kepler-559 b,Kepler-559,17.58752333,0.322,nan,nan,nan,5630.0,0.95,0.96
Kepler-186 c,Kepler-186,7.267302,0.112,nan,nan,nan,3788.0,0.47,0.48
Kepler-55 d,Kepler-55,2.211099,0.142,nan,nan,nan,4503.0,0.62,nan
Kepler-645 b,Kepler-645,3.27582262,0.187,nan,nan,nan,6170.0,1.21,1.13
Kepler-1989 b,Kepler-1989,10.16102353,0.412,nan,0.0,904.0,6032.0,1.06,1.0
Kepler-187 c,Kepler-187,10.640263,0.238,nan,nan,nan,6105.0,1.29,nan
Kepler-250 c,Kepler-250,7.156804,0.203,nan,nan,nan,5160.0,0.81,nan
Kepler-122 c,Kepler-122,12.465988,0.524,nan,nan,nan,6050.0,1.22,nan
Kepler-251 c,Kepler-251,16.514043,0.247,nan,nan,nan,5526.0,0.89,nan
Kepler-720 b,Kepler-720,4.70832654,0.75,nan,nan,nan,5618.0,0.92,0.95
Kepler-188 c,Kepler-188,5.996553,0.285,nan,nan,nan,6021.0,1.14,nan
Kepler-547 b,Kepler-547,6.01038429,0.357,nan,nan,nan,4828.0,0.73,0.78
Kepler-189 c,Kepler-189,20.134866,0.212,nan,nan,nan,5235.0,0.75,nan
Kepler-646 b,Kepler-646,15.87364565,0.178,nan,nan,nan,5634.0,0.91,0.93
Kepler-606 b,Kepler-606,24.31575992,0.295,nan,nan,nan,6161.0,1.22,1.13
Kepler-103 b,Kepler-103,15.9653287,0.311,0.03083,0.093,973.0,6009.0,1.49,1.21
Kepler-721 b,Kepler-721,5.39202539,0.236,nan,nan,nan,5075.0,0.78,0.82
Kepler-1981 b,Kepler-1981,453.54212,0.823,nan,0.0,390.0,5874.0,3.01,1.52
Kepler-647 c,Kepler-647,29.6663,0.357,nan,nan,nan,5906.74,1.55,1.07
Kepler-722 b,Kepler-722,4.09357325,0.235,nan,nan,nan,5863.0,1.05,1.03
Kepler-145 c,Kepler-145,42.882,0.385,0.25,nan,nan,nan,1.85,1.32
Kepler-252 c,Kepler-252,10.848463,0.192,nan,nan,nan,4208.0,0.55,nan
Kepler-1640 b,Kepler-1640,7.5844126,0.43,nan,nan,nan,6324.0,1.43,1.27
Kepler-723 b,Kepler-723,4.08227507,1.088,nan,nan,nan,5539.0,0.89,0.92
Kepler-1641 b,Kepler-1641,19.672266,0.277,nan,nan,nan,6152.0,1.19,1.12
Kepler-1641 c,Kepler-1641,32.657212,0.263,nan,nan,nan,6152.0,1.19,1.12
Kepler-213 b,Kepler-213,2.46236,0.145,nan,nan,nan,5696.0,1.2,nan
Kepler-607 c,Kepler-607,39.67679977,0.246,nan,nan,nan,5244.0,0.89,0.81
Kepler-1642 b,Kepler-1642,12.2057513,0.285,nan,nan,nan,5355.0,0.84,0.88
Kepler-1642 c,Kepler-1642,6.6513802,0.237,nan,nan,nan,5355.0,0.84,0.88
Kepler-608 b,Kepler-608,6.41251504,0.325,nan,nan,nan,5820.0,1.01,1.0
Kepler-190 b,Kepler-190,2.019999,0.139,nan,nan,nan,5106.0,0.8,nan
Kepler-311 d,Kepler-311,232.040326,0.183,nan,0.0,327.0,5903.0,1.16,0.97
Kepler-1643 b,Kepler-1643,5.342657,0.207,nan,nan,nan,4916.0,0.85,0.84
Kepler-609 b,Kepler-609,6.52121067,0.299,nan,nan,nan,5971.0,1.14,1.09
Kepler-724 b,Kepler-724,3.31494634,0.294,nan,nan,nan,5437.0,0.86,0.9
Kepler-725 b,Kepler-725,39.64317811,0.948,nan,nan,nan,5363.0,0.84,0.88
Kepler-475 b,Kepler-475,3.10550819,0.222,nan,nan,nan,5009.0,0.79,0.86
Kepler-540 b,Kepler-540,172.7049784,0.242,nan,nan,nan,5946.0,1.08,1.02
Kepler-1644 b,Kepler-1644,21.0907758,0.168,nan,nan,nan,5499.0,0.86,0.89
Kepler-1645 b,Kepler-1645,16.1779561,0.159,nan,nan,nan,5812.0,1.02,1.02
Kepler-1052 c,Kepler-1052,180.921729,0.205,nan,0.0,302.0,5818.0,0.85,0.94
Kepler-726 b,Kepler-726,21.80451088,0.291,nan,nan,nan,5452.0,0.85,0.88
Kepler-253 c,Kepler-253,10.281951,0.236,nan,nan,nan,5208.0,0.79,nan
Kepler-214 c,Kepler-214,28.7798,0.19,nan,nan,nan,6169.0,1.35,nan
Kepler-1143 c,Kepler-1143,210.630591,0.321,nan,nan,nan,5053.0,0.77,0.81
Kepler-1834 c,Kepler-1834,0.76669152,0.109,nan,0.0,1541.0,4821.0,0.79,0.77
Kepler-401 d,Kepler-401,184.256405,0.203,nan,nan,nan,6184.0,1.29,1.17
Kepler-1388 d,Kepler-1388,20.9568158,0.255,nan,nan,nan,4098.0,0.61,0.63
Kepler-1388 e,Kepler-1388,37.6327084,0.219,nan,nan,nan,4098.0,0.61,0.63
Kepler-648 b,Kepler-648,17.4211749,0.287,nan,nan,nan,5741.0,0.98,1.05
Kepler-1482 b,Kepler-1482,12.25383217,0.09,nan,nan,nan,5381.0,0.84,0.88
Kepler-1491 c,Kepler-1491,61.569765,0.218,nan,0.0,530.0,5626.0,1.39,0.99
Kepler-649 b,Kepler-649,29.90722674,0.202,nan,nan,nan,5871.0,0.94,0.97
KOI-3503 c,KOI-3503,31.828,0.108,0.0326,nan,686.0,6001.0,1.25,0.86
Kepler-1534 b,Kepler-1534,5.71668872,0.169,nan,nan,nan,5442.0,0.86,0.9
Kepler-176 e,Kepler-176,51.16579,0.129,nan,nan,nan,5295.0,0.83,0.87
Kepler-177 c,Kepler-177,49.40926,0.779,0.04625,0.0,nan,5732.0,1.32,0.92
Kepler-1542 d,Kepler-1542,5.99273738,0.078,nan,nan,nan,5564.0,0.99,0.94
Kepler-1542 e,Kepler-1542,5.10115756,0.068,nan,nan,nan,5564.0,0.99,0.94
Kepler-610 b,Kepler-610,6.99692655,0.374,nan,nan,nan,5943.0,1.13,1.1
Kepler-1600 b,Kepler-1600,386.370548,0.279,nan,nan,nan,5214.0,0.82,0.86
Kepler-109 b,Kepler-109,6.4816307,0.222,0.01542,0.11,1276.0,5950.0,1.39,1.09
Kepler-727 b,Kepler-727,5.15448442,0.226,nan,nan,nan,5441.0,0.86,0.89
Kepler-1518 b,Kepler-1518,5.11177904,0.272,nan,nan,nan,6846.0,1.88,1.54
Kepler-1518 c,Kepler-1518,9.6310258,0.259,nan,0.0,1094.0,6432.0,1.34,1.06
Kepler-560 b,Kepler-560,18.47764449,0.153,nan,nan,nan,3556.0,0.33,0.34
Kepler-1185 b,Kepler-1185,104.3518976,0.119,nan,nan,nan,5622.0,0.87,0.96
Kepler-347 d,Kepler-347,85.517344,0.271,nan,0.0,482.0,5592.0,1.45,1.0
Kepler-1972 c,Kepler-1972,11.3295,0.077,0.00664,0.043,nan,5818.0,1.38,1.12
Kepler-650 b,Kepler-650,3.03214559,0.264,nan,nan,nan,5849.0,1.35,1.08
Kepler-728 b,Kepler-728,5.74347727,0.298,nan,nan,nan,5660.0,0.93,0.95
Kepler-561 b,Kepler-561,58.3620495,0.621,nan,nan,nan,5646.0,0.94,0.96
Kepler-1721 b,Kepler-1721,4.59238005,0.278,nan,nan,nan,5351.0,0.8,0.89
Kepler-215 d,Kepler-215,30.864423,0.213,nan,nan,nan,5739.0,1.03,nan
Kepler-62 d,Kepler-62,18.16406,0.174,0.044,nan,510.0,4925.0,0.64,0.69
Kepler-191 d,Kepler-191,5.94504102,0.203,nan,nan,nan,5215.0,0.8,0.84
Kepler-611 b,Kepler-611,2.4370333,0.147,nan,nan,nan,5761.0,1.01,1.01
Kepler-729 b,Kepler-729,3.16635371,0.319,nan,nan,nan,5633.0,0.91,0.94
Kepler-425 b,Kepler-425,3.79701816,0.978,0.25,0.33,1070.0,5170.0,0.86,0.93
Kepler-548 b,Kepler-548,4.45419434,1.07,nan,nan,nan,5535.0,0.9,0.93
Kepler-730 b,Kepler-730,6.49168281,1.1,nan,nan,1219.0,5620.0,1.41,1.05
Kepler-192 b,Kepler-192,9.926746,0.244,nan,nan,nan,5479.0,1.01,nan
Kepler-586 b,Kepler-586,2.10472218,0.249,nan,nan,nan,5575.0,0.92,0.94
Kepler-731 b,Kepler-731,3.85560355,1.238,nan,nan,nan,5849.0,1.06,1.03
Kepler-49 b,Kepler-49,7.2,0.23,0.03074,nan,nan,4095.6,0.62,0.61
Kepler-1726 b,Kepler-1726,18.39629936,0.224,nan,nan,nan,5316.0,0.8,0.88
Kepler-612 b,Kepler-612,3.72215641,0.253,nan,nan,nan,5693.0,0.96,0.98
Kepler-254 b,Kepler-254,5.826662,0.345,nan,nan,nan,5957.0,0.91,nan
Kepler-31 b,Kepler-31,20.8613,0.491,nan,nan,nan,6340.0,1.22,1.21
Kepler-732 b,Kepler-732,9.46781405,0.194,nan,nan,nan,3631.0,0.46,0.49
Kepler-733 b,Kepler-733,20.83424726,0.252,nan,nan,nan,5418.0,0.86,0.9
Kepler-255 c,Kepler-255,9.946047,0.267,nan,nan,nan,5573.0,0.93,nan
Kepler-96 b,Kepler-96,16.2385,0.238,0.027,nan,nan,5690.0,1.02,1.0
Kepler-33 d,Kepler-33,21.77596,0.477,nan,0.0,nan,5904.0,1.82,1.29
Kepler-256 c,Kepler-256,3.38802,0.192,nan,nan,nan,5551.0,1.3,nan
Kepler-39 b,Kepler-39,21.08721,1.24,20.1,0.112,897.0,6350.0,1.4,1.29
Kepler-734 b,Kepler-734,6.10485286,0.318,nan,nan,nan,5326.0,0.78,0.85
Kepler-257 c,Kepler-257,6.581484,0.483,nan,nan,nan,5180.0,1.04,nan
Kepler-735 b,Kepler-735,11.51516988,0.263,nan,nan,nan,5107.0,0.8,0.85
Kepler-736 b,Kepler-736,3.60147201,0.261,nan,nan,nan,5217.0,0.81,0.86
Kepler-216 c,Kepler-216,17.406669,0.271,nan,nan,nan,6091.0,1.26,nan
Kepler-613 b,Kepler-613,15.77979614,0.204,nan,nan,nan,5723.0,0.96,0.98
KOI-142 b,KOI-142,10.91647,0.307,0.03,0.05561,nan,5466.0,0.9,0.99
Kepler-651 b,Kepler-651,21.38521506,0.211,nan,nan,nan,5522.0,0.87,0.92
Kepler-562 b,Kepler-562,18.00931444,0.465,nan,nan,nan,5575.0,0.9,0.93
Kepler-563 b,Kepler-563,22.18432708,0.276,nan,nan,nan,5066.0,0.77,0.8
Kepler-217 b,Kepler-217,5.374943,0.199,nan,nan,nan,6171.0,1.8,nan
Kepler-218 c,Kepler-218,44.699576,0.28,nan,nan,nan,5502.0,1.06,nan
Kepler-1666 b,Kepler-1666,25.8476,0.257,nan,nan,nan,6293.0,1.15,1.23
Kepler-614 b,Kepler-614,14.03491514,0.213,nan,nan,nan,5268.0,0.81,0.85
Kepler-615 b,Kepler-615,10.35584657,0.155,nan,nan,nan,4655.0,0.69,0.73
Kepler-506 b,Kepler-506,6.8834055,0.244,nan,nan,nan,6236.0,1.19,1.19
Kepler-652 b,Kepler-652,4.18200253,0.222,nan,nan,nan,5490.0,0.88,0.97
Kepler-737 b,Kepler-737,28.59915399,0.175,nan,nan,nan,3813.0,0.48,0.51
Kepler-738 b,Kepler-738,24.58721573,0.223,nan,nan,nan,5327.0,0.82,0.86
HAT-P-7 b,HAT-P-7,2.20474,1.51,1.84,0.0,nan,6389.0,2.0,1.56
Kepler-739 b,Kepler-739,12.53248465,0.296,nan,nan,nan,5601.0,0.9,0.93
Kepler-258 b,Kepler-258,13.19722,0.362,nan,nan,nan,4942.0,0.92,nan
Kepler-193 b,Kepler-193,11.38848,0.213,nan,nan,nan,6335.0,1.15,nan
Kepler-32 b,Kepler-32,5.90124,0.196,4.1,nan,nan,3900.0,0.53,0.58
Kepler-1646 b,Kepler-1646,4.48558383,0.11,nan,nan,nan,3299.0,0.26,0.24
Kepler-740 b,Kepler-740,3.58410122,0.408,nan,nan,nan,5438.0,0.87,0.91
Kepler-259 b,Kepler-259,8.115317,0.25,nan,nan,nan,5938.0,0.9,nan
Kepler-741 b,Kepler-741,7.03902374,0.265,nan,nan,nan,6129.0,1.24,1.16
Kepler-564 b,Kepler-564,3.75083228,0.413,nan,nan,nan,5626.0,0.92,0.95
Kepler-653 b,Kepler-653,14.70748976,0.174,nan,nan,nan,5665.0,1.19,1.02
Kepler-742 b,Kepler-742,8.36086824,0.289,nan,nan,nan,4642.0,0.71,0.76
Kepler-219 b,Kepler-219,4.585512,0.263,nan,nan,nan,5786.0,1.49,nan
Kepler-178 b,Kepler-178,9.576694,0.259,nan,nan,nan,5676.0,1.07,nan
Kepler-148 d,Kepler-148,51.84688575,0.774,nan,nan,nan,5172.0,0.81,0.86
Kepler-220 c,Kepler-220,9.034199,0.14,nan,nan,nan,4632.0,0.67,nan
Kepler-1723 b,Kepler-1723,39.75289917,0.257,nan,nan,nan,6072.0,1.01,0.96
Kepler-452 b,Kepler-452,384.843,0.145,nan,nan,265.0,5757.0,1.11,1.04
Kepler-433 b,Kepler-433,5.33408384,1.45,2.82,0.119,1776.0,6360.0,2.26,1.46
Kepler-616 b,Kepler-616,9.99761851,0.217,nan,nan,nan,5753.0,0.97,0.98
Kepler-221 c,Kepler-221,5.690586,0.261,nan,nan,nan,5243.0,0.82,nan
Kepler-654 b,Kepler-654,13.72465129,0.185,nan,nan,nan,5865.0,1.11,1.04
Kepler-655 b,Kepler-655,46.4063358,0.242,nan,nan,nan,6170.0,1.24,1.15
Kepler-222 b,Kepler-222,3.936981,0.282,nan,nan,nan,5433.0,0.87,nan
Kepler-163 c,Kepler-163,21.347262,0.202,nan,nan,nan,5776.0,0.92,nan
Kepler-48 b,Kepler-48,4.778,0.168,0.0124,nan,nan,5194.0,0.89,0.88
Kepler-565 b,Kepler-565,4.24374723,0.325,nan,nan,nan,5735.0,0.95,0.98
Kepler-1720 b,Kepler-1720,12.70639992,0.287,nan,nan,nan,5573.0,0.84,0.94
Kepler-549 d,Kepler-549,24.61480613,0.375,nan,0.0,586.0,5312.0,0.99,0.86
Kepler-223 d,Kepler-223,14.78869,0.467,0.02517,0.037,nan,nan,1.72,1.12
Kepler-7 b,Kepler-7,4.8854892,1.622,0.441,nan,1630.0,5933.0,1.97,1.36
Kepler-656 b,Kepler-656,1.26025909,0.278,nan,nan,nan,5281.0,0.82,0.86
Kepler-587 b,Kepler-587,10.94027841,0.199,nan,nan,nan,5549.0,0.89,0.92
Kepler-224 c,Kepler-224,5.925003,0.278,nan,nan,nan,5018.0,0.68,nan
Kepler-657 b,Kepler-657,24.54350418,0.314,nan,nan,nan,5808.0,1.01,1.01
Kepler-225 c,Kepler-225,18.794234,0.164,nan,nan,nan,3682.0,0.48,nan
Kepler-623 b,Kepler-623,9.07097734,0.269,nan,nan,nan,5443.0,0.86,0.9
KOI-12 b,KOI-12,17.855182,1.23,1.1,0.34,nan,nan,1.4,1.5
Kepler-29 b,Kepler-29,10.33974,0.227,0.01573,0.0,nan,5378.0,0.73,0.76
Kepler-658 b,Kepler-658,1.28707676,0.145,nan,nan,nan,4103.0,0.6,0.63
Kepler-617 b,Kepler-617,1.68269615,0.118,nan,nan,nan,3712.0,0.48,0.51
Kepler-659 b,Kepler-659,17.671796,0.223,nan,nan,nan,4870.0,0.74,0.79
KOI-7368 b,KOI-7368,6.8430344,0.198,nan,nan,nan,5241.0,0.87,0.88
Kepler-40 b,Kepler-40,6.87349,1.17,2.2,0.0,1620.0,6510.0,2.13,1.48
Kepler-1999 b,Kepler-1999,8.7396758,0.294,nan,0.0,577.0,4406.0,0.63,0.63
Kepler-588 b,Kepler-588,4.22162536,0.235,nan,nan,nan,5835.0,1.0,1.01
Kepler-164 c,Kepler-164,10.945723,0.244,nan,nan,nan,5888.0,1.15,nan
Kepler-589 b,Kepler-589,16.54964934,0.203,nan,nan,nan,5296.0,0.83,0.88
Kepler-660 b,Kepler-660,9.27358194,0.229,nan,nan,nan,4779.0,0.71,0.75
Kepler-179 c,Kepler-179,6.40013,0.178,nan,nan,nan,5302.0,0.76,nan
Kepler-165 b,Kepler-165,8.180848,0.207,nan,nan,nan,5211.0,0.77,nan
Kepler-661 b,Kepler-661,6.02930132,0.274,nan,nan,nan,4483.0,0.67,0.7
Kepler-496 b,Kepler-496,8.30864937,0.207,nan,nan,nan,5293.0,0.82,0.86
Kepler-566 b,Kepler-566,18.42794624,0.192,nan,nan,nan,5132.0,0.79,0.83
Kepler-194 c,Kepler-194,17.308032,0.231,nan,nan,nan,6089.0,1.02,nan
Kepler-226 c,Kepler-226,5.349555,0.203,nan,nan,nan,5571.0,0.8,nan
Kepler-550 b,Kepler-550,8.60010411,0.394,nan,nan,nan,5322.0,0.83,0.87
Kepler-195 b,Kepler-195,8.307872,0.181,nan,nan,nan,5329.0,0.78,nan
Kepler-1629 b,Kepler-1629,3.87595807,0.069,nan,nan,nan,5776.0,1.01,1.01
Kepler-662 b,Kepler-662,21.67697486,0.194,nan,nan,nan,4897.0,0.74,0.79
Kepler-1724 b,Kepler-1724,6.45442009,0.253,nan,nan,nan,6092.0,0.94,1.02
Kepler-663 b,Kepler-663,4.99678284,0.232,nan,nan,nan,5264.0,0.82,0.86
Kepler-551 b,Kepler-551,12.3764661,0.244,nan,nan,nan,4286.0,0.63,0.65
Kepler-487 b,Kepler-487,15.3587684,1.019,nan,nan,nan,5444.0,0.88,0.91
Kepler-618 b,Kepler-618,3.59576964,0.232,nan,nan,nan,5860.0,1.08,1.05
Kepler-227 b,Kepler-227,9.488015,0.277,nan,nan,nan,5854.0,1.09,nan
Kepler-153 b,Kepler-153,18.870227,0.261,nan,nan,nan,5404.0,0.89,nan
K2-44 b,K2-44,5.657,0.217,nan,nan,nan,5912.0,1.58,1.15
K2-46 b,K2-46,19.1541,0.183,nan,nan,nan,6256.0,1.29,0.96
K2-8 c,K2-8,5.06416,0.215,nan,nan,801.0,4870.0,0.74,0.78
K2-27 b,K2-27,6.771315,0.4,0.09722,0.251,902.0,5248.0,0.89,0.87
K2-35 c,K2-35,5.608352,0.172,nan,0.12,nan,4402.71,0.62,0.7
Kepler-664 b,Kepler-664,2.52559332,0.237,nan,nan,nan,5754.0,1.02,1.01
Kepler-552 b,Kepler-552,5.26341577,0.352,nan,nan,nan,5863.0,1.04,1.03
K2-42 b,K2-42,6.68796,0.192,nan,nan,nan,4613.0,0.64,0.7
K2-43 b,K2-43,3.471149,0.402,nan,nan,939.3,3840.6,0.54,0.57
Kepler-228 d,Kepler-228,11.094286,0.36,nan,nan,nan,6043.0,1.01,nan
K2-45 b,K2-45,1.7292684,0.599,nan,nan,nan,4103.0,0.45,0.5
K2-164 b,K2-164,17.355066,0.29,nan,nan,nan,5791.0,2.2,1.18
K2-19 d,K2-19,2.5081,0.099,0.03146,nan,nan,5322.0,0.82,0.88
Kepler-590 b,Kepler-590,5.85296257,0.359,nan,nan,nan,6000.0,1.15,1.1
K2-35 b,K2-35,2.399964,0.118,nan,0.13,nan,4402.71,0.62,0.7
Kepler-229 c,Kepler-229,16.068638,0.439,nan,nan,nan,5120.0,0.73,nan
K2-47 b,K2-47,31.6372,0.169,nan,nan,nan,5054.0,0.76,0.75
K2-48 b,K2-48,20.5065,0.2,nan,nan,nan,4899.0,0.73,0.77
K2-49 b,K2-49,2.77065,0.172,nan,nan,nan,4175.0,0.45,0.51
K2-36 c,K2-36,5.340888,0.285,0.02486,0.089,854.0,4916.0,0.72,0.79
K2-36 b,K2-36,1.422614,0.128,0.01353,0.093,1328.0,4916.0,0.72,0.79
Kepler-74 b,Kepler-74,7.340711,0.96,0.63,0.0,1078.0,6000.0,1.12,1.18
Kepler-567 b,Kepler-567,16.54297375,0.201,nan,nan,nan,5148.0,0.79,0.84
K2-50 b,K2-50,8.7529,0.142,nan,nan,nan,4326.0,0.55,0.61
WASP-85 A b,WASP-85 A,2.6556777,1.24,1.265,0.0,1452.0,6112.0,0.94,1.09
Kepler-553 b,Kepler-553,4.030467,0.423,0.365,nan,1089.0,5191.0,0.9,0.89
K2-24 c,K2-24,42.3391,0.669,0.04845,0.07,nan,5625.0,1.16,1.07
K2-24 b,K2-24,20.88977,0.482,0.05978,0.06,nan,5625.0,1.16,1.07
K2-52 b,K2-52,3.535055,1.606,nan,nan,2004.0,7147.0,2.19,1.69
Kepler-591 b,Kepler-591,81.1694299,0.302,nan,nan,nan,5677.0,0.94,0.97
K2-37 c,K2-37,6.42904,0.245,nan,nan,861.0,5413.0,0.85,0.9
K2-37 d,K2-37,14.09189,0.244,nan,nan,663.0,5413.0,0.85,0.9
K2-37 b,K2-37,4.44117,0.144,nan,nan,974.0,5413.0,0.85,0.9
K2-31 b,K2-31,1.25785,1.06,1.774,0.0,nan,5280.0,0.78,0.91
K2-365 b,K2-365,23.448172,0.259,nan,nan,nan,5561.0,1.05,0.82
Kepler-619 b,Kepler-619,5.4042722,0.282,nan,nan,nan,5980.0,1.11,1.09
K2-53 b,K2-53,12.20772,0.232,nan,nan,665.0,5263.0,0.81,0.85
K2-32 b,K2-32,8.992,0.473,0.0472,0.03,837.0,5271.0,0.86,0.83
K2-32 d,K2-32,31.71701,0.311,0.02108,0.05,550.0,5271.0,0.86,0.83
K2-32 c,K2-32,20.66093,0.28,0.02549,0.049,634.0,5271.0,0.86,0.83
K2-366 b,K2-366,15.937039,0.21,nan,nan,nan,5601.0,0.94,0.82
Kepler-665 b,Kepler-665,16.01310205,0.232,nan,nan,nan,4913.0,0.74,0.79
K2-33 b,K2-33,5.424865,0.45,3.7,0.0,nan,3540.0,1.05,0.56
K2-289 b,K2-289,13.156969,0.812,nan,nan,753.0,5529.0,1.02,0.95
K2-167 b,K2-167,9.978541,0.211,nan,0.48,1220.0,6310.0,1.5,1.08
K2-55 b,K2-55,2.849258,0.341,nan,nan,nan,4456.0,0.63,0.7
Kepler-568 b,Kepler-568,11.02347475,0.202,nan,nan,nan,3768.0,0.53,0.55
K2-168 b,K2-168,15.8523,0.166,nan,nan,766.35,5502.7,0.83,0.88
K2-169 b,K2-169,6.380803,0.114,nan,nan,nan,5548.0,0.92,0.99
K2-170 c,K2-170,12.400047,0.161,nan,nan,nan,5748.0,0.98,0.96
K2-170 b,K2-170,7.576544,0.127,nan,nan,nan,5748.0,0.98,0.96
K2-265 b,K2-265,2.36902,0.152,0.0231,0.16,1366.0,5420.0,0.92,0.9
Kepler-569 b,Kepler-569,34.18890521,0.282,nan,nan,nan,5616.0,0.93,0.95
EPIC 206024342 d,EPIC 206024342,14.647531,0.232,nan,nan,nan,5724.0,1.1,nan
EPIC 206024342 c,EPIC 206024342,0.911724,0.125,nan,nan,nan,5724.0,1.1,nan
K2-57 b,K2-57,9.0073,0.206,nan,0.25,635.8,4413.0,0.67,0.7
K2-58 b,K2-58,7.05254,0.239,nan,nan,nan,5413.0,0.86,0.89
K2-58 c,K2-58,2.53726,0.145,nan,nan,nan,5413.0,0.86,0.89
K2-58 d,K2-58,22.8827,0.153,nan,nan,nan,5413.0,0.86,0.89
K2-59 b,K2-59,20.6921,0.215,nan,nan,nan,5055.0,0.73,0.77
K2-59 c,K2-59,11.2954,0.205,nan,nan,nan,5055.0,0.73,0.77
Kepler-230 b,Kepler-230,32.625555,0.38,nan,nan,nan,5588.0,0.82,nan
K2-60 b,K2-60,3.00265,0.683,0.426,0.0,1400.0,5500.0,1.12,0.97
EPIC 206042996 c,EPIC 206042996,0.354884,0.107,nan,nan,nan,4114.0,0.5,nan
K2-61 b,K2-61,2.57302,0.221,nan,nan,nan,6293.0,1.36,1.21
K2-171 b,K2-171,5.628466,0.24,nan,nan,nan,5250.0,1.72,0.89
K2-367 b,K2-367,20.645099,0.215,nan,nan,nan,4348.0,0.62,0.76
K2-172 c,K2-172,29.62682,0.286,nan,nan,nan,5569.0,0.87,0.93
Kepler-592 b,Kepler-592,2.82019241,0.213,nan,nan,nan,5913.0,1.04,1.04
K2-172 b,K2-172,14.316941,0.149,nan,nan,nan,5569.0,0.87,0.93
K2-62 b,K2-62,6.67202,0.191,nan,nan,nan,4880.0,0.73,0.77
K2-62 c,K2-62,16.1966,0.191,nan,nan,nan,4880.0,0.73,0.77
K2-63 c,K2-63,25.4556,0.348,nan,nan,nan,6771.0,1.63,1.4
K2-63 b,K2-63,20.257,0.287,nan,nan,nan,6771.0,1.63,1.4
K2-116 b,K2-116,4.655411,0.062,nan,0.06,nan,4348.35,0.67,0.69
K2-64 b,K2-64,6.53044,0.185,nan,nan,nan,5312.0,0.73,0.74
K2-368 b,K2-368,5.025598,0.119,nan,nan,nan,4663.0,0.66,0.75
Kepler-593 b,Kepler-593,21.21708973,0.256,nan,nan,nan,5967.0,1.1,1.08
K2-65 b,K2-65,12.6475,0.141,nan,nan,nan,5213.0,0.84,0.87
K2-369 b,K2-369,5.761612,0.117,nan,nan,nan,5682.0,0.88,0.73
K2-66 b,K2-66,5.06963,0.222,0.06702,0.0,1372.0,5887.0,1.67,1.11
K2-68 b,K2-68,8.05428,0.141,nan,nan,nan,4746.0,0.68,0.73
K2-69 b,K2-69,7.06599,0.207,nan,nan,nan,4127.0,0.49,0.55
K2-70 b,K2-70,13.97896,0.258,nan,nan,nan,5622.0,0.93,0.94
HAT-P-11 b,HAT-P-11,4.88780244,0.447,0.0787,0.2577,847.0,4780.0,0.76,0.86
Kepler-118 c,Kepler-118,20.17202,0.685,nan,nan,nan,5274.0,1.09,nan
Kepler-570 b,Kepler-570,4.301662,0.219,nan,nan,nan,5496.0,0.9,0.93
K2-71 b,K2-71,6.98541,0.192,nan,nan,nan,4006.0,0.43,0.48
K2-72 b,K2-72,5.577212,0.096,nan,0.11,nan,3360.47,0.33,0.27
K2-73 b,K2-73,7.49543,0.219,nan,nan,nan,5922.0,1.06,1.05
K2-39 b,K2-39,4.60543,0.56,0.09,0.0,nan,4881.0,2.97,0.66
K2-74 b,K2-74,19.5666,0.206,nan,nan,nan,6060.0,0.98,0.96
EPIC 206317286 c,EPIC 206317286,17.515472,0.187,nan,nan,nan,4752.0,0.76,0.83
K2-28 b,K2-28,2.260455,0.207,nan,0.0,568.0,3214.0,0.29,0.26
Kepler-1976 b,Kepler-1976,4.95931924,1.089,nan,0.0,1103.0,5712.0,1.08,0.98
K2-75 b,K2-75,7.8142,0.238,nan,nan,nan,5995.0,1.56,1.16
K2-75 c,K2-75,18.311,0.247,nan,nan,nan,5995.0,1.56,1.16
Kepler-666 b,Kepler-666,4.49876092,0.214,nan,nan,nan,5887.0,1.05,1.03
Kepler-166 b,Kepler-166,7.650254,0.203,nan,nan,nan,5413.0,0.74,nan
K2-85 b,K2-85,0.684559,0.107,nan,nan,nan,4427.0,0.68,nan
K2-54 b,K2-54,9.7833,0.233,nan,0.24,560.0,3990.0,0.64,0.61
K2-72 c,K2-72,15.189034,0.103,nan,0.11,nan,3360.47,0.33,0.27
K2-72 d,K2-72,7.760178,0.09,nan,0.11,nan,3360.47,0.33,0.27
K2-72 e,K2-72,24.158868,0.115,nan,0.11,nan,3360.47,0.33,0.27
Kepler-667 b,Kepler-667,41.43962808,0.422,nan,nan,nan,5327.0,0.87,0.91
K2-77 b,K2-77,8.2000844,0.223,nan,0.29,806.0,5160.0,0.79,0.85
K2-79 b,K2-79,10.9947,0.365,0.02895,0.23,1022.0,5897.0,1.26,1.07
K2-80 b,K2-80,19.0918,0.179,nan,nan,nan,5441.0,0.87,0.9
K2-80 c,K2-80,5.605,0.131,nan,nan,nan,5441.0,0.87,0.9
K2-81 b,K2-81,6.102325,0.176,nan,0.06,nan,4674.13,0.63,0.75
K2-83 b,K2-83,2.74697,0.111,nan,nan,nan,3910.0,0.42,0.48
Kepler-668 b,Kepler-668,8.35390639,0.241,nan,nan,nan,5352.0,0.82,0.87
K2-83 c,K2-83,9.99767,0.132,nan,nan,nan,3910.0,0.42,0.48
K2-174 b,K2-174,19.562307,0.232,nan,nan,455.0,4455.0,0.68,0.7
K2-84 b,K2-84,6.4215,0.215,nan,nan,nan,5652.0,0.93,0.95
K2-84 c,K2-84,27.86,0.181,nan,nan,nan,5652.0,0.93,0.95
K2-86 b,K2-86,8.77683,0.175,nan,nan,nan,5482.0,0.76,0.79
Kepler-669 b,Kepler-669,4.12554687,0.431,nan,nan,nan,6038.0,1.2,1.15
K2-87 b,K2-87,9.726618,0.678,nan,nan,979.0,5747.0,1.4,1.16
K2-88 b,K2-88,4.6122,0.11,nan,nan,nan,3537.0,0.26,0.26
K2-89 b,K2-89,1.096026,0.055,nan,nan,nan,3691.0,0.32,0.35
K2-111 b,K2-111,5.3518,0.162,0.01756,0.1,1309.0,5775.0,1.25,0.84
K2-90 b,K2-90,13.733314,0.232,nan,nan,502.0,4484.0,0.62,0.63
K2-90 c,K2-90,2.900706,0.116,nan,0.19,nan,4421.98,0.63,0.7
Kepler-670 b,Kepler-670,2.81650485,1.176,nan,nan,nan,5709.0,0.99,0.99
K2-91 b,K2-91,1.419549,0.098,nan,nan,nan,3622.0,0.28,0.29
K2-354 b,K2-354,3.793306,0.139,nan,nan,543.0,3669.0,0.41,0.43
K2-180 b,K2-180,8.865663,0.22,0.0359,0.075,797.5,5365.0,0.72,0.73
K2-117 b,K2-117,1.2916,0.181,nan,nan,868.0,3778.0,0.51,0.54
K2-97 b,K2-97,8.407115,1.2,0.549,0.207,1566.0,4673.0,4.14,1.17
K2-181 b,K2-181,6.893813,0.253,nan,0.4,1015.0,5520.0,1.04,1.02
K2-182 b,K2-182,4.7369696,0.242,0.066,0.071,965.8,5128.0,0.79,0.82
K2-98 b,K2-98,10.1367349,0.452,0.107,0.119,1185.0,6260.0,1.52,1.25
K2-371 b,K2-371,3.114905,1.162,nan,nan,nan,4925.0,0.74,0.96
Kepler-671 b,Kepler-671,4.28095859,0.24,nan,nan,nan,5624.0,0.95,0.97
K2-330 b,K2-330,13.774798,0.247,nan,nan,969.0,6232.0,1.5,1.23
K2-268 c,K2-268,9.327527,0.24,nan,nan,696.0,5106.0,0.78,0.84
K2-114 b,K2-114,11.390931,0.945,2.01,0.079,701.4,4899.0,0.83,0.86
K2-115 b,K2-115,20.2729914,1.053,1.01,0.063,696.0,5870.0,0.85,0.92
K2-372 b,K2-372,9.844077,0.263,nan,nan,nan,5479.0,0.92,0.85
K2-269 b,K2-269,4.144965,0.14,nan,nan,1429.0,6209.0,1.45,1.16
K2-419 A b,K2-419 A,20.35847252,0.941,0.617,0.042,377.0,3711.0,0.54,0.56
K2-105 b,K2-105,8.2669928,0.32,nan,nan,928.0,5636.0,0.97,1.05
K2-270 c,K2-270,4.400028,0.263,nan,nan,848.0,4877.0,0.77,0.85
K2-183 c,K2-183,10.787992,0.205,nan,nan,nan,5482.0,0.87,nan
K2-332 b,K2-332,17.70632,0.196,nan,nan,266.0,3315.0,0.28,0.27
K2-184 b,K2-184,16.9780102,0.131,nan,nan,533.0,5245.0,0.75,0.84
K2-271 b,K2-271,8.562421,0.649,nan,nan,893.0,5644.0,0.99,0.83
K2-108 b,K2-108,4.733999,0.476,nan,nan,1360.0,5599.0,1.76,1.17
K2-335 b,K2-335,12.283211,0.197,nan,nan,949.0,6222.0,1.33,1.23
K2-336 b,K2-336,21.194733,0.109,nan,nan,569.0,5424.0,0.8,0.86
K2-337 b,K2-337,16.273563,0.234,nan,nan,850.0,5869.0,1.32,0.94
K2-119 b,K2-119,7.727283,0.226,nan,nan,666.0,4740.0,0.71,0.76
K2-338 b,K2-338,3.850614,0.092,nan,nan,783.0,4558.0,0.63,0.66
K2-272 b,K2-272,14.4536756,0.279,nan,nan,747.0,5397.0,0.83,0.86
K2-121 b,K2-121,5.1857539,0.671,nan,nan,738.0,4690.0,0.67,0.69
K2-273 b,K2-273,11.7195663,0.272,nan,nan,849.0,5161.0,0.85,0.89
K2-340 b,K2-340,29.740451,0.3,nan,nan,606.0,5532.0,1.13,0.93
Kepler-571 b,Kepler-571,4.79859939,0.236,nan,nan,nan,5527.0,0.9,0.93
K2-146 b,K2-146,2.6446,0.183,0.01816,0.129,nan,3385.0,0.33,0.33
EPIC 211945201 b,EPIC 211945201,19.49221,0.514,nan,nan,817.0,6069.0,1.39,1.17
K2-104 b,K2-104,1.9741954,0.16,nan,nan,798.0,3712.0,0.48,0.51
K2-100 b,K2-100,1.6739035,0.346,0.06859,0.0,1841.0,5945.0,1.24,1.15
K2-375 b,K2-375,14.453895,0.2,nan,nan,nan,5822.0,1.54,1.12
Kepler-672 b,Kepler-672,38.3774623,0.223,nan,nan,nan,5627.0,0.92,0.95
K2-122 b,K2-122,2.2193023,0.103,nan,nan,769.0,4009.0,0.59,0.63
K2-274 b,K2-274,14.1330314,0.186,nan,nan,655.0,5044.0,0.7,0.79
K2-123 b,K2-123,30.951524,0.246,nan,nan,338.0,4035.0,0.59,0.62
K2-345 b,K2-345,10.367437,0.188,nan,nan,437.0,3779.0,0.52,0.56
K2-276 b,K2-276,18.718269,0.336,nan,nan,583.0,5139.0,0.85,0.82
K2-346 b,K2-346,26.201446,0.202,nan,nan,450.0,4801.0,0.7,0.71
K2-124 b,K2-124,6.413651,0.259,nan,nan,442.0,3570.0,0.39,0.39
K2-187 d,K2-187,7.149584,0.214,nan,nan,nan,5438.0,0.83,nan
K2-347 b,K2-347,7.187257,0.215,nan,nan,640.0,4599.0,0.63,0.66
K2-188 c,K2-188,7.810253,0.252,nan,nan,1026.0,5977.0,1.19,1.06
EPIC 212297394 c,EPIC 212297394,5.213965,0.203,nan,nan,866.0,5171.0,0.8,0.83
Kepler-538 b,Kepler-538,81.73778,0.198,0.04059,0.21,417.0,5534.0,0.87,0.89
K2-277 b,K2-277,6.326768,0.195,nan,0.52,1049.0,5680.0,0.97,0.97
K2-189 c,K2-189,6.679195,0.223,nan,nan,872.0,5519.0,0.87,0.94
K2-278 b,K2-278,3.334966,0.266,nan,nan,1711.0,6747.0,1.61,1.4
K2-349 b,K2-349,9.032178,0.123,nan,nan,518.0,4385.0,0.49,0.54
K2-350 c,K2-350,19.991944,0.244,nan,nan,687.0,5789.0,1.04,0.98
Kepler-594 b,Kepler-594,13.64618192,0.194,nan,nan,nan,5485.0,0.87,0.91
K2-126 b,K2-126,7.385655,0.176,nan,nan,601.0,4339.0,0.65,0.69
K2-190 b,K2-190,10.098858,0.121,nan,nan,nan,5631.0,0.91,0.9
K2-191 b,K2-191,2.858646,0.141,nan,nan,nan,5176.0,0.84,0.9
K2-110 b,K2-110,13.86375,0.231,0.05003,0.13,638.0,5010.0,0.71,0.74
K2-351 b,K2-351,7.806164,0.227,nan,nan,934.0,5769.0,1.05,1.02
K2-127 b,K2-127,3.588163,0.747,nan,nan,809.0,4575.0,0.66,0.72
K2-192 b,K2-192,4.162817,0.136,nan,nan,939.0,5222.0,0.81,0.9
K2-378 b,K2-378,2.060438,0.257,nan,nan,nan,4823.0,0.73,0.92
Kepler-180 c,Kepler-180,41.885775,0.269,nan,nan,nan,5731.0,1.06,nan
K2-193 b,K2-193,14.786889,0.352,nan,nan,739.0,5817.0,0.98,1.01
EPIC 212587672 c,EPIC 212587672,23.228555,0.207,nan,nan,658.0,6004.0,0.98,0.99
Kepler-154 d,Kepler-154,20.54981883,0.343,nan,nan,nan,5769.0,0.98,0.98
K2-194 b,K2-194,39.721386,0.325,nan,nan,nan,5979.0,1.28,1.11
K2-195 b,K2-195,15.852975,0.279,nan,nan,720.0,5713.0,0.99,0.94
K2-197 b,K2-197,8.357881,0.228,nan,nan,848.0,5667.0,0.93,1.0
EPIC 212737443 b,EPIC 212737443,13.603,0.231,nan,0.2,536.0,4684.0,0.67,0.69
Kepler-52 c,Kepler-52,16.3850021,0.164,0.14284,nan,nan,4075.0,0.52,0.54
K2-279 b,K2-279,7.122605,0.108,nan,nan,879.0,5558.0,0.86,0.79
K2-99 b,K2-99,18.251985,1.046,nan,nan,1113.0,6217.0,2.63,1.63
K2-200 b,K2-200,2.849883,0.122,nan,nan,nan,5233.0,0.79,0.86
K2-275 b,K2-275,3.2809626,0.209,nan,nan,1166.0,4841.0,0.69,0.77
K2-275 c,K2-275,8.4388385,0.197,nan,nan,653.0,4841.0,0.69,0.77
K2-198 c,K2-198,3.3596055,0.127,nan,nan,1229.9,5212.9,0.76,0.8
K2-198 d,K2-198,7.4500177,0.218,nan,nan,943.2,5212.9,0.76,0.8
K2-198 b,K2-198,17.0428683,0.374,nan,nan,715.8,5212.9,0.76,0.8
K2-199 b,K2-199,3.2253993,0.154,0.02171,0.02,913.0,4491.0,0.68,0.71
K2-199 c,K2-199,7.3744897,0.254,0.03901,0.03,694.0,4491.0,0.68,0.71
Kepler-673 b,Kepler-673,3.72873109,0.583,nan,nan,nan,5355.0,0.84,0.88
K2-173 b,K2-173,5.868699,0.143,nan,nan,nan,5580.0,0.84,0.88
Kepler-501 b,Kepler-501,5.64067757,0.384,nan,nan,nan,5904.0,1.04,1.03
Kepler-181 c,Kepler-181,4.302149,0.178,nan,nan,nan,5333.0,0.75,nan
K2-179 b,K2-179,5.172191,0.224,nan,nan,nan,5015.0,0.77,0.82
Kepler-674 b,Kepler-674,2.24338185,0.151,nan,nan,nan,4192.0,0.57,0.6
K2-377 b,K2-377,12.832235,0.151,nan,nan,nan,4200.0,0.69,0.82
Kepler-730 c,Kepler-730,2.85188338,0.14,nan,nan,1607.0,5620.0,1.41,1.05
Kepler-675 b,Kepler-675,2.33743801,0.218,nan,nan,nan,4945.0,0.75,0.79
Kepler-676 b,Kepler-676,11.59822172,0.271,nan,nan,nan,3701.0,0.49,0.51
Kepler-1649 c,Kepler-1649,19.53527,0.095,nan,nan,234.0,3240.0,0.23,0.2
Kepler-677 b,Kepler-677,6.57531678,0.48,nan,nan,nan,5723.0,0.99,1.0
Kepler-678 b,Kepler-678,7.27503724,0.459,nan,nan,nan,5520.0,0.91,0.94
Kepler-595 c,Kepler-595,12.38602,0.09,0.01038,nan,nan,nan,0.82,0.93
Kepler-483 b,Kepler-483,30.229104,0.286,nan,nan,nan,6346.0,1.47,1.28
Kepler-182 c,Kepler-182,20.684342,0.306,nan,nan,nan,6250.0,1.15,nan
Kepler-572 b,Kepler-572,17.20523483,0.23,nan,nan,nan,5212.0,0.79,0.83
Kepler-231 c,Kepler-231,19.271566,0.172,nan,nan,nan,3767.0,0.49,nan
Kepler-197 c,Kepler-197,10.349695,0.11,nan,nan,nan,6004.0,1.12,nan
Kepler-679 b,Kepler-679,12.39358604,0.269,nan,nan,nan,5403.0,0.84,0.87
Kepler-680 b,Kepler-680,3.68992629,0.216,nan,nan,nan,5890.0,1.11,1.08
Kepler-595 b,Kepler-595,25.3029092,0.331,0.05475,nan,nan,nan,0.82,0.93
Kepler-155 b,Kepler-155,5.931194,0.186,nan,nan,nan,4508.0,0.62,nan
Kepler-100 c,Kepler-100,12.8159,0.196,0.02218,nan,nan,5825.0,1.49,1.08
Kepler-1704 b,Kepler-1704,988.88112,1.066,4.16,0.92,253.8,5746.0,1.7,1.13
Kepler-232 b,Kepler-232,4.431222,0.275,nan,nan,nan,5847.0,0.97,nan
Kepler-681 b,Kepler-681,26.39435646,0.275,nan,nan,nan,5021.0,0.76,0.8
Kepler-573 b,Kepler-573,22.18329658,0.249,nan,nan,nan,5746.0,1.02,0.99
Kepler-620 b,Kepler-620,12.91375431,0.296,nan,nan,nan,6155.0,1.22,1.15
Kepler-233 b,Kepler-233,8.472382,0.217,nan,nan,nan,5360.0,0.76,nan
Kepler-554 b,Kepler-554,1.90220856,0.383,nan,nan,nan,5447.0,0.92,0.93
Kepler-596 b,Kepler-596,21.30022655,0.309,nan,nan,nan,6267.0,1.32,1.21
Kepler-11 c,Kepler-11,13.0241,0.256,0.009,0.026,nan,5663.0,1.06,0.96
Kepler-682 b,Kepler-682,12.61190667,0.658,nan,nan,nan,5559.0,0.89,0.92
Kepler-574 b,Kepler-574,7.65880414,0.213,nan,nan,nan,5612.0,0.91,0.95
Kepler-156 b,Kepler-156,4.973456,0.205,nan,nan,nan,5094.0,0.81,nan
Kepler-9 c,Kepler-9,38.9853,0.721,0.09408,0.06691,nan,5774.0,0.96,1.02
Kepler-234 c,Kepler-234,7.21205,0.313,nan,nan,nan,6224.0,1.11,nan
Kepler-146 c,Kepler-146,76.732171,0.279,nan,nan,nan,5948.0,1.21,nan
Kepler-457 d,KOI-7892,10.6906004,0.266,nan,nan,nan,6474.0,1.24,1.15
Kepler-30 c,Kepler-30,60.323105,1.097,2.01,0.0111,nan,5498.0,0.95,0.99
Kepler-158 c,Kepler-158,28.551383,0.17,nan,nan,nan,4623.0,0.62,nan
KOI-7913 b,KOI-7913 A,24.278553,0.209,nan,nan,nan,4324.0,0.79,0.76
Kepler-80 c,Kepler-80,9.52355,0.244,0.02121,nan,nan,4540.0,0.68,0.73
Kepler-150 d,Kepler-150,12.56093,0.249,nan,nan,nan,5560.0,0.94,nan
Kepler-633 c,Kepler-633,23.78319931,0.205,nan,nan,nan,5877.0,1.26,1.0
Kepler-159 c,Kepler-159,43.595792,0.304,nan,nan,nan,4625.0,0.66,nan
Kepler-202 c,Kepler-202,16.282493,0.165,nan,nan,nan,4668.0,0.67,nan
Kepler-203 c,Kepler-203,5.370647,0.22,nan,nan,nan,5821.0,1.11,nan
Kepler-170 c,Kepler-170,16.665863,0.255,nan,nan,nan,5679.0,1.03,nan
Kepler-172 c,Kepler-172,6.388996,0.255,nan,nan,nan,5526.0,1.08,nan
Kepler-205 c,Kepler-205,20.306546,0.146,nan,nan,nan,4321.0,0.55,nan
Kepler-196 c,Kepler-196,47.427737,0.2,nan,nan,nan,5128.0,0.78,nan
Kepler-245 d,Kepler-245,36.277108,0.27,nan,nan,nan,5100.0,0.8,nan
Kepler-28 c,Kepler-28,8.99,0.166,0.00648,0.017,nan,4499.3,0.66,0.68
Kepler-81 c,Kepler-81,12.04,0.211,nan,nan,nan,nan,0.59,0.64
Kepler-82 c,Kepler-82,51.54,0.476,0.04373,0.007,nan,nan,0.9,0.91
Kepler-712 c,Kepler-712,226.89047,0.433,nan,nan,nan,5148.0,0.78,0.84
Kepler-247 d,Kepler-247,20.477912,0.352,nan,nan,nan,5100.0,0.77,nan
Kepler-184 c,Kepler-184,20.303005,0.176,nan,nan,nan,5788.0,0.87,nan
Kepler-210 b,Kepler-210,2.453234,0.262,nan,nan,nan,4559.0,0.65,nan
Kepler-248 b,Kepler-248,6.308205,0.269,nan,nan,nan,5190.0,0.83,nan
Kepler-83 d,Kepler-83,5.169796,0.173,nan,nan,nan,4648.0,0.59,nan
Kepler-1711 b,Kepler-1711,21.06080055,0.172,nan,nan,nan,5706.0,1.03,0.94
Kepler-174 c,Kepler-174,44.000529,0.133,nan,nan,nan,4880.0,0.62,nan
Kepler-186 d,Kepler-186,13.342996,0.125,nan,nan,nan,3788.0,0.47,0.48
Kepler-55 b,Kepler-55,27.9481449,0.217,nan,nan,nan,4362.0,0.58,0.62
Kepler-251 d,Kepler-251,30.133001,0.247,nan,nan,nan,5526.0,0.89,nan
Kepler-253 d,Kepler-253,18.119869,0.283,nan,nan,nan,5208.0,0.79,nan
Kepler-561 c,Kepler-561,5.35016198,0.239,nan,nan,nan,5646.0,0.94,0.96
Kepler-215 b,Kepler-215,9.360672,0.145,nan,nan,nan,5739.0,1.03,nan
Kepler-62 b,Kepler-62,5.714932,0.117,0.03,nan,750.0,4925.0,0.64,0.69
Kepler-192 c,Kepler-192,21.2234,0.249,nan,nan,nan,5479.0,1.01,nan
Kepler-33 f,Kepler-33,41.02902,0.398,nan,0.0,nan,5904.0,1.82,1.29
