MAIN_ID,RA,DEC,RA_PREC,DEC_PREC,COO_ERR_MAJA,COO_ERR_MINA,COO_ERR_ANGLE,COO_QUAL,COO_WAVELENGTH,COO_BIBCODE,PLX_VALUE,PMRA,PMDEC,PM_ERR_MAJA,PM_ERR_MINA,PM_ERR_ANGLE,SP_TYPE,FLUX_V,SCRIPT_NUMBER_ID
Kepler-82f,19 31 29.6083,+42 57 58.067,14,14,0.019,0.020,90,A,O,2020yCat.1350....0G,1.077,0.240,6.583,0.026,0.027,90,,,0
KOI-3473.01,19 52 18.2089,+45 11 20.567,14,14,0.011,0.013,90,A,O,2020yCat.1350....0G,2.917,5.381,7.337,0.014,0.016,90,,,0
MOA  2011-BLG-262b,18 00 23.480,-31 14 42.93,7,7,,,0,D,,2014ApJ...784...28K,,,,,,0,,,0
HD  45350b,06 28 45.7110,+38 57 46.666,14,14,0.022,0.021,90,A,O,2020yCat.1350....0G,21.291,-42.748,-53.736,0.025,0.019,90,,,0
K2-181b,08 30 12.9686,+10 54 37.034,14,14,0.012,0.009,90,A,O,2020yCat.1350....0G,2.779,16.936,-33.182,0.014,0.012,90,,,0
Kepler-911b,19 54 21.4047,+40 45 02.514,14,14,0.009,0.010,90,A,O,2020yCat.1350....0G,1.735,1.472,-1.499,0.012,0.013,90,,,0
Kepler-102f,18 45 55.8559,+47 12 28.845,14,14,0.009,0.010,90,A,O,2020yCat.1350....0G,9.252,-41.044,-43.267,0.013,0.013,90,,,0
CD-46 11540b,17 28 39.9455,-46 53 42.688,14,14,0.025,0.018,90,A,O,2020yCat.1350....0G,219.646,572.568,-880.583,0.040,0.027,90,,,0
CoRoT-27b,18 33 58.9993,+05 32 18.324,14,14,0.031,0.031,90,A,O,2020yCat.1350....0G,1.079,0.286,-9.865,0.037,0.033,90,,,0
CD-35 16019b,23 59 36.0711,-35 01 52.923,14,14,0.012,0.013,90,A,O,2020yCat.1350....0G,11.105,109.752,7.615,0.013,0.014,90,,,0
WASP-55b,13 35 01.9537,-17 30 12.527,14,14,0.016,0.013,90,A,O,2020yCat.1350....0G,3.419,12.037,-3.747,0.023,0.015,90,,,0
NAME LP 415-17b,04 21 52.4852,+21 21 12.937,14,14,0.014,0.008,90,A,O,2020yCat.1350....0G,13.711,200.181,-76.775,0.018,0.013,90,,,0
Kepler-1040b,18 52 27.3085,+48 07 52.933,14,14,0.009,0.010,90,A,O,2020yCat.1350....0G,2.102,-2.971,-21.629,0.012,0.013,90,,,0
Kepler-132e,18 52 56.5641,+41 20 34.997,14,14,0.042,0.045,90,A,O,2020yCat.1350....0G,2.628,-21.100,-0.781,0.055,0.061,90,,,0
Kepler-245c,19 26 33.3541,+42 26 10.779,14,14,0.022,0.024,90,A,O,2020yCat.1350....0G,1.181,3.679,4.797,0.031,0.032,90,,,0
NAME EWS 2013-BLG-102b,17 52 07.0810,-31 41 26.128,14,14,0.355,0.318,90,A,O,2018yCat.1345....0G,,-2.319,-6.286,0.678,0.529,90,,,0
Kepler-1809b,19 21 03.6748,+40 32 55.100,14,14,0.012,0.013,90,A,O,2020yCat.1350....0G,2.445,-25.686,-33.786,0.016,0.018,90,,,0
Kepler-42c,19 28 52.5688,+44 37 08.989,14,14,0.017,0.019,90,A,O,2020yCat.1350....0G,24.934,93.074,-417.393,0.024,0.025,90,,,0
Kepler-1849b,19 01 10.0654,+41 15 20.521,14,14,0.022,0.023,90,A,O,2020yCat.1350....0G,1.550,-1.625,6.305,0.032,0.031,90,,,0
Kepler-1025b,18 58 02.4449,+43 57 41.932,14,14,0.025,0.030,90,A,O,2020yCat.1350....0G,1.232,4.434,-19.768,0.033,0.036,90,,,0
TOI-712d,06 11 44.6726,-65 49 33.498,14,14,0.009,0.010,90,A,O,2020yCat.1350....0G,17.043,-2.816,30.974,0.012,0.012,90,,,0
Kepler-1141b,19 22 10.4699,+47 43 33.176,14,14,0.009,0.010,90,A,O,2020yCat.1350....0G,2.489,9.210,5.798,0.012,0.012,90,,,0
MOA  2011-BLG-133b,17 57 15.7783,-28 14 01.888,14,14,0.166,0.140,90,A,O,2018yCat.1345....0G,0.022,3.221,-6.601,0.376,0.285,90,,,0
Kepler-17b,19 53 34.8643,+47 48 54.049,14,14,0.012,0.014,90,A,O,2020yCat.1350....0G,1.411,-3.811,-6.339,0.017,0.019,90,,,0
BD+14  1881b,08 22 28.2046,+13 44 07.143,14,14,0.017,0.012,90,A,O,2020yCat.1350....0G,4.391,-25.381,-1.955,0.019,0.014,90,,,0
Kepler-1724b,19 44 28.9712,+47 55 17.293,14,14,0.017,0.016,90,A,O,2020yCat.1350....0G,0.927,2.148,0.727,0.021,0.022,90,,,0
HD 145377b,16 11 36.4464,-27 04 41.434,14,14,0.022,0.013,90,A,O,2020yCat.1350....0G,18.574,21.792,13.049,0.030,0.022,90,,,0
NAME CD-34 14724Ab,20 55 07.9443,-34 08 08.007,14,14,0.018,0.013,90,A,O,2020yCat.1350....0G,4.750,26.500,-44.971,0.021,0.018,90,,,0
Kepler-438b,18 46 34.9967,+41 57 03.934,14,14,0.089,0.092,90,A,O,2020yCat.1350....0G,5.559,-16.649,-5.614,0.115,0.111,90,,,0
Kepler-763c,19 28 34.6816,+47 09 26.406,14,14,0.022,0.025,90,A,O,2020yCat.1350....0G,1.077,7.330,5.858,0.029,0.032,90,,,0
Kepler-19b,19 21 40.9995,+37 51 06.437,14,14,0.007,0.008,90,A,O,2020yCat.1350....0G,4.530,25.349,-30.792,0.009,0.010,90,,,0
Kepler-368b,19 27 31.2119,+45 23 16.543,14,14,0.011,0.011,90,A,O,2020yCat.1350....0G,1.302,-5.210,-20.160,0.014,0.016,90,,,0
K2-221b,01 06 37.1952,+10 11 22.851,14,14,0.014,0.011,90,A,O,2020yCat.1350....0G,3.211,11.112,13.320,0.019,0.015,90,,,0
HD 204961c,21 33 33.9751,-49 00 32.399,14,14,0.018,0.014,90,A,O,2020yCat.1350....0G,201.325,-45.917,-816.875,0.023,0.018,90,,,0
TOI-931b,03 49 20.8354,-47 55 05.470,14,14,0.326,0.361,90,A,O,2020yCat.1350....0G,1.576,6.543,-0.650,0.383,0.471,90,,,0
BD+41  3306f,19 19 00.5489,+41 38 04.582,14,14,0.011,0.012,90,A,O,2020yCat.1350....0G,27.358,94.639,-632.269,0.013,0.014,90,,,0
TOI-6883.01,20 41 10.0667,+03 38 19.249,14,14,0.013,0.008,90,A,O,2020yCat.1350....0G,10.612,-56.677,-89.096,0.017,0.013,90,,,0
HD 271181b,05 19 04.3563,-71 53 44.149,14,14,0.013,0.013,90,A,O,2020yCat.1350....0G,2.450,7.363,16.304,0.014,0.017,90,,,0
Kepler-1026b,18 54 25.2633,+39 59 52.729,14,14,0.012,0.013,90,A,O,2020yCat.1350....0G,2.824,6.619,-12.034,0.016,0.016,90,,,0
HD  92987b,10 43 36.2780,-39 03 30.554,14,14,0.025,0.031,90,A,O,2020yCat.1350....0G,22.983,14.816,23.633,0.051,0.040,90,,,0
NAME EWS 2015-BLG-0954b,18 00 44.24,-28 39 39.2,6,6,,,0,D,,2017AJ....153..143M,,,,,,0,,,0
HD  73583b,08 38 45.2603,-13 15 24.092,14,14,0.011,0.009,90,A,O,2020yCat.1350....0G,31.657,-63.831,38.482,0.017,0.013,90,,,0
Kepler-637b,19 29 40.1378,+41 25 00.691,14,14,0.009,0.011,90,A,O,2020yCat.1350....0G,1.273,2.684,-4.727,0.012,0.012,90,,,0
Kepler-314b,19 38 41.7866,+42 04 32.086,14,14,0.007,0.009,90,A,O,2020yCat.1350....0G,3.727,6.838,5.613,0.010,0.012,90,,,0
Kepler-1082b,19 17 26.0875,+50 35 54.547,14,14,0.010,0.010,90,A,O,2020yCat.1350....0G,1.361,-3.573,-8.506,0.013,0.014,90,,,0
EPIC 211305568 b,08 52 29.3614,+09 57 45.836,14,14,0.014,0.008,90,A,O,2020yCat.1350....0G,11.098,-103.314,34.948,0.020,0.013,90,,,0
Kepler-27d,19 28 56.8196,+41 05 09.140,14,14,0.024,0.025,90,A,O,2020yCat.1350....0G,0.930,2.171,-0.324,0.033,0.031,90,,,0
HD 207832c,21 52 36.2807,-26 01 35.611,14,14,0.013,0.013,90,A,O,2020yCat.1350....0G,16.890,129.310,-143.132,0.016,0.015,90,,,0
NAME EWS 2017-BLG-1522b,18 01 16.65,-28 27 43.1,6,6,,,0,D,,2018AJ....155..219J,,,,,,0,,,0
Kepler-943b,18 57 05.7485,+41 32 06.088,14,14,0.023,0.022,90,A,O,2020yCat.1350....0G,0.429,-3.505,-10.132,0.030,0.029,90,,,0
Kepler-1134b,19 42 16.3194,+42 28 41.784,14,14,0.024,0.026,90,A,O,2020yCat.1350....0G,1.030,-23.966,-38.802,0.032,0.034,90,,,0
Kepler-1884b,19 46 59.1438,+43 02 43.526,14,14,0.017,0.020,90,A,O,2020yCat.1350....0G,0.672,-5.799,-0.743,0.023,0.027,90,,,0
HD 179949b,19 15 33.2300,-24 10 45.671,14,14,0.025,0.028,90,A,O,2020yCat.1350....0G,36.312,118.567,-102.364,0.030,0.022,90,,,0
Kepler-1242b,18 58 25.4933,+41 11 46.960,14,14,0.020,0.023,90,A,O,2020yCat.1350....0G,1.468,-0.879,-7.908,0.029,0.031,90,,,0
K2-350b,13 36 08.5421,-14 00 33.216,14,14,0.014,0.010,90,A,O,2020yCat.1350....0G,2.059,-18.720,-5.727,0.017,0.012,90,,,0
Kepler-1563b,19 14 17.6661,+51 28 21.973,14,14,0.165,0.173,90,A,O,2020yCat.1350....0G,0.933,-2.204,-0.126,0.226,0.207,90,,,0
K2-224b,12 38 48.9817,-10 03 38.340,14,14,0.012,0.007,90,A,O,2020yCat.1350....0G,3.621,11.859,12.986,0.017,0.014,90,,,0
HD 181720b,19 22 52.9849,-32 55 08.589,14,14,0.024,0.023,90,A,O,2020yCat.1350....0G,16.677,88.036,-415.197,0.030,0.025,90,,,0
K2-324b,10 30 29.3498,+06 51 49.306,14,14,0.025,0.031,90,A,O,2020yCat.1350....0G,7.266,-17.078,-5.348,0.037,0.040,90,,,0
K2-120b,08 48 34.3170,+17 11 26.469,10,10,67.000,64.000,90,B,O,2012yCat.1322....0Z,,-28.200,-26.200,4.200,4.300,90,,,0
HD  15082b,02 26 51.0582,+37 33 01.736,14,14,0.028,0.025,90,A,O,2020yCat.1350....0G,8.224,-0.977,-8.895,0.035,0.034,90,,,0
HAT-P-51b,01 24 15.6413,+32 48 38.780,14,14,0.012,0.012,90,A,O,2020yCat.1350....0G,2.250,-9.242,-16.771,0.015,0.016,90,,,0
HD 155193b,17 09 41.0837,+10 02 19.269,14,14,0.013,0.010,90,A,O,2020yCat.1350....0G,17.329,-67.437,-136.008,0.018,0.014,90,,,0
Kepler-430c,19 31 14.0664,+49 34 46.059,14,14,0.011,0.011,90,A,O,2020yCat.1350....0G,1.084,-1.806,-8.521,0.015,0.015,90,,,0
Kepler-29c,19 53 23.6017,+47 29 28.436,14,14,0.023,0.020,90,A,O,2020yCat.1350....0G,1.128,6.487,16.183,0.029,0.024,90,,,0
HD  50499b,06 52 02.0241,-33 54 56.019,14,14,0.012,0.014,90,A,O,2020yCat.1350....0G,21.599,-69.223,68.290,0.016,0.017,90,,,0
NAME EWS 2014-BLG-1722b,17 55 00.570,-31 28 08.62,7,7,,,0,D,,2018AJ....155..263S,,,,,,0,,,0
K2-202b,18 53 03.4243,-22 24 25.338,14,14,0.013,0.012,90,A,O,2020yCat.1350....0G,3.340,11.193,-3.919,0.017,0.014,90,,,0
Kepler-162b,19 49 06.9402,+43 43 26.431,14,14,0.013,0.015,90,A,O,2020yCat.1350....0G,1.175,-1.034,-9.123,0.019,0.017,90,,,0
Kepler-237b,18 52 53.1340,+40 25 18.517,14,14,0.018,0.020,90,A,O,2020yCat.1350....0G,1.529,-8.489,-11.257,0.024,0.026,90,,,0
Kepler-1948b,19 09 27.3725,+47 47 06.697,14,14,0.021,0.023,90,A,O,2020yCat.1350....0G,5.082,4.411,25.686,0.026,0.029,90,,,0
Kepler-1447b,19 18 34.4301,+50 43 37.468,14,14,0.016,0.015,90,A,O,2020yCat.1350....0G,1.129,-4.498,-13.635,0.023,0.020,90,,,0
BD+36  2593c,15 19 57.9203,+36 13 46.738,14,14,0.010,0.013,90,A,O,2020yCat.1350....0G,3.107,-21.513,-24.255,0.013,0.019,90,,,0
HD 205158c,21 35 40.5188,-59 41 35.513,14,14,0.025,0.025,90,A,O,2020yCat.1350....0G,11.386,-24.127,-26.981,0.028,0.035,90,,,0
Kepler-2001c,19 26 38.2785,+50 35 01.974,14,14,0.024,0.026,90,A,O,2020yCat.1350....0G,1.245,-5.614,-5.451,0.032,0.036,90,,,0
* rho01 Cnc b,08 52 35.8111,+28 19 50.954,14,14,0.030,0.020,90,A,O,2020yCat.1350....0G,79.448,-485.681,-233.517,0.040,0.037,90,,,0
Kepler-1325b,19 00 04.1324,+42 05 07.287,14,14,0.017,0.018,90,A,O,2020yCat.1350....0G,1.018,-11.723,-10.618,0.023,0.022,90,,,0
TOI-1448b,21 05 17.7909,+57 46 16.943,14,14,0.014,0.015,90,A,O,2020yCat.1350....0G,13.585,-15.617,-64.690,0.020,0.019,90,,,0
Kepler-1327b,19 16 15.5722,+50 27 39.624,14,14,0.010,0.011,90,A,O,2020yCat.1350....0G,1.449,-11.384,-20.574,0.013,0.013,90,,,0
Kepler-1024b,19 27 48.2439,+38 15 05.968,14,14,0.026,0.027,90,A,O,2020yCat.1350....0G,0.948,2.040,-3.706,0.033,0.033,90,,,0
Kepler-920b,18 57 11.2749,+49 09 31.247,14,14,0.017,0.021,90,A,O,2020yCat.1350....0G,1.043,-6.460,-18.932,0.023,0.024,90,,,0
Kepler-234c,19 26 36.8454,+38 29 40.739,14,14,0.019,0.022,90,A,O,2020yCat.1350....0G,0.547,2.719,2.254,0.026,0.029,90,,,0
* rho CrB d,16 01 02.6604,+33 18 12.639,14,14,0.033,0.043,90,A,O,2020yCat.1350....0G,57.108,-198.278,-772.245,0.043,0.053,90,,,0
CD-23   395b,01 06 02.0495,-22 27 11.350,14,14,0.014,0.012,90,A,O,2020yCat.1350....0G,19.320,203.818,-106.926,0.025,0.032,90,,,0
HD 137496c,15 26 58.0705,-16 30 31.676,14,14,0.017,0.014,90,A,O,2020yCat.1350....0G,6.422,20.854,-46.988,0.021,0.017,90,,,0
HD 168443c,18 20 03.9332,-09 35 44.614,14,14,0.028,0.030,90,A,O,2020yCat.1350....0G,25.591,-91.792,-223.979,0.036,0.030,90,,,0
Kepler-55e,19 00 40.4013,+44 01 35.369,14,14,0.023,0.024,90,A,O,2020yCat.1350....0G,1.744,-1.664,-0.364,0.034,0.033,90,,,0
* bet Cnc b,08 16 30.9209,+09 11 07.958,14,14,0.231,0.139,90,A,O,2020yCat.1350....0G,10.103,-45.679,-49.505,0.308,0.192,90,,,0
HATS-74b,11 24 03.5928,-19 33 25.665,14,14,0.033,0.026,90,A,O,2020yCat.1350....0G,3.425,-38.992,39.578,0.043,0.034,90,,,0
Kepler-873b,19 45 36.7597,+51 16 16.798,14,14,0.015,0.018,90,A,O,2020yCat.1350....0G,0.808,-4.923,-12.913,0.021,0.022,90,,,0
HD  39474b,05 49 36.4133,-54 54 38.555,14,14,0.014,0.014,90,A,O,2020yCat.1350....0G,8.914,8.032,66.633,0.018,0.019,90,,,0
HD 205158b,21 35 40.5188,-59 41 35.513,14,14,0.025,0.025,90,A,O,2020yCat.1350....0G,11.386,-24.127,-26.981,0.028,0.035,90,,,0
HD  11506b,01 52 50.5344,-19 30 25.108,14,14,0.015,0.013,90,A,O,2020yCat.1350....0G,19.534,22.039,-97.904,0.022,0.016,90,,,0
Kepler-898b,19 06 20.4941,+46 52 15.348,14,14,0.026,0.025,90,A,O,2020yCat.1350....0G,2.069,3.097,-9.877,0.036,0.032,90,,,0
Kepler-1017b,18 53 52.6406,+40 07 57.306,14,14,0.011,0.012,90,A,O,2020yCat.1350....0G,1.812,-6.610,-15.490,0.014,0.015,90,,,0
KMT-2016-BLG-1107b,17 45 40.260,-26 01 54.48,7,7,,,0,D,,2018AJ....156..226H,,,,,,0,,,0
Kepler-205b,19 01 08.9065,+41 51 40.168,14,14,0.009,0.010,90,A,O,2020yCat.1350....0G,6.266,-72.574,-51.613,0.012,0.013,90,,,0
Kepler-286d,19 22 42.2833,+48 17 39.218,14,14,0.043,0.047,90,A,O,2020yCat.1350....0G,0.795,1.024,2.033,0.062,0.065,90,,,0
BD+73   878c,19 44 58.6385,+74 03 45.855,14,14,0.009,0.011,90,A,O,2020yCat.1350....0G,15.142,18.690,27.871,0.012,0.013,90,,,0
Kepler-1038b,19 55 53.3290,+44 07 56.566,14,14,0.016,0.016,90,A,O,2020yCat.1350....0G,1.749,-9.514,-6.886,0.021,0.021,90,,,0
Kepler-1815b,20 00 40.9168,+43 59 05.837,14,14,0.020,0.021,90,A,O,2020yCat.1350....0G,1.043,-2.461,-11.627,0.028,0.027,90,,,0
Kepler-1162b,18 53 10.1064,+45 26 02.709,14,14,0.020,0.022,90,A,O,2020yCat.1350....0G,1.076,-13.516,-24.304,0.027,0.030,90,,,0
NAME G 268-38b,00 44 59.3309,-15 16 17.542,14,14,0.036,0.022,90,A,O,2020yCat.1350....0G,66.829,318.152,-596.623,0.049,0.054,90,,,0
KMT-2015-BLG-0048b,17 58 39.01,-28 01 54.1,6,6,,,0,D,,2016AJ....152...95H,,,,,,0,,,0
HD 204941b,21 32 23.5097,-20 57 26.718,14,14,0.020,0.018,90,A,O,2020yCat.1350....0G,34.883,-278.868,-124.315,0.027,0.020,90,,,0
NAME G 139-21b,17 15 18.9339,+04 57 50.066,14,14,0.046,0.038,90,A,O,2020yCat.1350....0G,68.299,580.202,-749.713,0.059,0.047,90,,,0
MOA  2016-BLG-339b,18 12 49.0702,-27 00 45.565,14,14,1.009,0.795,90,C,O,2020yCat.1350....0G,,,,,,0,,,0
Kepler-1541b,18 55 08.8788,+48 01 46.503,14,14,0.010,0.011,90,A,O,2020yCat.1350....0G,2.393,14.346,4.084,0.013,0.014,90,,,0
Kepler-445c,19 54 56.6592,+46 29 54.793,14,14,0.038,0.044,90,A,O,2020yCat.1350....0G,8.137,41.465,132.351,0.050,0.053,90,,,0
HD  40307g,05 54 04.2405,-60 01 24.493,14,14,0.016,0.017,90,A,O,2020yCat.1350....0G,77.326,-52.174,-60.059,0.023,0.025,90,,,0
Kepler-124c,19 07 00.6695,+49 03 53.578,14,14,0.012,0.013,90,A,O,2020yCat.1350....0G,2.366,-8.776,-0.928,0.015,0.016,90,,,0
CD-26  2288d,05 33 04.6005,-26 43 28.268,14,14,0.009,0.012,90,A,O,2020yCat.1350....0G,30.652,16.886,150.779,0.012,0.015,90,,,0
Kepler-340b,19 43 44.0327,+40 18 02.006,14,14,0.011,0.012,90,A,O,2020yCat.1350....0G,1.159,0.182,-1.348,0.014,0.015,90,,,0
Kepler-1032b,19 19 43.4040,+40 05 51.840,14,14,0.062,0.074,90,A,O,2018yCat.1345....0G,1.462,4.934,-5.215,0.128,0.126,90,,,0
HD 219134f,23 13 16.9749,+57 10 06.083,14,14,0.037,0.036,90,A,O,2020yCat.1350....0G,152.864,2074.414,294.452,0.050,0.043,90,,,0
Kepler-317c,19 39 46.5310,+39 01 55.414,14,14,0.019,0.022,90,A,O,2020yCat.1350....0G,1.050,0.495,-2.256,0.026,0.027,90,,,0
HD 210702b,22 11 51.3309,+16 02 25.997,14,14,0.042,0.031,90,A,O,2020yCat.1350....0G,18.459,-3.263,-17.296,0.045,0.036,90,,,0
Kepler-1520b,19 23 51.8899,+51 30 16.983,14,14,0.024,0.023,90,A,O,2020yCat.1350....0G,1.703,0.312,11.156,0.036,0.030,90,,,0
HD 126525b,14 27 32.9719,-51 55 59.106,14,14,0.018,0.024,90,A,O,2020yCat.1350....0G,26.483,-305.256,40.306,0.025,0.038,90,,,0
Kepler-293b,19 05 25.9355,+42 24 23.374,14,14,0.018,0.020,90,A,O,2020yCat.1350....0G,1.018,-0.633,-0.274,0.023,0.026,90,,,0
BD-21   397b,02 13 12.1646,-21 11 47.236,14,14,0.010,0.012,90,A,O,2020yCat.1350....0G,42.123,375.454,55.718,0.014,0.015,90,,,0
Kepler-1363b,19 47 59.1726,+49 15 23.110,14,14,0.017,0.019,90,A,O,2020yCat.1350....0G,1.814,-9.942,-22.520,0.025,0.026,90,,,0
Kepler-247d,19 14 34.2067,+43 02 21.497,14,14,0.018,0.022,90,A,O,2020yCat.1350....0G,1.494,5.556,16.750,0.024,0.030,90,,,0
WASP-11b,03 09 28.5433,+30 40 24.862,14,14,0.054,0.043,90,A,O,2020yCat.1350....0G,7.700,3.334,-44.433,0.068,0.053,90,,,0
BD+38  5036b,23 36 57.8896,+39 38 21.888,14,14,0.010,0.008,90,A,O,2020yCat.1350....0G,6.442,-67.564,-31.180,0.015,0.011,90,,,0
Kepler-768b,19 36 27.7599,+38 23 36.425,14,14,0.020,0.023,90,A,O,2020yCat.1350....0G,1.283,3.500,-3.160,0.028,0.030,90,,,0
HAT-P-44b,14 12 34.5714,+47 00 53.044,14,14,0.010,0.012,90,A,O,2020yCat.1350....0G,2.870,-29.621,11.127,0.012,0.015,90,,,0
Kepler-814b,18 59 38.5240,+48 25 53.825,14,14,0.016,0.017,90,A,O,2020yCat.1350....0G,0.510,1.349,-6.640,0.020,0.021,90,,,0
Kepler-1799b,19 13 14.0899,+51 28 41.969,14,14,0.023,0.027,90,A,O,2020yCat.1350....0G,0.440,-1.260,2.306,0.032,0.036,90,,,0
K2-413b,23 33 40.2236,-07 36 42.954,14,14,0.025,0.021,90,A,O,2020yCat.1350....0G,3.373,-7.266,-22.147,0.031,0.027,90,,,0
Kepler-506b,18 58 32.4434,+40 43 11.424,14,14,0.009,0.010,90,A,O,2020yCat.1350....0G,4.332,1.319,-2.434,0.012,0.013,90,,,0
Kepler-84b,19 53 00.4851,+40 29 45.947,14,14,0.551,0.680,90,A,O,2018yCat.1345....0G,0.693,-0.150,-2.872,1.266,1.233,90,,,0
Kepler-1161b,19 56 18.5073,+45 26 26.280,14,14,0.024,0.027,90,A,O,2020yCat.1350....0G,1.776,-8.422,-17.457,0.034,0.034,90,,,0
TOI-561e,09 52 44.5491,+06 12 58.920,14,14,0.019,0.021,90,A,O,2020yCat.1350....0G,11.834,-108.504,-61.279,0.022,0.019,90,,,0
K2-149b,00 39 17.2529,+07 16 37.537,14,14,0.017,0.009,90,A,O,2020yCat.1350....0G,8.070,-31.166,-23.175,0.021,0.017,90,,,0
Kepler-255b,19 44 15.4216,+45 58 36.604,14,14,0.020,0.022,90,A,O,2020yCat.1350....0G,0.949,2.123,-16.245,0.026,0.026,90,,,0
Kepler-1978b,19 04 01.6133,+38 00 34.272,14,14,0.017,0.020,90,A,O,2020yCat.1350....0G,1.149,1.624,4.791,0.022,0.025,90,,,0
TOI-1470c,00 40 21.2900,+61 12 49.056,14,14,0.009,0.010,90,A,O,2020yCat.1350....0G,19.328,48.576,-55.734,0.013,0.013,90,,,0
HAT-P-46c,18 01 46.6085,-02 58 15.458,14,14,0.014,0.013,90,A,O,2020yCat.1350....0G,3.325,-4.437,-4.515,0.019,0.016,90,,,0
Kepler-1497b,19 44 47.0759,+45 38 03.580,14,14,0.104,0.115,90,A,O,2020yCat.1350....0G,0.310,0.813,-3.648,0.129,0.139,90,,,0
Kepler-249d,19 47 56.4240,+43 39 30.701,14,14,0.019,0.020,90,A,O,2020yCat.1350....0G,5.232,33.568,17.642,0.027,0.024,90,,,0
Kepler-1071b,19 32 13.9188,+45 14 55.638,14,14,0.025,0.027,90,A,O,2020yCat.1350....0G,1.001,-2.578,-9.606,0.037,0.037,90,,,0
NAME G 261-1b,19 09 09.7936,+74 10 20.222,14,14,0.016,0.014,90,A,O,2020yCat.1350....0G,24.164,81.959,462.708,0.020,0.017,90,,,0
Kepler-869b,19 17 41.9010,+50 59 38.791,14,14,0.019,0.019,90,A,O,2020yCat.1350....0G,1.010,1.119,2.560,0.024,0.026,90,,,0
Kepler-910b,19 44 11.3667,+42 44 34.765,14,14,0.010,0.012,90,A,O,2020yCat.1350....0G,2.491,-11.525,-11.369,0.014,0.016,90,,,0
NAME G 234-45b,08 41 20.1286,+59 29 50.444,14,14,0.021,0.022,90,A,O,2020yCat.1350....0G,105.293,-260.276,-1279.562,0.023,0.026,90,,,0
Kepler-1646b,19 10 06.3359,+42 54 46.406,14,14,0.020,0.022,90,A,O,2020yCat.1350....0G,7.807,14.689,10.432,0.026,0.030,90,,,0
* tau Cet e,01 44 04.0831,-15 56 14.927,14,14,0.119,0.083,90,A,O,2020yCat.1350....0G,273.810,-1721.728,854.963,0.181,0.088,90,,,0
TOI-969b,07 40 32.8397,+02 05 56.124,14,14,0.020,0.016,90,A,O,2020yCat.1350....0G,12.849,-34.040,-77.949,0.025,0.018,90,,,0
Kepler-1859b,19 35 57.2885,+46 43 04.974,14,14,0.017,0.019,90,A,O,2020yCat.1350....0G,0.750,-4.351,-11.348,0.023,0.023,90,,,0
Kepler-291b,19 11 39.9172,+42 26 14.273,14,14,0.026,0.026,90,A,O,2020yCat.1350....0G,0.541,-3.268,-7.359,0.038,0.038,90,,,0
HD  38677d,05 47 06.2666,-10 37 48.827,14,14,0.017,0.016,90,A,O,2020yCat.1350....0G,15.975,2.852,-21.331,0.022,0.020,90,,,0
HATS-32b,23 04 18.0222,-21 16 18.949,14,14,0.016,0.015,90,A,O,2020yCat.1350....0G,1.287,-1.433,-20.079,0.020,0.017,90,,,0
Kepler-1487c,19 41 59.5458,+38 38 40.227,14,14,0.010,0.011,90,A,O,2020yCat.1350....0G,0.969,-6.179,-13.426,0.013,0.014,90,,,0
HD 358155Ab,21 01 54.4800,-13 25 59.710,10,10,37.000,45.000,90,B,O,2012yCat.1322....0Z,,38.600,-24.800,2.200,2.600,90,,,0
Kepler-1570b,19 59 26.8426,+45 49 38.535,14,14,0.010,0.012,90,A,O,2020yCat.1350....0G,1.061,-9.734,12.110,0.014,0.015,90,,,0
Kepler-396b,19 44 31.8711,+48 58 38.563,14,14,0.012,0.017,90,A,O,2020yCat.1350....0G,4.407,2.602,-16.081,0.014,0.017,90,,,0
TOI-3688b,02 37 07.7271,+54 51 04.551,14,14,0.006,0.009,90,A,O,2020yCat.1350....0G,2.512,18.777,-11.398,0.009,0.013,90,,,0
K2-186b,09 01 20.3949,+18 49 31.563,14,14,0.013,0.010,90,A,O,2020yCat.1350....0G,2.917,15.324,-33.992,0.015,0.013,90,,,0
Kepler-263b,19 29 52.7449,+37 34 04.051,14,14,0.017,0.022,90,A,O,2020yCat.1350....0G,1.342,5.818,0.440,0.025,0.031,90,,,0
MOA  2012-BLG-527b,18 08 04.62,-29 43 53.7,6,6,230.000,230.000,90,C,O,2019ApJS..244...29M,,,,,,0,,,0
Kepler-453b,18 52 57.9087,+46 22 42.553,14,14,0.010,0.010,90,A,O,2020yCat.1350....0G,2.252,7.309,-4.159,0.013,0.012,90,,,0
HD  23472c,03 41 50.3987,-62 46 01.477,14,14,0.012,0.013,90,A,O,2020yCat.1350....0G,25.582,-102.393,-44.066,0.017,0.017,90,,,0
Kepler-279b,19 09 33.9051,+42 11 41.357,14,14,0.010,0.011,90,A,O,2020yCat.1350....0G,0.927,4.046,0.126,0.013,0.014,90,,,0
Kepler-272b,19 56 30.6090,+47 35 37.816,14,14,0.014,0.015,90,A,O,2020yCat.1350....0G,1.092,-1.902,-1.371,0.020,0.022,90,,,0
Kepler-1473b,19 22 32.7842,+48 59 46.249,14,14,0.009,0.010,90,A,O,2020yCat.1350....0G,1.501,-13.186,-7.217,0.012,0.011,90,,,0
HD  38529c,05 46 34.9131,+01 10 05.502,14,14,0.034,0.034,90,A,O,2020yCat.1350....0G,23.571,-77.806,-141.363,0.041,0.038,90,,,0
K2-58c,22 15 17.2365,-14 02 59.313,14,14,0.015,0.015,90,A,O,2020yCat.1350....0G,5.493,4.679,-11.111,0.019,0.016,90,,,0
TOI-1244.01,17 05 07.2603,+69 31 09.766,14,14,0.011,0.011,90,A,O,2020yCat.1350....0G,9.737,-56.272,-66.578,0.013,0.016,90,,,0
HD 175607b,19 01 05.4891,-66 11 33.640,14,14,0.008,0.014,90,A,O,2020yCat.1350....0G,24.741,133.009,-385.548,0.011,0.015,90,,,0
NAME V1828 Aql b,20 20 00.4587,+04 37 56.517,14,14,0.026,0.016,90,A,O,2020yCat.1350....0G,1.329,8.026,1.257,0.037,0.029,90,,,0
Kepler-454d,19 09 54.8465,+38 13 43.922,14,14,0.009,0.010,90,A,O,2020yCat.1350....0G,4.280,21.918,48.253,0.012,0.014,90,,,0
TOI-3819b,08 07 27.1889,+29 23 19.472,14,14,0.013,0.011,90,A,O,2020yCat.1350....0G,1.805,-6.144,-22.673,0.015,0.012,90,,,0
Kepler-306d,19 14 09.2870,+40 36 58.113,14,14,0.020,0.024,90,A,O,2020yCat.1350....0G,1.272,3.261,-20.458,0.026,0.031,90,,,0
NAME EWS 2012-BLG-406b,17 53 18.1720,-30 28 16.194,14,14,0.173,0.146,90,A,O,2020yCat.1350....0G,,-3.282,-0.059,0.213,0.157,90,,,0
Kepler-28c,19 28 32.8904,+42 25 45.959,14,14,0.016,0.018,90,A,O,2020yCat.1350....0G,2.254,-0.463,11.691,0.021,0.021,90,,,0
NAME V672 Lyr b,19 04 09.8515,+36 37 57.446,14,14,0.009,0.010,90,A,O,2020yCat.1350....0G,6.265,-32.168,-20.463,0.012,0.013,90,,,0
Kepler-1165c,19 07 53.0985,+44 42 29.795,14,14,0.012,0.014,90,A,O,2020yCat.1350....0G,0.630,-2.594,-2.196,0.016,0.018,90,,,0
Kepler-436c,20 06 52.9789,+44 24 43.483,14,14,0.026,0.026,90,A,O,2020yCat.1350....0G,1.711,5.300,1.575,0.035,0.035,90,,,0
BD+47  1863b,11 22 05.7526,+46 54 30.179,14,14,0.007,0.009,90,A,O,2020yCat.1350....0G,39.319,-197.487,-134.777,0.010,0.009,90,,,0
BD+02  2098b,08 55 07.6217,+01 32 47.415,14,14,0.014,0.008,90,A,O,2020yCat.1350....0G,48.740,44.944,-1045.876,0.020,0.013,90,,,0
Kepler-1034b,19 04 27.6908,+37 58 01.158,14,14,0.015,0.017,90,A,O,2020yCat.1350....0G,1.511,5.645,-9.774,0.020,0.021,90,,,0
HD  23127b,03 39 23.6377,-60 04 40.237,14,14,0.013,0.012,90,A,O,2020yCat.1350....0G,10.690,73.769,142.792,0.017,0.017,90,,,0
Kepler-404c,19 05 35.6671,+45 20 36.742,14,14,0.017,0.020,90,A,O,2020yCat.1350....0G,1.187,-5.462,-3.626,0.022,0.025,90,,,0
Kepler-315b,19 52 05.5414,+43 21 48.634,14,14,0.018,0.018,90,A,O,2020yCat.1350....0G,0.874,1.238,-7.776,0.023,0.023,90,,,0
Kepler-1871b,19 29 42.6026,+38 28 22.469,14,14,0.013,0.015,90,A,O,2020yCat.1350....0G,1.212,-1.216,-5.962,0.018,0.019,90,,,0
HD 114613b,13 12 03.1842,-37 48 10.879,14,14,0.090,0.076,90,A,O,2020yCat.1350....0G,48.869,-382.409,46.147,0.106,0.093,90,,,0
Kepler-548b,19 59 37.4206,+45 26 22.831,14,14,0.016,0.018,90,A,O,2020yCat.1350....0G,1.300,-0.441,-15.121,0.021,0.021,90,,,0
Kepler-219d,19 14 57.3495,+46 45 45.290,14,14,0.011,0.011,90,A,O,2020yCat.1350....0G,1.258,-1.307,2.816,0.015,0.016,90,,,0
Kepler-1876b,19 56 38.5144,+41 08 37.428,14,14,0.008,0.010,90,A,O,2020yCat.1350....0G,3.853,1.581,15.362,0.010,0.013,90,,,0
HD 149782b,16 39 12.4661,-47 18 36.757,14,14,0.015,0.010,90,A,O,2020yCat.1350....0G,14.160,15.039,-119.648,0.020,0.014,90,,,0
HD  96167b,11 05 15.0688,-10 17 28.699,14,14,0.025,0.019,90,A,O,2020yCat.1350....0G,11.728,-50.532,-9.197,0.031,0.022,90,,,0
K2-263b,08 38 43.7696,+15 40 50.247,14,14,0.017,0.013,90,A,O,2020yCat.1350....0G,6.133,-55.459,-4.698,0.020,0.016,90,,,0
TOI-2669b,08 58 53.4148,-13 18 45.114,14,14,0.012,0.010,90,A,O,2020yCat.1350....0G,2.520,18.720,-11.021,0.013,0.012,90,,,0
Kepler-1894c,19 42 20.7547,+49 40 00.608,14,14,0.020,0.023,90,A,O,2020yCat.1350....0G,1.080,-2.635,3.888,0.028,0.034,90,,,0
Kepler-261b,19 25 27.5414,+37 36 33.031,14,14,0.009,0.011,90,A,O,2020yCat.1350....0G,3.146,-4.176,14.765,0.012,0.013,90,,,0
HD 220842b,23 26 36.9885,+56 53 11.491,14,14,0.014,0.014,90,A,O,2020yCat.1350....0G,15.399,-89.182,143.073,0.017,0.017,90,,,0
K2-219d,00 51 22.8636,+08 52 03.502,14,14,0.015,0.010,90,A,O,2020yCat.1350....0G,3.054,7.132,-21.445,0.023,0.015,90,,,0
Kepler-755b,19 47 26.6455,+41 05 50.633,14,14,0.010,0.012,90,A,O,2020yCat.1350....0G,2.466,-15.449,-18.684,0.014,0.016,90,,,0
Kepler-321b,19 37 48.8858,+44 08 44.796,14,14,0.008,0.010,90,A,O,2020yCat.1350....0G,2.557,1.364,-3.296,0.011,0.014,90,,,0
HD  38529b,05 46 34.9131,+01 10 05.502,14,14,0.034,0.034,90,A,O,2020yCat.1350....0G,23.571,-77.806,-141.363,0.041,0.038,90,,,0
Kepler-90i,18 57 44.0383,+49 18 18.496,14,14,0.010,0.011,90,A,O,2020yCat.1350....0G,1.169,-4.350,-3.256,0.012,0.014,90,,,0
Kepler-1801c,19 40 39.3568,+39 12 05.075,14,14,0.015,0.016,90,A,O,2020yCat.1350....0G,1.161,4.066,-1.743,0.020,0.021,90,,,0
NAME NGC 2682 YBP 1194b,08 51 00.8052,+11 48 52.795,14,14,0.020,0.011,90,A,O,2020yCat.1350....0G,1.130,-10.813,-2.732,0.024,0.019,90,,,0
Kepler-326c,19 37 18.1337,+46 00 08.063,14,14,0.037,0.037,90,A,O,2020yCat.1350....0G,2.091,5.214,5.762,0.053,0.050,90,,,0
Kepler-758e,19 32 20.3082,+41 08 07.560,14,14,0.013,0.014,90,A,O,2020yCat.1350....0G,0.659,-1.071,-6.662,0.017,0.018,90,,,0
Kepler-304c,19 37 46.0342,+40 33 27.199,14,14,0.015,0.018,90,A,O,2020yCat.1350....0G,2.250,-1.123,-3.377,0.020,0.021,90,,,0
WASP-11c,03 09 28.5433,+30 40 24.862,14,14,0.054,0.043,90,A,O,2020yCat.1350....0G,7.700,3.334,-44.433,0.068,0.053,90,,,0
HD  38801b,05 47 59.1754,-08 19 39.720,14,14,0.016,0.015,90,A,O,2020yCat.1350....0G,11.029,-57.539,-75.556,0.021,0.019,90,,,0
K2-365b,15 55 16.7416,-21 01 36.766,14,14,0.020,0.013,90,A,O,2020yCat.1350....0G,5.333,-11.018,-20.774,0.026,0.017,90,,,0
K2-182b,08 40 43.2795,+10 58 58.599,14,14,0.025,0.012,90,A,O,2020yCat.1350....0G,6.471,-65.130,1.544,0.029,0.022,90,,,0
Kepler-1614b,18 59 29.1271,+49 46 33.185,14,14,0.025,0.027,90,A,O,2020yCat.1350....0G,0.827,3.935,0.407,0.036,0.035,90,,,0
Kepler-713b,19 42 36.3537,+43 01 47.323,14,14,0.019,0.020,90,A,O,2020yCat.1350....0G,0.927,-15.621,-7.908,0.029,0.028,90,,,0
HATS-67b,12 00 50.1182,-46 08 11.125,14,14,0.010,0.009,90,A,O,2020yCat.1350....0G,1.058,-6.055,0.866,0.013,0.012,90,,,0
K2-271b,08 20 53.7289,+16 05 27.400,14,14,0.016,0.010,90,A,O,2020yCat.1350....0G,1.841,9.805,-34.568,0.017,0.013,90,,,0
Kepler-407b,19 04 08.7180,+49 36 52.219,14,14,0.009,0.009,90,A,O,2020yCat.1350....0G,2.932,-3.428,-0.642,0.012,0.011,90,,,0
TOI-1909b,06 26 58.7140,-46 49 17.227,14,14,0.009,0.009,90,A,O,2020yCat.1350....0G,3.337,0.144,20.555,0.013,0.011,90,,,0
WASP-164b,22 59 29.6188,-60 26 52.113,14,14,0.008,0.010,90,A,O,2020yCat.1350....0G,3.066,20.179,-2.346,0.010,0.012,90,,,0
K2-409b,15 13 49.2034,-16 21 04.460,14,14,0.013,0.011,90,A,O,2020yCat.1350....0G,2.373,21.850,-13.341,0.016,0.013,90,,,0
HD 204313d,21 28 12.2060,-21 43 34.518,14,14,0.025,0.018,90,A,O,2020yCat.1350....0G,20.770,42.751,-270.443,0.039,0.025,90,,,0
Kepler-968c,19 02 24.6290,+50 06 43.313,14,14,0.013,0.014,90,A,O,2020yCat.1350....0G,3.453,-4.755,1.993,0.017,0.018,90,,,0
BD+10  1799e,08 26 27.8490,+10 04 49.334,14,14,0.018,0.012,90,A,O,2020yCat.1350....0G,9.436,-48.002,0.062,0.020,0.015,90,,,0
HD  33142c,05 07 35.5413,-13 59 11.336,14,14,0.013,0.013,90,A,O,2020yCat.1350....0G,8.272,-7.488,33.693,0.018,0.016,90,,,0
HATS-65b,19 31 45.5517,-26 44 24.724,14,14,0.012,0.012,90,A,O,2020yCat.1350....0G,2.019,-3.394,-0.230,0.014,0.012,90,,,0
Kepler-549c,18 52 05.4816,+47 15 40.215,14,14,0.014,0.015,90,A,O,2020yCat.1350....0G,1.565,1.996,-6.503,0.018,0.018,90,,,0
Kepler-1116b,19 27 44.0727,+44 06 55.905,14,14,0.017,0.020,90,A,O,2020yCat.1350....0G,0.997,3.502,-6.990,0.024,0.026,90,,,0
Kepler-1314b,19 36 57.0948,+45 11 50.268,14,14,0.090,0.101,90,A,O,2020yCat.1350....0G,7.008,-87.540,-109.037,0.117,0.114,90,,,0
Kepler-296d,19 06 09.6025,+49 26 14.396,14,14,0.509,0.558,90,A,O,2020yCat.1350....0G,4.554,2.635,-16.375,0.682,0.839,90,,,0
Kepler-991b,19 48 21.7557,+49 37 35.602,14,14,0.019,0.019,90,A,O,2020yCat.1350....0G,2.532,-14.265,-16.123,0.026,0.026,90,,,0
HD 190622b,20 08 27.3988,-54 19 02.756,14,14,0.012,0.011,90,A,O,2020yCat.1350....0G,11.230,1.640,-16.055,0.016,0.015,90,,,0
HD  42176b,06 10 39.3452,+30 57 25.713,14,14,0.019,0.015,90,A,O,2020yCat.1350....0G,7.433,16.726,-2.155,0.023,0.017,90,,,0
Kepler-1853b,18 58 59.4925,+46 22 24.824,14,14,0.018,0.018,90,A,O,2020yCat.1350....0G,1.755,-0.330,-4.862,0.023,0.023,90,,,0
Kepler-827b,19 39 51.8451,+42 42 30.832,14,14,0.026,0.028,90,A,O,2020yCat.1350....0G,0.431,-3.207,-0.879,0.035,0.040,90,,,0
Kepler-259b,19 12 50.8632,+46 36 54.066,14,14,0.018,0.021,90,A,O,2020yCat.1350....0G,0.988,6.421,6.436,0.023,0.025,90,,,0
TOI-2202c,03 24 54.8617,-73 57 27.263,14,14,0.018,0.017,90,A,O,2020yCat.1350....0G,4.226,-10.852,6.352,0.029,0.028,90,,,0
K2-203b,00 51 05.6972,-01 11 45.190,14,14,0.017,0.009,90,A,O,2020yCat.1350....0G,5.915,-11.103,0.450,0.021,0.020,90,,,0
Kepler-603c,19 37 07.4366,+42 17 27.394,14,14,0.030,0.032,90,A,O,2020yCat.1350....0G,0.545,-3.127,-3.085,0.039,0.039,90,,,0
HD  11755b,01 58 50.0870,+73 09 08.584,14,14,0.014,0.015,90,A,O,2020yCat.1350....0G,4.297,-57.890,-57.458,0.018,0.021,90,,,0
Kepler-1535b,19 06 27.2871,+38 53 31.020,14,14,0.011,0.013,90,A,O,2020yCat.1350....0G,1.148,-2.039,0.160,0.016,0.015,90,,,0
WASP-183b,10 55 09.3534,-00 44 13.812,14,14,0.015,0.015,90,A,O,2020yCat.1350....0G,3.123,-28.063,24.135,0.019,0.021,90,,,0
Kepler-1222b,19 39 33.5081,+49 22 47.150,14,14,0.012,0.014,90,A,O,2020yCat.1350....0G,2.410,-0.165,13.370,0.018,0.019,90,,,0
HD 206893c,21 45 21.9052,-12 47 00.060,14,14,0.027,0.023,90,A,O,2020yCat.1350....0G,24.527,94.112,-0.463,0.035,0.026,90,,,0
Kepler-769c,19 30 51.1448,+38 21 29.513,14,14,0.014,0.016,90,A,O,2020yCat.1350....0G,0.851,-1.994,-6.883,0.019,0.020,90,,,0
Kepler-1241b,19 38 18.2967,+38 27 25.187,14,14,0.019,0.022,90,A,O,2020yCat.1350....0G,1.049,-6.005,-8.751,0.026,0.027,90,,,0
Kepler-1117b,19 28 20.3498,+49 14 14.855,14,14,0.013,0.012,90,A,O,2020yCat.1350....0G,1.725,-0.690,-9.096,0.018,0.016,90,,,0
Kepler-1418b,18 51 59.4020,+41 40 42.919,14,14,0.271,0.232,90,A,O,2020yCat.1350....0G,1.855,4.832,0.293,0.365,0.304,90,,,0
Kepler-1140b,18 46 46.5602,+46 56 47.292,14,14,0.020,0.022,90,A,O,2020yCat.1350....0G,1.498,8.206,11.799,0.029,0.029,90,,,0
Kepler-1583b,19 05 32.8603,+47 00 59.848,14,14,0.010,0.011,90,A,O,2020yCat.1350....0G,2.456,2.424,-24.562,0.015,0.015,90,,,0
NGC  4349   127b,12 24 35.4709,-61 49 11.861,14,14,0.010,0.010,90,A,O,2020yCat.1350....0G,0.535,-7.848,-0.207,0.012,0.013,90,,,0
Kepler-144c,18 47 39.7572,+42 46 31.843,14,14,0.009,0.009,90,A,O,2020yCat.1350....0G,2.522,-7.192,9.593,0.011,0.012,90,,,0
Kepler-399d,19 58 00.4156,+40 40 14.889,14,14,0.074,0.079,90,A,O,2020yCat.1350....0G,1.106,-1.345,-8.267,0.098,0.104,90,,,0
Kepler-53b,19 21 50.8278,+40 33 44.887,14,14,0.021,0.021,90,A,O,2020yCat.1350....0G,0.699,1.782,6.493,0.029,0.029,90,,,0
HD 136418b,15 19 06.1820,+41 43 59.542,14,14,0.013,0.014,90,A,O,2020yCat.1350....0G,9.525,-19.906,-181.888,0.016,0.020,90,,,0
Kepler-726b,19 26 52.1550,+44 53 14.337,14,14,0.017,0.019,90,A,O,2020yCat.1350....0G,1.331,-5.815,7.139,0.024,0.023,90,,,0
HATS-64b,09 37 09.0300,-29 48 01.576,14,14,0.010,0.010,90,A,O,2020yCat.1350....0G,0.924,-3.233,-1.374,0.014,0.011,90,,,0
Kepler-54d,19 39 05.7418,+43 03 22.599,14,14,0.022,0.027,90,A,O,2020yCat.1350....0G,3.710,0.045,-18.609,0.029,0.033,90,,,0
Kepler-232c,19 43 15.8784,+51 07 18.195,14,14,0.021,0.020,90,A,O,2020yCat.1350....0G,0.727,0.943,0.921,0.027,0.025,90,,,0
Kepler-258c,19 36 16.4359,+46 34 45.350,14,14,0.016,0.019,90,A,O,2020yCat.1350....0G,1.740,-11.409,-29.827,0.022,0.021,90,,,0
Kepler-254c,19 12 39.5241,+45 48 59.394,14,14,0.025,0.028,90,A,O,2020yCat.1350....0G,0.741,-4.793,-16.918,0.033,0.035,90,,,0
Kepler-1825b,19 30 03.3535,+42 39 06.331,14,14,0.012,0.013,90,A,O,2020yCat.1350....0G,2.326,15.622,-0.786,0.016,0.017,90,,,0
Kepler-1729b,19 46 46.5517,+42 37 33.948,14,14,0.022,0.023,90,A,O,2020yCat.1350....0G,1.706,-3.876,4.129,0.029,0.029,90,,,0
Kepler-97c,19 09 18.3874,+48 40 24.368,14,14,0.014,0.015,90,A,O,2020yCat.1350....0G,2.502,-13.041,-21.239,0.018,0.020,90,,,0
HD 147506b,16 20 36.3576,+41 02 53.106,14,14,0.009,0.012,90,A,O,2020yCat.1350....0G,7.781,-10.078,-29.057,0.012,0.015,90,,,0
Kepler-1364b,19 40 36.5098,+49 35 15.485,14,14,0.105,0.117,90,A,O,2020yCat.1350....0G,0.975,0.572,-3.159,0.183,0.183,90,,,0
HD  33512b,05 09 02.4466,-36 27 52.415,14,14,0.009,0.011,90,A,O,2020yCat.1350....0G,7.995,-7.148,19.055,0.012,0.015,90,,,0
Kepler-1079b,19 58 11.8834,+45 46 11.066,10,10,39.000,30.000,90,B,O,2012yCat.1322....0Z,,2.000,-5.500,6.800,6.500,90,,,0
BD+39  2643b,13 25 07.9957,+38 55 20.944,14,14,0.007,0.008,90,A,O,2020yCat.1350....0G,23.480,-124.608,-27.300,0.008,0.009,90,,,0
MOA  2013-BLG-618b,17 52 30.370,-30 17 33.70,7,7,,,0,D,,,,,,,,0,,,0
Kepler-40b,19 47 15.2874,+47 31 35.665,14,14,0.015,0.015,90,A,O,2020yCat.1350....0G,0.455,-1.469,-6.768,0.022,0.020,90,,,0
Kepler-1581b,19 09 29.1033,+39 36 12.897,14,14,0.009,0.010,90,A,O,2020yCat.1350....0G,2.006,10.006,9.212,0.012,0.012,90,,,0
CoRoT-19b,06 28 08.0586,-00 10 14.532,14,14,0.015,0.017,90,A,O,2020yCat.1350....0G,1.190,4.750,-5.978,0.018,0.017,90,,,0
BD+60  1538b,14 26 05.7571,+59 26 39.289,14,14,0.011,0.011,90,A,O,2020yCat.1350....0G,3.161,-19.270,6.124,0.015,0.014,90,,,0
CD-47  2804e,07 06 13.9752,-47 35 13.872,14,14,0.010,0.009,90,A,O,2020yCat.1350....0G,21.093,135.928,-146.058,0.014,0.012,90,,,0
Kepler-625c,19 28 36.1086,+39 38 15.223,14,14,0.009,0.011,90,A,O,2020yCat.1350....0G,1.302,3.491,-8.519,0.011,0.013,90,,,0
CD-54   269b,01 14 34.1965,-53 56 31.610,14,14,0.011,0.011,90,A,O,2020yCat.1350....0G,60.098,103.454,310.993,0.014,0.015,90,,,0
Kepler-723b,18 59 19.3138,+44 39 29.330,14,14,0.075,0.084,90,A,O,2020yCat.1350....0G,0.756,-5.157,-12.616,0.096,0.113,90,,,0
Kepler-925b,19 20 25.5741,+40 29 26.309,14,14,0.024,0.026,90,A,O,2020yCat.1350....0G,1.619,-0.134,-4.056,0.030,0.030,90,,,0
CD-50   777b,02 39 35.4433,-50 00 28.879,14,14,0.009,0.010,90,A,O,2020yCat.1350....0G,6.244,-1.770,-39.806,0.011,0.012,90,,,0
Kepler-1977b,19 22 28.3045,+37 17 20.699,14,14,0.020,0.024,90,A,O,2020yCat.1350....0G,1.690,-14.185,3.963,0.026,0.029,90,,,0
HD  27631b,04 19 45.4692,-41 57 36.952,14,14,0.014,0.014,90,A,O,2020yCat.1350....0G,19.926,-41.139,-91.908,0.018,0.018,90,,,0
HD 222582b,23 41 51.5300,-05 59 08.729,14,14,0.022,0.018,90,A,O,2020yCat.1350....0G,23.796,-145.492,-111.458,0.029,0.021,90,,,0
* e Eri d,03 19 55.6509,-43 04 11.215,14,14,0.064,0.065,90,A,O,2020yCat.1350....0G,165.524,3035.017,726.964,0.081,0.101,90,,,0
Kepler-450c,19 41 56.7727,+51 00 48.582,14,14,0.014,0.015,90,A,O,2020yCat.1350....0G,2.076,4.210,6.644,0.018,0.021,90,,,0
* 109 Psc b,01 44 55.8255,+20 04 59.336,14,14,0.029,0.026,90,A,O,2020yCat.1350....0G,30.154,-43.357,-104.936,0.042,0.034,90,,,0
TOI-2136.01,18 44 42.3658,+36 33 44.530,14,14,0.014,0.016,90,A,O,2020yCat.1350....0G,29.976,-33.809,177.053,0.017,0.020,90,,,0
Kepler-150f,19 12 56.1835,+40 31 15.208,14,14,0.016,0.018,90,A,O,2020yCat.1350....0G,1.103,0.787,1.346,0.022,0.022,90,,,0
Kepler-1664b,19 07 24.6494,+49 15 42.056,10,10,24.000,18.000,90,B,O,2012yCat.1322....0Z,,-5.600,-1.000,2.100,2.400,90,,,0
HATS-54b,13 22 32.3724,-44 41 19.698,14,14,0.015,0.015,90,A,O,2020yCat.1350....0G,1.363,-3.499,-7.955,0.018,0.017,90,,,0
Kepler-1284b,19 25 06.9568,+47 41 15.590,14,14,0.023,0.023,90,A,O,2020yCat.1350....0G,1.135,-4.969,-20.324,0.030,0.033,90,,,0
Kepler-154b,19 19 07.3336,+49 53 47.550,14,14,0.014,0.015,90,A,O,2020yCat.1350....0G,1.069,-2.610,4.754,0.019,0.018,90,,,0
MOA  2012-BLG-6b,18 01 46.31,-29 06 31.6,6,6,,,0,D,,2016ApJ...833..145S,,,,,,0,,,0
Kepler-126d,19 17 23.3505,+44 12 30.709,14,14,0.011,0.013,90,A,O,2020yCat.1350....0G,4.326,11.553,-19.958,0.015,0.015,90,,,0
K2-314d,15 12 59.5618,-16 43 28.198,14,14,0.015,0.013,90,A,O,2020yCat.1350....0G,3.095,13.562,-34.322,0.020,0.017,90,,,0
Kepler-553c,19 54 12.2069,+48 19 56.700,14,14,0.017,0.018,90,A,O,2020yCat.1350....0G,1.341,4.607,28.720,0.023,0.024,90,,,0
MOA  2007-BLG-308b,17 56 25.96,-32 14 14.7,6,6,,,0,D,,2011Natur.473..349S,,,,,,0,,,0
HD 118203b,13 34 02.5393,+53 43 42.698,14,14,0.014,0.015,90,A,O,2020yCat.1350....0G,10.864,-85.849,-78.888,0.018,0.020,90,,,0
BD+20  2459c,10 17 06.6759,+19 33 30.435,14,14,0.017,0.022,90,A,O,2020yCat.1350....0G,1.337,-8.662,-11.004,0.021,0.027,90,,,0
Kepler-50b,19 12 24.2128,+50 02 01.374,14,14,0.015,0.016,90,A,O,2020yCat.1350....0G,3.965,6.626,-7.165,0.019,0.022,90,,,0
Kepler-1917b,19 36 24.9412,+45 00 05.079,14,14,0.024,0.023,90,A,O,2020yCat.1350....0G,1.143,-4.722,-13.429,0.033,0.030,90,,,0
EPIC 212420823.01,13 16 23.9317,-14 26 40.659,14,14,0.017,0.013,90,A,O,2020yCat.1350....0G,2.183,-13.705,-27.325,0.023,0.017,90,,,0
HD 217958b,23 04 32.8707,-25 41 27.994,14,14,0.025,0.027,90,A,O,2020yCat.1350....0G,16.127,-80.446,-154.725,0.028,0.032,90,,,0
Kepler-912b,19 52 26.6834,+41 45 30.020,14,14,0.018,0.020,90,A,O,2020yCat.1350....0G,0.450,-0.551,-3.477,0.022,0.024,90,,,0
HD 106315b,12 13 53.3962,-00 23 36.553,14,14,0.017,0.014,90,A,O,2020yCat.1350....0G,9.172,-2.360,11.943,0.026,0.019,90,,,0
Kepler-227b,19 27 44.2230,+48 08 29.961,14,14,0.019,0.021,90,A,O,2020yCat.1350....0G,0.918,1.886,4.650,0.025,0.025,90,,,0
* mu. Leo b,09 52 45.8170,+26 00 25.024,14,14,0.117,0.111,90,A,O,2020yCat.1350....0G,26.097,-216.266,-55.125,0.194,0.132,90,,,0
Kepler-183c,19 34 07.3975,+39 18 57.224,14,14,0.015,0.018,90,A,O,2020yCat.1350....0G,0.948,-2.165,8.650,0.021,0.021,90,,,0
* gam01 Leo b,10 19 58.3544,+19 50 29.359,10,10,19.000,16.000,90,B,O,2002A&A...384..180F,25.070,310.800,-152.900,1.100,0.700,90,,,0
Kepler-685b,19 35 29.2598,+38 25 22.609,14,14,0.015,0.020,90,A,O,2020yCat.1350....0G,1.044,-0.327,-6.666,0.020,0.023,90,,,0
Kepler-1130b,19 00 49.7878,+45 23 03.605,14,14,0.010,0.010,90,A,O,2020yCat.1350....0G,3.949,-4.599,-0.419,0.013,0.013,90,,,0
Kepler-909b,19 18 01.5284,+45 22 15.672,14,14,0.010,0.011,90,A,O,2020yCat.1350....0G,3.221,1.781,-11.034,0.013,0.015,90,,,0
HD   7924b,01 21 59.1137,+76 42 37.038,14,14,0.014,0.014,90,A,O,2020yCat.1350....0G,58.812,-34.767,-32.724,0.016,0.019,90,,,0
Kepler-1826b,19 31 04.7825,+48 53 58.695,14,14,0.022,0.025,90,A,O,2020yCat.1350....0G,2.967,12.165,48.598,0.031,0.032,90,,,0
CD-25  1737b,04 07 45.8606,-25 12 31.231,14,14,0.007,0.011,90,A,O,2020yCat.1350....0G,4.183,-5.768,-29.621,0.009,0.016,90,,,0
HD  95086b,10 57 03.0215,-68 40 02.449,14,14,0.016,0.016,90,A,O,2020yCat.1350....0G,11.566,-41.128,12.861,0.023,0.021,90,,,0
HD   5891b,01 00 33.1924,+20 17 32.953,14,14,0.024,0.020,90,A,O,2020yCat.1350....0G,3.583,3.241,-40.207,0.035,0.024,90,,,0
K2-8c,11 19 10.4814,-00 17 03.734,14,14,0.021,0.029,90,A,O,2020yCat.1350....0G,2.445,-35.974,-15.876,0.028,0.025,90,,,0
K2-53b,16 16 34.0355,-20 24 01.861,14,14,0.015,0.009,90,A,O,2020yCat.1350....0G,7.263,33.434,-18.890,0.017,0.013,90,,,0
BD-04  3197b,12 04 29.1381,-04 53 57.172,14,14,0.015,0.012,90,A,O,2020yCat.1350....0G,3.834,-61.786,18.295,0.026,0.015,90,,,0
K2-165c,12 19 36.0868,+00 58 06.201,14,14,0.022,0.016,90,A,O,2020yCat.1350....0G,7.619,29.281,-14.447,0.027,0.020,90,,,0
HD 196885b,20 39 51.8748,+11 14 58.700,14,14,0.020,0.015,90,A,O,2020yCat.1350....0G,29.408,71.915,89.318,0.032,0.026,90,,,0
Kepler-1598b,19 13 52.5832,+46 47 01.266,14,14,0.012,0.011,90,A,O,2020yCat.1350....0G,1.625,1.585,-8.985,0.015,0.015,90,,,0
Kepler-793b,19 40 51.9938,+38 46 27.671,14,14,0.033,0.038,90,A,O,2020yCat.1350....0G,1.075,16.707,17.111,0.045,0.046,90,,,0
K2-38c,16 00 08.0580,-23 11 21.329,14,14,0.022,0.012,90,A,O,2020yCat.1350....0G,5.247,-56.760,-37.511,0.029,0.016,90,,,0
K2-207b,00 46 47.9286,+00 38 26.901,14,14,0.017,0.010,90,A,O,2020yCat.1350....0G,2.722,-12.667,-43.588,0.023,0.022,90,,,0
NAME L 788-37b,22 13 42.8631,-17 41 08.670,14,14,0.031,0.028,90,A,O,2020yCat.1350....0G,97.676,856.646,-306.696,0.036,0.031,90,,,0
Kepler-11g,19 48 27.6226,+41 54 32.903,14,14,0.010,0.011,90,A,O,2020yCat.1350....0G,1.548,0.106,-7.103,0.013,0.015,90,,,0
KOI-3145.02,19 22 28.3045,+37 17 20.699,14,14,0.020,0.024,90,A,O,2020yCat.1350....0G,1.690,-14.185,3.963,0.026,0.029,90,,,0
Kepler-160b,19 11 05.6526,+42 52 09.472,14,14,0.013,0.015,90,A,O,2020yCat.1350....0G,1.064,3.477,-5.233,0.016,0.019,90,,,0
Kepler-1790b,19 38 16.0553,+46 04 32.904,14,14,0.011,0.013,90,A,O,2020yCat.1350....0G,0.925,-6.359,-17.542,0.015,0.017,90,,,0
Kepler-1895b,19 26 42.1483,+48 45 45.194,14,14,0.022,0.023,90,A,O,2020yCat.1350....0G,0.955,-2.678,-2.813,0.028,0.029,90,,,0
Kepler-636b,19 34 22.0533,+41 05 42.579,9,9,60.000,60.000,90,C,N,2003yCat.2246....0C,,,,,,0,,,0
Kepler-387b,19 11 11.5647,+45 39 24.240,14,14,0.011,0.012,90,A,O,2020yCat.1350....0G,1.221,13.562,7.476,0.015,0.015,90,,,0
HATS-19b,09 49 37.6184,-33 13 06.624,14,14,0.007,0.010,90,A,O,2020yCat.1350....0G,1.733,-8.478,0.983,0.009,0.010,90,,,0
K2-384e,01 21 59.8550,+00 45 04.411,14,14,0.032,0.023,90,A,O,2020yCat.1350....0G,12.217,103.139,-59.325,0.048,0.032,90,,,0
Kepler-788b,19 20 00.1030,+38 32 23.575,14,14,0.018,0.021,90,A,O,2020yCat.1350....0G,0.533,-2.572,-6.293,0.025,0.026,90,,,0
Kepler-728b,19 24 22.1633,+45 06 55.944,14,14,0.020,0.022,90,A,O,2020yCat.1350....0G,0.576,2.434,-7.295,0.027,0.028,90,,,0
Kepler-419b,19 41 40.2991,+51 11 05.168,14,14,0.012,0.013,90,A,O,2020yCat.1350....0G,0.993,-0.068,-1.423,0.016,0.016,90,,,0
K2-268e,08 54 50.2862,+11 50 53.774,14,14,0.014,0.007,90,A,O,2020yCat.1350....0G,3.073,-8.162,0.127,0.020,0.014,90,,,0
HD 143361b,16 01 50.3482,-44 26 04.343,14,14,0.017,0.010,90,A,O,2020yCat.1350....0G,14.546,-156.561,-120.231,0.019,0.014,90,,,0
K2-5c,11 17 12.8418,-01 52 40.687,14,14,0.020,0.020,90,A,O,2020yCat.1350....0G,4.962,-11.153,33.278,0.027,0.023,90,,,0
TOI-1224.02,02 28 46.4356,-80 53 57.200,14,14,0.017,0.017,90,A,O,2020yCat.1350....0G,26.827,159.965,27.171,0.022,0.022,90,,,0
HD  60532b,07 34 03.1805,-22 17 45.843,14,14,0.058,0.075,90,A,O,2020yCat.1350....0G,38.138,-40.180,46.791,0.091,0.115,90,,,0
HAT-P-28b,00 52 00.1876,+34 43 42.205,14,14,0.012,0.007,90,A,O,2020yCat.1350....0G,2.473,25.615,2.712,0.014,0.011,90,,,0
Kepler-464b,19 39 20.4361,+48 58 56.492,14,14,0.009,0.010,90,A,O,2020yCat.1350....0G,1.474,-6.941,-9.015,0.012,0.013,90,,,0
Kepler-1113b,19 17 37.6104,+39 20 19.769,14,14,0.014,0.018,90,A,O,2020yCat.1350....0G,0.920,-2.359,-2.755,0.019,0.021,90,,,0
HD 219134c,23 13 16.9749,+57 10 06.083,14,14,0.037,0.036,90,A,O,2020yCat.1350....0G,152.864,2074.414,294.452,0.050,0.043,90,,,0
CD-57  1712b,07 22 02.9952,-57 23 05.600,14,14,0.012,0.014,90,A,O,2020yCat.1350....0G,5.629,25.751,-25.314,0.016,0.019,90,,,0
Kepler-354d,19 03 00.3548,+41 20 08.296,14,14,0.021,0.022,90,A,O,2020yCat.1350....0G,1.833,9.775,8.320,0.027,0.028,90,,,0
NAME BD+37 4734Bb,22 57 46.8442,+38 40 30.358,14,14,0.009,0.010,90,A,O,2020yCat.1350....0G,6.244,32.422,-41.949,0.014,0.013,90,,,0
NAME KPS-TF3-663,11 00 40.1822,+64 57 50.341,14,14,0.009,0.010,90,A,O,2020yCat.1350....0G,3.794,-22.407,-32.177,0.011,0.013,90,,,0
Kepler-211b,19 01 45.3940,+43 10 06.527,14,14,0.010,0.011,90,A,O,2020yCat.1350....0G,3.242,-4.007,5.859,0.013,0.013,90,,,0
Kepler-24c,19 21 39.1857,+38 20 37.450,14,14,0.016,0.017,90,A,O,2020yCat.1350....0G,0.831,-2.153,-1.822,0.022,0.021,90,,,0
Kepler-557b,19 34 50.0233,+41 36 54.533,14,14,0.017,0.021,90,A,O,2020yCat.1350....0G,0.472,-2.200,-9.255,0.022,0.025,90,,,0
Kepler-1728b,19 08 22.5580,+39 03 38.735,14,14,0.016,0.017,90,A,O,2020yCat.1350....0G,1.515,2.285,4.730,0.021,0.022,90,,,0
EPIC 211357309.01,08 52 55.8284,+10 56 40.990,14,14,0.011,0.007,90,A,O,2020yCat.1350....0G,14.503,25.891,111.493,0.015,0.011,90,,,0
Kepler-51e,19 45 55.1428,+49 56 15.650,14,14,0.016,0.015,90,A,O,2020yCat.1350....0G,1.246,0.075,-7.451,0.020,0.019,90,,,0
Kepler-142b,19 40 28.5407,+48 28 52.654,14,14,0.008,0.010,90,A,O,2020yCat.1350....0G,1.789,13.412,16.408,0.011,0.012,90,,,0
Kepler-1365c,19 28 47.9324,+42 02 45.896,14,14,0.010,0.010,90,A,O,2020yCat.1350....0G,1.175,-10.542,-20.457,0.014,0.013,90,,,0
K2-42b,11 46 39.7706,-05 10 18.871,14,14,0.025,0.015,90,A,O,2020yCat.1350....0G,2.535,10.324,-31.963,0.028,0.017,90,,,0
TOI-125c,01 34 22.7341,-66 40 32.951,14,14,0.010,0.009,90,A,O,2020yCat.1350....0G,9.062,-119.550,-123.030,0.013,0.011,90,,,0
Kepler-1467b,19 40 11.6488,+45 20 33.661,14,14,0.021,0.023,90,A,O,2020yCat.1350....0G,1.161,0.354,-1.330,0.028,0.027,90,,,0
Kepler-103c,19 15 56.2939,+40 03 52.285,14,14,0.007,0.009,90,A,O,2020yCat.1350....0G,1.975,-1.216,-8.866,0.010,0.011,90,,,0
Kepler-1047c,19 14 35.1093,+50 47 20.425,14,14,0.014,0.014,90,A,O,2020yCat.1350....0G,1.202,-4.788,-9.876,0.018,0.018,90,,,0
BD+73   878b,19 44 58.6385,+74 03 45.855,14,14,0.009,0.011,90,A,O,2020yCat.1350....0G,15.142,18.690,27.871,0.012,0.013,90,,,0
Kepler-142c,19 40 28.5407,+48 28 52.654,14,14,0.008,0.010,90,A,O,2020yCat.1350....0G,1.789,13.412,16.408,0.011,0.012,90,,,0
Kepler-973b,19 20 39.6681,+49 55 25.945,14,14,0.048,0.049,90,A,O,2020yCat.1350....0G,3.019,5.413,-14.243,0.065,0.063,90,,,0
Kepler-460b,19 13 53.9653,+40 39 04.818,14,14,0.010,0.012,90,A,O,2020yCat.1350....0G,0.753,8.298,-12.492,0.013,0.015,90,,,0
WASP-142b,09 22 01.5337,-23 56 46.205,14,14,0.011,0.011,90,A,O,2020yCat.1350....0G,1.413,-15.761,15.383,0.014,0.012,90,,,0
HD 181433b,19 25 09.5666,-66 28 07.676,14,14,0.011,0.016,90,A,O,2020yCat.1350....0G,37.051,-230.723,235.806,0.013,0.019,90,,,0
Kepler-1051b,19 40 37.9434,+40 53 55.841,14,14,0.009,0.009,90,A,O,2020yCat.1350....0G,1.183,1.525,-6.102,0.012,0.012,90,,,0
HD 134060c,15 10 44.7430,-61 25 20.360,14,14,0.012,0.017,90,A,O,2020yCat.1350....0G,41.620,-185.606,-12.142,0.019,0.026,90,,,0
BD-19  4086d,15 21 55.1983,-20 13 53.990,14,14,0.016,0.016,90,A,O,2020yCat.1350....0G,14.772,-20.031,-30.963,0.021,0.020,90,,,0
HD   8326b,01 22 07.6136,-26 53 35.157,14,14,0.018,0.012,90,A,O,2020yCat.1350....0G,32.565,-58.320,-224.943,0.026,0.015,90,,,0
Kepler-1406b,19 28 19.6607,+38 54 54.078,14,14,0.027,0.037,90,A,O,2020yCat.1350....0G,1.117,-6.721,-17.434,0.036,0.046,90,,,0
HD 205739b,21 38 08.4040,-31 44 14.938,14,14,0.021,0.015,90,A,O,2020yCat.1350....0G,10.761,21.833,-82.314,0.021,0.018,90,,,0
Kepler-262b,19 22 54.8798,+37 15 09.600,14,14,0.012,0.012,90,A,O,2020yCat.1350....0G,1.593,9.358,-2.154,0.015,0.015,90,,,0
HD  10180f,01 37 53.5772,-60 30 41.482,14,14,0.013,0.013,90,A,O,2020yCat.1350....0G,25.661,-14.303,8.058,0.017,0.016,90,,,0
Kepler-307c,19 51 10.8252,+40 25 03.669,14,14,0.011,0.012,90,A,O,2020yCat.1350....0G,1.715,-1.978,-10.602,0.016,0.017,90,,,0
Kepler-665b,19 48 06.1450,+48 28 42.909,14,14,0.021,0.026,90,A,O,2020yCat.1350....0G,1.641,-1.483,-4.414,0.031,0.032,90,,,0
Kepler-212c,19 10 28.9990,+43 08 29.978,14,14,0.011,0.011,90,A,O,2020yCat.1350....0G,1.436,-2.153,-8.514,0.015,0.014,90,,,0
* tau Cet h,01 44 04.0831,-15 56 14.927,14,14,0.119,0.083,90,A,O,2020yCat.1350....0G,273.810,-1721.728,854.963,0.181,0.088,90,,,0
TOI-462b,02 25 06.3233,+01 19 25.375,10,10,18.000,18.000,90,B,O,2012yCat.1322....0Z,,29.600,-39.300,0.800,1.100,90,,,0
Kepler-554b,19 45 37.6382,+51 21 29.346,14,14,0.013,0.014,90,A,O,2020yCat.1350....0G,1.428,10.434,9.725,0.017,0.017,90,,,0
Kepler-186f,19 54 36.6535,+43 57 18.025,14,14,0.014,0.016,90,A,O,2020yCat.1350....0G,5.634,2.171,-4.363,0.018,0.020,90,,,0
EPIC 211800191.01,08 51 32.3504,+17 19 11.353,14,14,0.016,0.008,90,A,O,2020yCat.1350....0G,2.589,-13.913,16.649,0.019,0.013,90,,,0
HD 220773b,23 26 27.4448,+08 38 37.841,14,14,0.020,0.014,90,A,O,2020yCat.1350....0G,19.780,27.096,-222.458,0.026,0.017,90,,,0
Kepler-1190b,18 59 59.9103,+49 28 47.931,14,14,0.014,0.015,90,A,O,2020yCat.1350....0G,2.878,4.774,-7.086,0.018,0.018,90,,,0
TOI-2416b,03 49 21.3273,-60 47 13.710,14,14,0.013,0.014,90,A,O,2020yCat.1350....0G,1.791,8.744,-10.259,0.016,0.020,90,,,0
Kepler-386b,19 19 26.1285,+48 41 37.838,14,14,0.023,0.025,90,A,O,2020yCat.1350....0G,1.167,7.266,-8.454,0.033,0.033,90,,,0
Kepler-261c,19 25 27.5414,+37 36 33.031,14,14,0.009,0.011,90,A,O,2020yCat.1350....0G,3.146,-4.176,14.765,0.012,0.013,90,,,0
Kepler-356c,19 29 41.0582,+37 40 58.110,14,14,0.010,0.012,90,A,O,2020yCat.1350....0G,1.474,4.406,-3.842,0.015,0.017,90,,,0
HD 197037b,20 39 32.9599,+42 14 54.778,14,14,0.011,0.013,90,A,O,2020yCat.1350....0G,30.229,-62.745,-222.168,0.014,0.017,90,,,0
Kepler-1600b,19 25 35.8504,+38 47 15.862,14,14,0.023,0.025,90,A,O,2020yCat.1350....0G,0.981,0.567,3.849,0.031,0.034,90,,,0
Kepler-1686b,19 26 25.6192,+42 02 09.417,14,14,0.009,0.011,90,A,O,2020yCat.1350....0G,1.372,-4.835,6.773,0.013,0.013,90,,,0
Kepler-670b,19 48 03.7152,+49 13 31.134,14,14,0.015,0.017,90,A,O,2020yCat.1350....0G,1.049,-2.426,-3.782,0.021,0.024,90,,,0
TOI-148b,22 33 16.9634,-38 09 34.979,14,14,0.011,0.012,90,A,O,2020yCat.1350....0G,2.441,22.357,-25.975,0.016,0.014,90,,,0
Kepler-169c,19 03 59.9740,+40 55 09.611,14,14,0.011,0.013,90,A,O,2020yCat.1350....0G,2.417,5.014,10.603,0.016,0.018,90,,,0
Kepler-440b,19 01 23.9947,+41 27 08.091,14,14,0.018,0.018,90,A,O,2020yCat.1350....0G,3.285,15.356,28.318,0.022,0.023,90,,,0
Kepler-406c,19 27 23.5375,+44 58 05.726,14,14,0.009,0.009,90,A,O,2020yCat.1350....0G,2.743,16.976,5.433,0.011,0.011,90,,,0
EPIC 211799258.01,08 32 59.0669,+17 18 23.443,14,14,0.041,0.030,90,A,O,2020yCat.1350....0G,5.438,-35.128,-12.487,0.048,0.035,90,,,0
Kepler-1337b,19 08 02.1895,+46 47 46.028,14,14,0.026,0.028,90,A,O,2020yCat.1350....0G,1.644,-0.918,0.884,0.041,0.038,90,,,0
Kepler-54b,19 39 05.7418,+43 03 22.599,14,14,0.022,0.027,90,A,O,2020yCat.1350....0G,3.710,0.045,-18.609,0.029,0.033,90,,,0
K2-333b,09 07 09.4325,+15 12 20.603,14,14,0.016,0.011,90,A,O,2020yCat.1350....0G,2.848,-6.102,-10.797,0.021,0.015,90,,,0
WASP-157b,13 26 37.2696,-08 19 03.351,14,14,0.022,0.014,90,A,O,2020yCat.1350....0G,2.942,-31.629,-8.763,0.031,0.015,90,,,0
WASP-135b,17 49 08.3938,+29 52 44.741,14,14,0.010,0.011,90,A,O,2020yCat.1350....0G,3.330,-18.110,-12.115,0.013,0.015,90,,,0
Kepler-1460b,19 02 13.8775,+44 00 38.815,14,14,0.024,0.027,90,A,O,2020yCat.1350....0G,1.840,-5.740,9.335,0.035,0.035,90,,,0
TOI-1838b,16 26 46.0986,+51 02 27.893,14,14,0.010,0.010,90,A,O,2020yCat.1350....0G,1.704,-5.595,11.906,0.013,0.013,90,,,0
HD 286123b,04 55 03.9626,+18 39 16.308,14,14,0.017,0.007,90,A,O,2020yCat.1350....0G,7.706,61.996,-48.141,0.023,0.017,90,,,0
Kepler-1153b,19 16 35.3273,+45 51 58.184,14,14,0.025,0.024,90,A,O,2020yCat.1350....0G,0.936,-1.970,-7.515,0.032,0.031,90,,,0
K2-153b,12 15 14.2068,+02 01 15.404,14,14,0.022,0.016,90,A,O,2020yCat.1350....0G,6.949,-75.270,-16.052,0.032,0.021,90,,,0
Kepler-266b,19 37 56.2534,+44 10 00.992,14,14,0.020,0.023,90,A,O,2020yCat.1350....0G,0.710,-1.244,-1.605,0.026,0.030,90,,,0
HD  56414b,07 11 22.4864,-68 50 00.569,14,14,0.014,0.013,90,A,O,2020yCat.1350....0G,3.735,-0.735,35.120,0.019,0.015,90,,,0
K2-311b,10 37 33.4203,+11 50 33.872,14,14,0.014,0.010,90,A,O,2020yCat.1350....0G,1.736,-38.799,1.432,0.017,0.012,90,,,0
NAME PSR J2322-2650 b,23 22 34.6400,-26 50 58.317,9,9,,,0,D,,2018MNRAS.475..469S,,,,,,0,,,0
K2-303c,22 30 28.2226,-07 58 20.648,14,14,0.017,0.015,90,A,O,2020yCat.1350....0G,3.120,57.096,-12.428,0.020,0.017,90,,,0
* G CMi b,08 02 15.9369,+02 20 04.458,14,14,0.108,0.083,90,A,O,2020yCat.1350....0G,12.523,-28.194,105.650,0.127,0.098,90,,,0
Kepler-549d,18 52 05.4816,+47 15 40.215,14,14,0.014,0.015,90,A,O,2020yCat.1350....0G,1.565,1.996,-6.503,0.018,0.018,90,,,0
HD 103197b,11 52 52.9781,-50 17 34.161,14,14,0.009,0.009,90,A,O,2020yCat.1350....0G,17.551,-80.925,7.353,0.011,0.012,90,,,0
TOI-1627b,18 18 48.2529,+45 10 19.260,14,14,0.010,0.011,90,A,O,2020yCat.1350....0G,3.396,32.658,47.057,0.013,0.016,90,,,0
K2-285c,23 17 32.2274,+01 18 01.074,14,14,0.012,0.011,90,A,O,2020yCat.1350....0G,6.437,15.064,-33.997,0.013,0.013,90,,,0
Kepler-304d,19 37 46.0342,+40 33 27.199,14,14,0.015,0.018,90,A,O,2020yCat.1350....0G,2.250,-1.123,-3.377,0.020,0.021,90,,,0
WASP-165b,23 50 19.3251,-17 04 39.289,14,14,0.016,0.012,90,A,O,2020yCat.1350....0G,1.685,27.971,-3.330,0.018,0.014,90,,,0
Kepler-1488b,19 06 35.1392,+49 56 15.843,14,14,0.009,0.010,90,A,O,2020yCat.1350....0G,1.107,1.939,9.108,0.012,0.014,90,,,0
Kepler-1523b,19 44 12.9769,+45 49 37.420,14,14,0.015,0.017,90,A,O,2020yCat.1350....0G,1.140,-0.057,-3.886,0.019,0.021,90,,,0
MOA  2010-BLG-353b,18 05 12.940,-27 17 35.64,7,7,,,0,D,,2015MNRAS.454..946R,,,,,,0,,,0
NAME L 736-30b,04 53 49.9799,-17 46 24.309,14,14,0.010,0.009,90,A,O,2020yCat.1350....0G,83.690,408.573,-644.457,0.012,0.013,90,,,0
K2-122b,08 25 54.3166,+20 21 34.445,14,14,0.014,0.010,90,A,O,2020yCat.1350....0G,13.829,-22.122,-53.355,0.015,0.011,90,,,0
K2-247c,12 35 34.4830,-10 04 09.223,14,14,0.020,0.011,90,A,O,2020yCat.1350....0G,3.795,-36.719,-11.761,0.027,0.020,90,,,0
TOI-1906b,11 13 10.2912,-17 39 27.887,14,14,0.011,0.014,90,A,O,2020yCat.1350....0G,3.250,6.122,-7.619,0.016,0.020,90,,,0
K2-16c,11 40 23.3403,+04 33 26.417,14,14,0.021,0.017,90,A,O,2020yCat.1350....0G,3.004,-6.366,21.609,0.027,0.022,90,,,0
HD 153557d,16 57 53.1786,+47 22 00.062,14,14,0.014,0.017,90,A,O,2020yCat.1350....0G,55.751,-145.669,272.173,0.019,0.024,90,,,0
WASP-186b,01 15 58.8507,+21 37 01.005,14,14,0.014,0.012,90,A,O,2020yCat.1350....0G,3.526,21.760,-9.197,0.020,0.013,90,,,0
Kepler-94c,18 44 46.7440,+47 29 49.749,14,14,0.010,0.011,90,A,O,2020yCat.1350....0G,5.248,-5.526,25.066,0.012,0.014,90,,,0
BD+00   316b,01 57 03.2039,+00 45 31.875,14,14,0.023,0.018,90,A,O,2020yCat.1350....0G,2.816,23.418,-6.844,0.037,0.023,90,,,0
Kepler-777b,18 50 53.7751,+44 20 47.308,14,14,0.026,0.030,90,A,O,2020yCat.1350....0G,2.255,7.752,8.167,0.033,0.037,90,,,0
BD+38  3583c,19 25 40.3885,+38 40 20.413,14,14,0.009,0.010,90,A,O,2020yCat.1350....0G,10.415,-28.672,-5.722,0.011,0.012,90,,,0
BD-05  5432b,21 00 06.1968,-05 05 40.034,14,14,0.014,0.008,90,A,O,2020yCat.1350....0G,19.886,33.778,-93.581,0.017,0.013,90,,,0
BD+41  4831b,23 39 05.8102,+42 27 57.505,14,14,0.015,0.013,90,A,O,2020yCat.1350....0G,3.646,-20.202,2.996,0.018,0.017,90,,,0
Kepler-229c,19 07 59.8762,+48 22 32.918,14,14,0.024,0.029,90,A,O,2020yCat.1350....0G,1.173,-1.324,-5.571,0.033,0.038,90,,,0
Kepler-1132b,19 05 28.2103,+48 25 26.160,14,14,0.020,0.023,90,A,O,2020yCat.1350....0G,1.128,-3.775,-9.996,0.026,0.030,90,,,0
NAME L 98-59 d,08 18 07.6214,-68 18 46.805,14,14,0.014,0.016,90,A,O,2020yCat.1350....0G,94.266,94.794,-340.084,0.018,0.020,90,,,0
Kepler-262c,19 22 54.8798,+37 15 09.600,14,14,0.012,0.012,90,A,O,2020yCat.1350....0G,1.593,9.358,-2.154,0.015,0.015,90,,,0
TOI-1184.01,18 08 48.9474,+60 40 41.484,14,14,0.010,0.010,90,A,O,2020yCat.1350....0G,17.077,65.056,138.044,0.012,0.012,90,,,0
K2-264c,08 45 26.0457,+19 41 54.446,14,14,0.033,0.017,90,A,O,2020yCat.1350....0G,5.553,-37.572,-13.123,0.039,0.029,90,,,0
Kepler-740b,19 05 55.7370,+46 41 32.895,14,14,0.025,0.026,90,A,O,2020yCat.1350....0G,0.648,3.032,-3.457,0.033,0.032,90,,,0
Kepler-423b,19 31 25.3755,+46 23 28.220,14,14,0.012,0.014,90,A,O,2020yCat.1350....0G,1.264,-2.001,3.698,0.016,0.017,90,,,0
HD  85390b,09 50 02.4966,-49 47 24.959,14,14,0.013,0.013,90,A,O,2020yCat.1350....0G,29.827,24.523,-60.128,0.017,0.014,90,,,0
* eps CrB b,15 57 35.2514,+26 52 40.366,14,14,0.045,0.068,90,A,O,2020yCat.1350....0G,13.492,-77.716,-60.971,0.061,0.104,90,,,0
Kepler-1806b,19 10 08.3967,+49 48 05.951,14,14,0.028,0.028,90,A,O,2020yCat.1350....0G,1.019,-5.061,-5.818,0.037,0.036,90,,,0
HD  29021b,04 37 52.2221,+60 40 34.311,14,14,0.017,0.015,90,A,O,2020yCat.1350....0G,32.385,62.078,23.430,0.018,0.018,90,,,0
Kepler-85b,19 23 53.6255,+45 17 25.088,14,14,0.016,0.017,90,A,O,2020yCat.1350....0G,1.259,-0.028,-6.137,0.019,0.022,90,,,0
CD-56   324b,01 38 25.0565,-55 46 19.525,14,14,0.011,0.010,90,A,O,2020yCat.1350....0G,6.633,96.240,20.869,0.013,0.013,90,,,0
Kepler-133b,19 49 06.7098,+48 19 13.192,14,14,0.039,0.041,90,A,O,2020yCat.1350....0G,1.456,-10.349,5.309,0.051,0.054,90,,,0
BD+53  2248b,19 28 39.9953,+53 29 14.356,14,14,0.011,0.010,90,A,O,2020yCat.1350....0G,9.222,40.681,11.146,0.016,0.013,90,,,0
K2-390b,23 42 48.5446,-09 35 18.893,14,14,0.014,0.010,90,A,O,2020yCat.1350....0G,2.171,26.740,-30.391,0.020,0.012,90,,,0
Kepler-55d,19 00 40.4013,+44 01 35.369,14,14,0.023,0.024,90,A,O,2020yCat.1350....0G,1.744,-1.664,-0.364,0.034,0.033,90,,,0
NAME G 180-18b,15 58 18.7976,+35 24 24.279,14,14,0.016,0.018,90,A,O,2020yCat.1350....0G,63.173,-143.059,318.120,0.021,0.024,90,,,0
K2-36b,11 17 47.7835,+03 51 59.005,14,14,0.014,0.013,90,A,O,2020yCat.1350....0G,9.165,-20.400,26.329,0.017,0.017,90,,,0
Kepler-194d,19 27 53.1541,+47 51 50.953,14,14,0.016,0.018,90,A,O,2020yCat.1350....0G,0.883,-7.273,-24.138,0.022,0.021,90,,,0
Kepler-1902c,19 30 57.0380,+42 00 53.251,14,14,0.037,0.033,90,A,O,2020yCat.1350....0G,2.914,-0.696,-3.013,0.049,0.043,90,,,0
Kepler-1248b,19 12 14.2231,+51 21 16.233,14,14,0.400,0.473,90,A,O,2020yCat.1350....0G,,-6.580,-12.141,0.554,0.641,90,,,0
Kepler-399b,19 58 00.4156,+40 40 14.889,14,14,0.074,0.079,90,A,O,2020yCat.1350....0G,1.106,-1.345,-8.267,0.098,0.104,90,,,0
Kepler-1149b,19 36 45.4123,+45 09 05.677,14,14,0.022,0.022,90,A,O,2020yCat.1350....0G,0.819,-5.848,-11.831,0.030,0.027,90,,,0
TOI-1899b,19 57 42.3954,+40 08 35.754,14,14,0.009,0.010,90,A,O,2020yCat.1350....0G,7.782,35.423,18.843,0.011,0.013,90,,,0
HD 125271b,14 26 35.6586,-81 27 11.917,14,14,0.021,0.020,90,A,O,2020yCat.1350....0G,25.449,-40.534,-224.144,0.026,0.027,90,,,0
WASP-98b,03 53 42.9206,-34 19 41.585,14,14,0.008,0.010,90,A,O,2020yCat.1350....0G,3.572,33.661,-12.395,0.011,0.013,90,,,0
HD 158038b,17 25 45.4358,+27 18 11.943,14,14,0.013,0.016,90,A,O,2020yCat.1350....0G,10.567,44.442,-57.021,0.018,0.021,90,,,0
K2-3c,11 29 20.3917,-01 27 17.281,14,14,0.016,0.015,90,A,O,2020yCat.1350....0G,22.737,94.116,-78.003,0.020,0.016,90,,,0
BD-11  2350b,08 25 21.0836,-11 30 03.552,14,14,0.012,0.010,90,A,O,2020yCat.1350....0G,2.808,-5.431,-0.496,0.017,0.014,90,,,0
NAME L 372-58b,03 35 59.6991,-44 30 45.730,14,14,0.026,0.028,90,A,O,2020yCat.1350....0G,272.161,745.654,-373.323,0.035,0.038,90,,,0
Kepler-593b,19 39 48.3417,+48 39 04.283,14,14,0.013,0.015,90,A,O,2020yCat.1350....0G,0.994,-4.886,-4.365,0.019,0.019,90,,,0
Kepler-173b,19 38 35.1937,+41 53 02.865,14,14,0.015,0.016,90,A,O,2020yCat.1350....0G,1.145,-4.058,-7.948,0.020,0.020,90,,,0
Kepler-238b,19 11 35.3058,+40 38 16.143,14,14,0.016,0.018,90,A,O,2020yCat.1350....0G,0.532,-0.187,-0.847,0.021,0.021,90,,,0
HD 156279c,17 12 23.2048,+63 21 07.531,14,14,0.017,0.021,90,A,O,2020yCat.1350....0G,27.676,-1.879,160.429,0.024,0.027,90,,,0
TOI-2088.01,17 25 30.0545,+75 52 56.235,14,14,0.011,0.013,90,A,O,2020yCat.1350....0G,7.864,-18.861,-1.860,0.014,0.016,90,,,0
Kepler-829b,18 49 19.8683,+42 27 49.762,14,14,0.015,0.017,90,A,O,2020yCat.1350....0G,0.934,7.950,-2.434,0.019,0.021,90,,,0
Kepler-1625b,19 41 43.0400,+39 53 11.499,14,14,0.023,0.026,90,A,O,2020yCat.1350....0G,0.455,-2.088,-4.804,0.032,0.032,90,,,0
Kepler-1681b,19 46 47.3529,+46 22 18.122,14,14,0.146,0.160,90,A,O,2020yCat.1350....0G,1.066,-4.201,-0.865,0.213,0.231,90,,,0
HD  42012b,06 09 56.4680,+34 08 07.068,14,14,0.024,0.019,90,A,O,2020yCat.1350....0G,27.232,36.405,-261.180,0.030,0.020,90,,,0
K2-391b,23 44 54.2366,-07 42 05.550,14,14,0.012,0.011,90,A,O,2020yCat.1350....0G,1.938,6.722,6.194,0.016,0.011,90,,,0
HD 132406b,14 56 54.6513,+53 22 55.806,14,14,0.016,0.018,90,A,O,2020yCat.1350....0G,14.176,-14.122,-280.330,0.019,0.023,90,,,0
Kepler-96b,19 48 16.7135,+40 31 30.523,14,14,0.009,0.011,90,A,O,2020yCat.1350....0G,8.121,32.921,13.543,0.014,0.014,90,,,0
K2-45b,11 18 31.8901,-01 46 26.945,14,14,0.028,0.024,90,A,O,2020yCat.1350....0G,1.969,-28.071,21.702,0.035,0.028,90,,,0
Kepler-9d,19 02 17.7544,+38 24 03.176,14,14,0.010,0.011,90,A,O,2020yCat.1350....0G,1.582,2.472,-14.691,0.013,0.015,90,,,0
Kepler-1644b,19 01 54.0170,+48 02 05.665,14,14,0.081,0.092,90,A,O,2020yCat.1350....0G,1.058,-3.077,-16.576,0.112,0.113,90,,,0
NAME NGC 2682 YBP 1514b,08 51 00.7628,+11 53 11.489,14,14,0.022,0.012,90,A,O,2020yCat.1350....0G,1.086,-10.844,-2.827,0.026,0.020,90,,,0
Kepler-1758b,19 51 11.2553,+39 55 16.938,14,14,0.016,0.018,90,A,O,2020yCat.1350....0G,0.654,-13.827,-7.922,0.020,0.024,90,,,0
Kepler-1580b,19 03 52.4903,+41 21 48.812,14,14,0.009,0.009,90,A,O,2020yCat.1350....0G,0.983,-0.002,-7.614,0.011,0.011,90,,,0
BD+48  2893d,19 24 07.7659,+49 02 24.928,14,14,0.009,0.011,90,A,O,2020yCat.1350....0G,6.930,-7.305,-10.454,0.012,0.013,90,,,0
HD 114729b,13 12 44.2591,-31 52 24.055,14,14,0.015,0.014,90,A,O,2020yCat.1350....0G,26.338,-199.927,-308.130,0.020,0.017,90,,,0
BD+65   902b,12 48 44.3726,+64 51 19.147,14,14,0.009,0.009,90,A,O,2020yCat.1350....0G,11.824,1.216,-10.045,0.013,0.013,90,,,0
Kepler-351c,19 05 48.6587,+42 39 28.319,14,14,0.028,0.027,90,A,O,2020yCat.1350....0G,0.867,8.539,-18.005,0.038,0.034,90,,,0
Kepler-126c,19 17 23.3505,+44 12 30.709,14,14,0.011,0.013,90,A,O,2020yCat.1350....0G,4.326,11.553,-19.958,0.015,0.015,90,,,0
BD-03  2978b,10 42 14.0836,-03 50 06.260,14,14,0.015,0.014,90,A,O,2020yCat.1350....0G,6.224,19.133,17.058,0.020,0.018,90,,,0
Kepler-48b,19 56 33.4161,+40 56 56.496,14,14,0.009,0.011,90,A,O,2020yCat.1350....0G,3.228,13.215,-20.410,0.012,0.015,90,,,0
NAME TYC 8998-760-1 c,13 25 12.1262,-64 56 20.688,14,14,0.008,0.009,90,A,O,2020yCat.1350....0G,10.612,-40.996,-17.734,0.010,0.013,90,,,0
HD 147018b,16 23 00.1478,-61 41 19.559,14,14,0.017,0.015,90,A,O,2020yCat.1350....0G,24.776,-177.896,-316.435,0.017,0.021,90,,,0
Kepler-1517b,19 11 13.7297,+43 11 19.674,14,14,0.009,0.010,90,A,O,2020yCat.1350....0G,1.110,0.705,0.554,0.013,0.014,90,,,0
K2-161b,12 15 10.5242,-03 29 44.236,14,14,0.014,0.010,90,A,O,2020yCat.1350....0G,1.143,-0.437,-16.243,0.019,0.013,90,,,0
HD 224861b,00 01 18.1800,-08 55 34.650,14,14,0.017,0.017,90,A,O,2020yCat.1350....0G,3.723,2.432,9.437,0.023,0.019,90,,,0
Kepler-305c,19 56 53.8365,+40 20 35.445,14,14,0.021,0.024,90,A,O,2020yCat.1350....0G,1.151,-11.187,-2.829,0.030,0.030,90,,,0
Kepler-79d,20 02 04.1057,+44 22 53.646,14,14,0.011,0.013,90,A,O,2020yCat.1350....0G,0.974,-0.075,-4.068,0.015,0.016,90,,,0
HD  27894b,04 20 47.0461,-59 24 39.024,14,14,0.011,0.012,90,A,O,2020yCat.1350....0G,22.889,182.473,270.012,0.012,0.017,90,,,0
Kepler-540b,19 22 30.0570,+44 52 26.212,14,14,0.009,0.011,90,A,O,2020yCat.1350....0G,2.594,-39.869,-40.016,0.013,0.016,90,,,0
Kepler-1669c,19 49 43.2898,+39 50 52.286,14,14,0.023,0.026,90,A,O,2020yCat.1350....0G,1.847,1.501,5.140,0.030,0.032,90,,,0
Kepler-1449b,19 12 55.6212,+50 34 04.378,14,14,0.017,0.018,90,A,O,2020yCat.1350....0G,0.492,-3.818,-11.221,0.022,0.023,90,,,0
K2-352c,09 21 46.8434,+18 28 10.345,14,14,0.021,0.016,90,A,O,2020yCat.1350....0G,5.615,-7.265,20.324,0.028,0.023,90,,,0
Qatar 3b,23 56 36.4832,+36 12 46.774,14,14,0.015,0.012,90,A,O,2020yCat.1350....0G,1.582,-7.868,-8.553,0.021,0.014,90,,,0
Kepler-249c,19 47 56.4240,+43 39 30.701,14,14,0.019,0.020,90,A,O,2020yCat.1350....0G,5.232,33.568,17.642,0.027,0.024,90,,,0
Kepler-1166b,19 21 23.6386,+50 54 10.221,14,14,0.014,0.014,90,A,O,2020yCat.1350....0G,1.545,0.177,-0.164,0.018,0.017,90,,,0
TOI-1410.01,22 19 31.9782,+42 33 36.971,14,14,0.009,0.010,90,A,O,2020yCat.1350....0G,13.778,-67.440,10.240,0.011,0.012,90,,,0
Kepler-283b,19 34 27.2933,+47 50 20.427,14,14,0.032,0.035,90,A,O,2020yCat.1350....0G,2.043,2.923,-16.150,0.043,0.047,90,,,0
TOI-561c,09 52 44.5491,+06 12 58.920,14,14,0.019,0.021,90,A,O,2020yCat.1350....0G,11.834,-108.504,-61.279,0.022,0.019,90,,,0
Kepler-1367b,19 13 39.9723,+47 52 43.381,14,14,0.024,0.023,90,A,O,2020yCat.1350....0G,2.501,19.785,3.193,0.030,0.029,90,,,0
Kepler-80d,19 44 27.0200,+39 58 43.594,14,14,0.015,0.018,90,A,O,2020yCat.1350....0G,2.667,-1.373,-7.207,0.020,0.024,90,,,0
K2-148c,00 58 04.2759,-00 11 35.361,14,14,0.014,0.010,90,A,O,2020yCat.1350....0G,8.034,-38.792,-23.689,0.022,0.019,90,,,0
Kepler-995b,18 58 27.7705,+39 07 51.675,14,14,0.017,0.018,90,A,O,2020yCat.1350....0G,1.619,0.823,-5.326,0.024,0.023,90,,,0
Kepler-856b,19 18 24.9203,+46 18 53.818,14,14,0.021,0.023,90,A,O,2020yCat.1350....0G,0.724,0.527,-9.241,0.031,0.032,90,,,0
BD+31  2447c,13 03 55.6466,+30 38 24.278,14,14,0.013,0.008,90,A,O,2020yCat.1350....0G,4.106,-4.960,15.722,0.014,0.011,90,,,0
HD 220689b,23 25 52.9917,-20 36 57.699,14,14,0.023,0.018,90,A,O,2020yCat.1350....0G,21.307,-15.328,-177.593,0.032,0.023,90,,,0
CD-24  6144c,07 54 10.8827,-25 18 11.422,14,14,0.006,0.009,90,A,O,2020yCat.1350....0G,56.236,-300.856,201.042,0.008,0.011,90,,,0
HD  15337b,02 27 28.3781,-27 38 06.736,14,14,0.009,0.012,90,A,O,2020yCat.1350....0G,22.292,-73.581,-211.935,0.015,0.015,90,,,0
HD   1461c,00 18 41.8676,-08 03 10.803,14,14,0.025,0.016,90,A,O,2020yCat.1350....0G,42.731,417.579,-143.900,0.033,0.024,90,,,0
EPIC 212066407.01,08 39 21.2469,+21 23 26.981,14,14,0.073,0.047,90,A,O,2020yCat.1350....0G,1.621,4.500,-17.509,0.090,0.065,90,,,0
WASP-4b,23 34 15.0857,-42 03 41.047,14,14,0.009,0.009,90,A,O,2020yCat.1350....0G,3.662,9.950,-87.620,0.012,0.010,90,,,0
BD+47  2936b,19 50 50.2472,+48 04 51.101,14,14,0.009,0.010,90,A,O,2020yCat.1350....0G,26.427,126.095,232.726,0.013,0.013,90,,,0
HD 186641b,19 45 41.2746,-00 41 47.929,14,14,0.023,0.019,90,A,O,2020yCat.1350....0G,9.837,33.160,-53.971,0.029,0.022,90,,,0
HD 122430b,14 02 22.7821,-27 25 47.192,14,14,0.174,0.220,90,A,O,2020yCat.1350....0G,6.666,-32.183,-4.637,0.230,0.300,90,,,0
Kepler-1152b,19 21 44.1715,+44 06 27.579,14,14,0.014,0.015,90,A,O,2020yCat.1350....0G,4.668,16.705,27.671,0.019,0.019,90,,,0
TOI-1908b,00 16 35.1213,-10 58 35.095,14,14,0.021,0.015,90,A,O,2020yCat.1350....0G,1.851,1.769,-1.680,0.029,0.017,90,,,0
HD 102272b,11 46 23.5354,+14 07 26.352,14,14,0.026,0.022,90,A,O,2020yCat.1350....0G,2.821,-7.359,7.750,0.028,0.024,90,,,0
BD+76   227b,06 17 07.8623,+76 12 38.809,14,14,0.008,0.009,90,A,O,2020yCat.1350....0G,12.325,59.643,55.668,0.010,0.011,90,,,0
KOI-787.03,19 43 15.8784,+51 07 18.195,14,14,0.021,0.020,90,A,O,2020yCat.1350....0G,0.727,0.943,0.921,0.027,0.025,90,,,0
NAME TCP J05074264+2447555 b,05 07 42.7246,+24 47 56.378,14,14,0.021,0.012,90,A,O,2020yCat.1350....0G,1.375,-0.194,-7.536,0.026,0.017,90,,,0
Kepler-1791b,18 57 57.6763,+42 38 53.821,14,14,0.100,0.116,90,A,O,2020yCat.1350....0G,0.794,-0.234,-4.666,0.132,0.148,90,,,0
Kepler-1518c,20 01 19.7713,+44 59 10.114,14,14,0.009,0.010,90,A,O,2020yCat.1350....0G,1.058,-6.601,-8.452,0.012,0.013,90,,,0
Kepler-76b,19 36 46.1090,+39 37 08.340,14,14,0.009,0.010,90,A,O,2020yCat.1350....0G,1.198,-0.467,-2.522,0.011,0.012,90,,,0
Kepler-152c,19 07 27.7090,+41 59 20.681,14,14,0.012,0.013,90,A,O,2020yCat.1350....0G,2.246,-12.378,-28.131,0.016,0.017,90,,,0
K2-379b,18 52 07.6262,-27 10 49.955,14,14,0.014,0.013,90,A,O,2020yCat.1350....0G,5.451,-2.474,-43.086,0.017,0.014,90,,,0
BD+63  1405b,18 05 35.5654,+63 40 08.178,14,14,0.012,0.012,90,A,O,2020yCat.1350....0G,26.244,-26.322,248.002,0.016,0.016,90,,,0
Kepler-197c,19 40 54.3398,+50 33 32.423,14,14,0.009,0.010,90,A,O,2020yCat.1350....0G,2.923,8.526,52.997,0.013,0.014,90,,,0
TOI-2107b,19 07 11.1619,-58 41 48.479,14,14,0.027,0.026,90,A,O,2018yCat.1345....0G,4.196,3.888,-8.107,0.053,0.049,90,,,0
BD+40  3638d,19 14 45.2915,+41 09 04.210,14,14,0.010,0.010,90,A,O,2020yCat.1350....0G,3.318,1.256,-14.388,0.014,0.012,90,,,0
K2-107b,18 59 56.4921,-22 17 36.243,14,14,0.012,0.011,90,A,O,2020yCat.1350....0G,1.486,-6.270,-4.543,0.015,0.013,90,,,0
HATS-55b,07 37 08.0193,-32 45 19.515,14,14,0.008,0.010,90,A,O,2020yCat.1350....0G,1.633,-6.292,0.537,0.011,0.014,90,,,0
K2-146b,08 40 06.4242,+19 05 34.430,14,14,0.032,0.019,90,A,O,2020yCat.1350....0G,12.414,-15.914,-129.097,0.041,0.028,90,,,0
Kepler-166b,19 32 38.4339,+48 52 52.388,14,14,0.015,0.015,90,A,O,2020yCat.1350....0G,1.648,-6.685,-2.727,0.020,0.019,90,,,0
Kepler-1667b,18 54 07.9048,+48 05 39.355,14,14,0.009,0.012,90,A,O,2020yCat.1350....0G,1.605,2.076,22.041,0.012,0.014,90,,,0
Kepler-166d,19 32 38.4339,+48 52 52.388,14,14,0.015,0.015,90,A,O,2020yCat.1350....0G,1.648,-6.685,-2.727,0.020,0.019,90,,,0
HD 190007b,20 02 47.0456,+03 19 34.265,14,14,0.014,0.010,90,A,O,2020yCat.1350....0G,78.647,-90.383,119.430,0.019,0.013,90,,,0
Kepler-924b,19 22 40.4456,+40 23 51.748,14,14,0.012,0.012,90,A,O,2020yCat.1350....0G,0.903,-1.780,0.136,0.017,0.015,90,,,0
Kepler-46c,19 17 04.4929,+42 36 15.041,14,14,0.018,0.022,90,A,O,2020yCat.1350....0G,1.296,3.101,0.864,0.024,0.027,90,,,0
TOI-2064.01,16 56 31.3396,+44 18 09.548,14,14,0.009,0.009,90,A,O,2020yCat.1350....0G,4.015,-13.243,-27.016,0.011,0.014,90,,,0
Kepler-401d,19 20 19.8617,+50 51 48.538,14,14,0.010,0.009,90,A,O,2020yCat.1350....0G,1.002,-1.183,-10.884,0.012,0.011,90,,,0
Kepler-220c,19 26 01.4891,+46 53 44.783,14,14,0.010,0.011,90,A,O,2020yCat.1350....0G,5.853,-25.658,-34.137,0.015,0.014,90,,,0
K2-381b,19 12 06.4612,-21 00 27.507,14,14,0.014,0.013,90,A,O,2020yCat.1350....0G,6.851,-34.823,14.368,0.015,0.014,90,,,0
KMT-2016-BLG-1089b,17 42 23.31,-33 45 35.2,6,6,,,0,D,,2020AJ....159...91H,,,,,,0,,,0
Kepler-1390b,19 54 38.9695,+48 14 55.624,14,14,0.013,0.015,90,A,O,2020yCat.1350....0G,1.342,10.637,18.897,0.018,0.020,90,,,0
K2-130b,19 21 04.8632,-19 41 26.909,14,14,0.011,0.010,90,A,O,2020yCat.1350....0G,8.441,60.907,-15.397,0.014,0.012,90,,,0
HD  17926d,02 51 56.2461,-30 48 52.262,14,14,0.015,0.023,90,A,O,2020yCat.1350....0G,31.542,123.435,105.996,0.025,0.037,90,,,0
K2-352b,09 21 46.8434,+18 28 10.345,14,14,0.021,0.016,90,A,O,2020yCat.1350....0G,5.615,-7.265,20.324,0.028,0.023,90,,,0
TOI-620c,09 28 41.5890,-12 09 55.752,14,14,0.025,0.020,90,A,O,2020yCat.1350....0G,30.290,35.858,-389.785,0.032,0.020,90,,,0
LSPM J0106+1913b,01 06 36.9754,+19 13 33.163,14,14,0.030,0.024,90,A,O,2020yCat.1350....0G,40.452,-42.067,-222.790,0.047,0.032,90,,,0
Kepler-559b,19 46 32.8398,+43 48 10.028,14,14,0.016,0.017,90,A,O,2020yCat.1350....0G,1.284,9.225,2.083,0.020,0.021,90,,,0
TOI-3912b,14 23 12.3501,+24 04 35.635,14,14,0.008,0.009,90,A,O,2020yCat.1350....0G,2.149,7.746,-0.364,0.011,0.012,90,,,0
HD   3167d,00 34 57.5242,+04 22 53.284,14,14,0.016,0.012,90,A,O,2020yCat.1350....0G,21.136,107.569,-173.334,0.025,0.027,90,,,0
Kepler-1318b,19 21 30.3095,+41 09 02.687,14,14,0.018,0.018,90,A,O,2020yCat.1350....0G,2.150,6.098,10.737,0.024,0.023,90,,,0
NAME PM J01276+7217b,01 27 40.9728,+72 17 47.186,14,14,0.011,0.012,90,A,O,2020yCat.1350....0G,22.226,71.628,40.450,0.013,0.019,90,,,0
Kepler-2000c,19 02 17.8440,+49 57 44.237,14,14,0.020,0.025,90,A,O,2020yCat.1350....0G,3.118,-7.014,-38.647,0.027,0.032,90,,,0
HATS-76b,04 41 21.5506,-32 19 12.904,14,14,0.026,0.034,90,A,O,2018yCat.1345....0G,2.564,-5.429,-38.609,0.057,0.090,90,,,0
K2-32e,16 49 42.2601,-19 32 34.151,14,14,0.014,0.007,90,A,O,2020yCat.1350....0G,6.394,-16.662,-53.564,0.018,0.013,90,,,0
EPIC 211439059.01,08 47 53.6406,+12 13 54.870,14,14,0.449,0.274,90,A,O,2020yCat.1350....0G,4.017,2.901,-28.103,0.563,0.454,90,,,0
Kepler-221c,19 46 37.1434,+46 50 06.841,14,14,0.011,0.012,90,A,O,2020yCat.1350....0G,2.615,-2.653,-2.236,0.016,0.016,90,,,0
HD  80653b,09 21 21.4157,+14 22 04.546,14,14,0.017,0.013,90,A,O,2020yCat.1350....0G,9.260,-33.297,-14.040,0.023,0.017,90,,,0
HD 154672b,17 10 04.9107,-56 26 57.370,14,14,0.017,0.013,90,A,O,2020yCat.1350....0G,15.819,30.213,-124.135,0.017,0.014,90,,,0
Kepler-1130e,19 00 49.7878,+45 23 03.605,14,14,0.010,0.010,90,A,O,2020yCat.1350....0G,3.949,-4.599,-0.419,0.013,0.013,90,,,0
Kepler-455b,19 39 47.9634,+38 36 18.628,14,14,0.012,0.014,90,A,O,2020yCat.1350....0G,0.843,-1.745,2.836,0.015,0.017,90,,,0
BD+73   323b,06 19 10.3709,+73 49 39.587,14,14,0.015,0.019,90,A,O,2020yCat.1350....0G,4.313,-16.628,-22.275,0.017,0.024,90,,,0
TOI-3364b,09 38 09.1068,-49 20 07.018,14,14,0.011,0.011,90,A,O,2020yCat.1350....0G,3.652,-26.417,14.037,0.014,0.013,90,,,0
Kepler-945b,19 25 04.7401,+42 05 45.767,14,14,0.025,0.026,90,A,O,2020yCat.1350....0G,0.605,-2.595,-3.749,0.036,0.036,90,,,0
Kepler-1366b,19 00 15.5799,+41 33 17.557,14,14,0.029,0.029,90,A,O,2020yCat.1350....0G,2.140,-5.556,-7.116,0.037,0.039,90,,,0
K2-260b,05 07 28.1589,+16 52 03.795,14,14,0.015,0.009,90,A,O,2020yCat.1350....0G,1.470,0.646,-6.034,0.018,0.013,90,,,0
Kepler-1399b,19 33 14.8070,+46 02 30.082,14,14,0.020,0.023,90,A,O,2020yCat.1350....0G,0.746,0.001,-8.806,0.026,0.028,90,,,0
Kepler-578b,19 15 01.1886,+39 33 49.177,14,14,0.014,0.016,90,A,O,2020yCat.1350....0G,1.845,6.319,8.294,0.018,0.019,90,,,0
Kepler-308c,19 43 08.4407,+40 26 22.364,14,14,0.024,0.027,90,A,O,2020yCat.1350....0G,0.727,12.772,6.887,0.033,0.034,90,,,0
Kepler-121b,19 04 38.8956,+39 40 40.857,14,14,0.015,0.017,90,A,O,2020yCat.1350....0G,1.920,11.077,1.031,0.023,0.021,90,,,0
HD 215497b,22 46 36.7539,-56 35 58.326,14,14,0.009,0.011,90,A,O,2020yCat.1350....0G,24.657,-54.666,-61.147,0.011,0.014,90,,,0
Kepler-334d,19 08 33.7575,+47 06 54.721,14,14,0.010,0.011,90,A,O,2020yCat.1350....0G,2.361,-6.128,-19.764,0.014,0.015,90,,,0
Kepler-1666b,19 51 48.3843,+46 15 52.966,14,14,0.017,0.018,90,A,O,2020yCat.1350....0G,0.680,0.899,-2.440,0.022,0.022,90,,,0
Kepler-569b,18 54 01.7407,+48 33 09.400,14,14,0.011,0.012,90,A,O,2020yCat.1350....0G,1.534,-5.225,5.049,0.014,0.016,90,,,0
Kepler-25c,19 06 33.2141,+39 29 16.358,14,14,0.010,0.010,90,A,O,2020yCat.1350....0G,4.146,-0.303,6.109,0.014,0.013,90,,,0
Kepler-1943b,19 33 16.3910,+41 06 59.928,14,14,0.010,0.011,90,A,O,2020yCat.1350....0G,0.996,0.283,5.332,0.014,0.016,90,,,0
Kepler-56b,19 35 02.0011,+41 52 18.692,14,14,0.009,0.010,90,A,O,2020yCat.1350....0G,1.075,-6.596,-12.081,0.012,0.013,90,,,0
TOI-561d,09 52 44.5491,+06 12 58.920,14,14,0.019,0.021,90,A,O,2020yCat.1350....0G,11.834,-108.504,-61.279,0.022,0.019,90,,,0
K2-300b,22 44 57.7798,-13 54 03.269,14,14,0.046,0.036,90,A,O,2020yCat.1350....0G,6.183,-66.124,-49.700,0.062,0.043,90,,,0
NAME OGLE-2016-BLG-1800Lb,17 59 36.77,-30 51 55.3,6,6,,,0,D,,2024AJ....167..269S,,,,,,0,,,0
Kepler-1814b,19 00 52.0051,+41 16 56.829,14,14,0.022,0.024,90,A,O,2020yCat.1350....0G,1.415,-1.985,-1.781,0.032,0.032,90,,,0
Kepler-400c,19 23 46.6718,+40 28 48.306,14,14,0.346,0.369,90,A,O,2020yCat.1350....0G,1.785,-0.438,-7.540,0.470,0.457,90,,,0
NAME L 675-81b,08 40 59.2057,-23 27 22.592,14,14,0.033,0.028,90,A,O,2020yCat.1350....0G,65.877,-461.344,805.221,0.041,0.038,90,,,0
Kepler-207b,19 20 07.3247,+42 09 57.757,14,14,0.008,0.010,90,A,O,2020yCat.1350....0G,1.128,-0.064,2.746,0.012,0.014,90,,,0
Kepler-203c,19 48 21.5923,+41 23 16.986,14,14,0.011,0.012,90,A,O,2020yCat.1350....0G,1.396,-1.596,3.933,0.014,0.015,90,,,0
Kepler-1235b,18 59 36.7231,+43 57 14.231,14,14,0.010,0.012,90,A,O,2020yCat.1350....0G,1.854,9.113,25.152,0.015,0.014,90,,,0
HD 180617b,19 16 55.2565,+05 10 08.040,14,14,0.020,0.019,90,A,O,2020yCat.1350....0G,169.061,-579.081,-1332.868,0.025,0.021,90,,,0
HD 168769b,18 23 19.6345,-39 31 12.006,14,14,0.022,0.017,90,A,O,2020yCat.1350....0G,17.672,-1.784,0.193,0.028,0.021,90,,,0
Kepler-1126c,19 02 46.0806,+45 41 21.781,14,14,0.011,0.013,90,A,O,2020yCat.1350....0G,1.548,-7.712,3.609,0.014,0.015,90,,,0
HD 110067d,12 39 21.5036,+20 01 40.035,14,14,0.017,0.011,90,A,O,2020yCat.1350....0G,31.037,-81.703,-104.532,0.026,0.022,90,,,0
HD  63433b,07 49 55.0606,+27 21 47.457,14,14,0.019,0.014,90,A,O,2020yCat.1350....0G,44.685,-10.220,-11.235,0.022,0.014,90,,,0
Kepler-400b,19 23 46.6718,+40 28 48.306,14,14,0.346,0.369,90,A,O,2020yCat.1350....0G,1.785,-0.438,-7.540,0.470,0.457,90,,,0
LSPM J2041+4938b,20 41 47.4435,+49 38 48.149,14,14,0.014,0.014,90,A,O,2020yCat.1350....0G,43.440,158.334,44.342,0.019,0.019,90,,,0
HD 182488b,19 23 34.0131,+33 13 19.078,14,14,0.011,0.014,90,A,O,2020yCat.1350....0G,64.070,81.966,160.158,0.013,0.016,90,,,0
HD 211970b,22 22 16.2061,-54 33 38.204,14,14,0.012,0.015,90,A,O,2020yCat.1350....0G,76.159,-184.202,234.975,0.017,0.019,90,,,0
Kepler-1261b,19 00 55.7944,+48 48 24.193,14,14,0.021,0.021,90,A,O,2020yCat.1350....0G,1.315,0.251,-5.603,0.031,0.028,90,,,0
Kepler-418b,19 37 44.0464,+38 21 19.662,14,14,0.013,0.014,90,A,O,2020yCat.1350....0G,1.008,-0.766,2.572,0.017,0.018,90,,,0
Kepler-1321d,19 38 06.8698,+46 38 27.477,14,14,0.044,0.050,90,A,O,2020yCat.1350....0G,1.321,-4.357,-21.432,0.057,0.062,90,,,0
HD 200964c,21 06 39.8422,+03 48 11.226,14,14,0.022,0.019,90,A,O,2020yCat.1350....0G,13.766,94.748,50.418,0.029,0.022,90,,,0
Kepler-388c,18 59 18.7306,+44 36 31.408,14,14,0.124,0.131,90,A,O,2020yCat.1350....0G,1.642,2.212,-18.455,0.155,0.161,90,,,0
Kepler-213c,19 23 17.8053,+44 38 49.860,14,14,0.010,0.011,90,A,O,2020yCat.1350....0G,1.595,0.642,23.131,0.013,0.014,90,,,0
HD  33283b,05 08 01.0123,-26 47 50.894,14,14,0.012,0.015,90,A,O,2020yCat.1350....0G,11.160,56.167,-46.048,0.016,0.019,90,,,0
HD  67087c,08 07 39.7559,+31 33 04.740,14,14,0.023,0.018,90,A,O,2020yCat.1350....0G,13.074,-16.332,-37.521,0.026,0.019,90,,,0
K2-138b,23 15 47.7686,-10 50 58.895,14,14,0.013,0.013,90,A,O,2020yCat.1350....0G,4.944,-1.080,-10.675,0.017,0.015,90,,,0
NAME V* V1069 Tau b,04 18 51.7036,+17 23 16.582,14,14,0.013,0.009,90,A,O,2020yCat.1350....0G,8.224,2.935,-13.237,0.017,0.014,90,K4,,0
Kepler-1789b,18 51 27.1732,+41 47 48.036,14,14,0.013,0.013,90,A,O,2020yCat.1350....0G,1.618,-13.872,-10.128,0.017,0.017,90,,,0
Kepler-104b,19 10 25.1128,+42 10 00.255,14,14,0.009,0.009,90,A,O,2020yCat.1350....0G,2.473,4.317,-52.767,0.010,0.011,90,,,0
Kepler-920c,18 57 11.2749,+49 09 31.247,14,14,0.017,0.021,90,A,O,2020yCat.1350....0G,1.043,-6.460,-18.932,0.023,0.024,90,,,0
HAT-P-24b,07 15 18.0193,+14 15 45.408,14,14,0.012,0.011,90,A,O,2020yCat.1350....0G,2.420,8.193,-1.595,0.015,0.012,90,,,0
Kepler-208b,19 35 33.6470,+42 31 40.724,14,14,0.009,0.010,90,A,O,2020yCat.1350....0G,1.286,0.351,-8.794,0.012,0.012,90,,,0
* iot Hor b,02 42 33.4666,-50 48 01.055,14,14,0.029,0.034,90,A,O,2020yCat.1350....0G,57.613,333.716,219.423,0.035,0.042,90,,,0
Kepler-1342b,19 48 04.8139,+43 25 57.211,14,14,0.020,0.021,90,A,O,2020yCat.1350....0G,1.137,-0.558,-4.747,0.027,0.027,90,,,0
BD+15  2940b,16 00 22.9372,+15 32 48.951,14,14,0.013,0.011,90,A,O,2020yCat.1350....0G,2.455,15.231,-41.915,0.015,0.013,90,,,0
HD 108874c,12 30 26.8817,+22 52 47.377,14,14,0.019,0.021,90,A,O,2020yCat.1350....0G,16.727,127.469,-89.912,0.025,0.027,90,,,0
TOI-4329b,21 58 15.3253,+71 07 53.771,14,14,0.009,0.009,90,A,O,2020yCat.1350....0G,1.445,4.457,0.330,0.013,0.011,90,,,0
Kepler-766b,19 32 44.2855,+37 58 11.400,14,14,0.022,0.023,90,A,O,2020yCat.1350....0G,0.424,-1.632,0.528,0.028,0.029,90,,,0
Kepler-632b,19 49 00.5998,+40 17 18.555,14,14,0.819,0.957,90,C,O,2020yCat.1350....0G,,-27.100,-18.200,2.400,2.300,90,,,0
Kepler-722c,19 21 03.1938,+44 33 23.198,14,14,0.021,0.024,90,A,O,2020yCat.1350....0G,0.804,-3.364,-9.006,0.028,0.030,90,,,0
Kepler-362c,19 27 05.1949,+47 31 47.697,14,14,0.039,0.044,90,A,O,2020yCat.1350....0G,0.961,-6.704,0.788,0.051,0.055,90,,,0
Kepler-99b,19 49 24.9577,+41 18 00.214,14,14,0.012,0.013,90,A,O,2020yCat.1350....0G,4.801,1.504,-3.332,0.015,0.016,90,,,0
Kepler-801b,19 04 18.0532,+44 39 52.692,14,14,0.018,0.019,90,A,O,2020yCat.1350....0G,2.256,-6.641,-2.144,0.022,0.025,90,,,0
TOI-4184b,02 55 18.3882,-79 24 55.506,14,14,0.028,0.025,90,A,O,2020yCat.1350....0G,14.451,79.231,165.930,0.033,0.031,90,,,0
Kepler-1937b,19 22 38.0139,+40 46 42.762,14,14,0.011,0.013,90,A,O,2020yCat.1350....0G,1.093,0.145,-1.567,0.014,0.016,90,,,0
Kepler-518b,19 08 21.5983,+41 22 25.861,14,14,0.009,0.009,90,A,O,2020yCat.1350....0G,2.976,4.536,-21.559,0.012,0.011,90,,,0
Kepler-184b,19 27 48.4549,+43 04 28.973,14,14,0.012,0.012,90,A,O,2020yCat.1350....0G,1.623,-2.898,-22.696,0.016,0.016,90,,,0
NAME TIC 279401253 c,03 50 37.7059,-15 01 33.997,14,14,0.019,0.014,90,A,O,2020yCat.1350....0G,3.483,26.874,-26.601,0.024,0.018,90,,,0
Kepler-515b,19 21 58.6297,+52 03 20.153,10,10,84.000,43.000,90,B,O,2012yCat.1322....0Z,,-25.400,-69.700,4.200,3.100,90,,,0
Kepler-922b,18 58 55.5556,+49 31 59.451,14,14,0.010,0.011,90,A,O,2020yCat.1350....0G,1.832,19.053,-7.434,0.014,0.015,90,,,0
Kepler-1482b,19 01 15.3138,+48 43 30.975,14,14,0.027,0.028,90,A,O,2020yCat.1350....0G,1.792,1.996,-0.237,0.036,0.034,90,,,0
Kepler-245d,19 26 33.3541,+42 26 10.779,14,14,0.022,0.024,90,A,O,2020yCat.1350....0G,1.181,3.679,4.797,0.031,0.032,90,,,0
HATS-30b,00 22 28.4921,-59 56 33.243,14,14,0.008,0.008,90,A,O,2020yCat.1350....0G,2.912,-22.340,-5.039,0.010,0.011,90,,,0
HD  80606b,09 22 37.5768,+50 36 13.435,14,14,0.013,0.011,90,A,O,2020yCat.1350....0G,15.144,56.022,10.331,0.015,0.015,90,,,0
Kepler-618b,19 04 59.9598,+48 03 39.363,14,14,0.016,0.018,90,A,O,2020yCat.1350....0G,0.826,3.081,-2.044,0.021,0.022,90,,,0
Kepler-1174b,18 47 19.5468,+42 17 56.020,14,14,0.011,0.012,90,A,O,2020yCat.1350....0G,0.699,-2.668,-0.811,0.016,0.017,90,,,0
HD 109271c,12 33 35.5545,-11 37 18.728,14,14,0.033,0.019,90,A,O,2020yCat.1350....0G,17.908,-169.971,81.000,0.047,0.040,90,,,0
Kepler-755c,19 47 26.6455,+41 05 50.633,14,14,0.010,0.012,90,A,O,2020yCat.1350....0G,2.466,-15.449,-18.684,0.014,0.016,90,,,0
Kepler-625b,19 28 36.1086,+39 38 15.223,14,14,0.009,0.011,90,A,O,2020yCat.1350....0G,1.302,3.491,-8.519,0.011,0.013,90,,,0
Kepler-139e,18 49 34.0590,+43 53 21.647,14,14,0.009,0.009,90,A,O,2020yCat.1350....0G,2.550,5.456,16.275,0.012,0.012,90,,,0
Kepler-1448b,19 11 28.1835,+50 35 44.144,14,14,0.012,0.015,90,A,O,2020yCat.1350....0G,1.291,-2.812,-2.570,0.016,0.022,90,,,0
Kepler-989b,18 46 19.8975,+47 14 01.066,14,14,0.014,0.013,90,A,O,2020yCat.1350....0G,2.025,-17.029,-37.663,0.018,0.018,90,,,0
HD 142245b,15 52 56.2800,+15 25 50.537,14,14,0.017,0.014,90,A,O,2020yCat.1350....0G,10.237,-57.312,-21.641,0.020,0.017,90,,,0
CD-37 15287b,23 32 14.8377,-37 15 21.133,14,14,0.012,0.012,90,A,O,2020yCat.1350....0G,9.901,44.660,1.741,0.013,0.014,90,,,0
Kepler-1905b,19 30 17.6012,+46 22 00.601,14,14,0.017,0.019,90,A,O,2020yCat.1350....0G,0.943,1.417,-1.481,0.022,0.023,90,,,0
Kepler-75b,19 24 33.0185,+36 34 38.477,14,14,0.016,0.019,90,A,O,2020yCat.1350....0G,1.231,8.004,-2.465,0.022,0.023,90,,,0
Kepler-667b,19 42 13.2025,+49 01 02.378,14,14,0.020,0.020,90,A,O,2020yCat.1350....0G,0.446,-2.881,-7.401,0.026,0.027,90,,,0
Kepler-1502b,19 44 25.9021,+39 19 11.722,14,14,0.011,0.014,90,A,O,2020yCat.1350....0G,0.617,0.269,-0.660,0.014,0.016,90,,,0
Kepler-1723b,19 37 51.0525,+46 49 17.236,14,14,0.013,0.013,90,A,O,2020yCat.1350....0G,1.242,2.709,-12.148,0.017,0.016,90,,,0
HD  87883b,10 08 43.1405,+34 14 32.146,14,14,0.020,0.019,90,A,O,2020yCat.1350....0G,54.668,-64.293,-61.438,0.027,0.025,90,,,0
Kepler-189b,19 10 15.5282,+44 18 18.006,14,14,0.015,0.018,90,A,O,2020yCat.1350....0G,1.693,-11.864,14.932,0.020,0.023,90,,,0
HD  99109b,11 24 17.3585,-01 31 44.666,14,14,0.017,0.013,90,A,O,2020yCat.1350....0G,18.178,-178.689,-159.528,0.022,0.015,90,,,0
Kepler-272c,19 56 30.6090,+47 35 37.816,14,14,0.014,0.015,90,A,O,2020yCat.1350....0G,1.092,-1.902,-1.371,0.020,0.022,90,,,0
WASP-66b,10 32 53.9927,-34 59 23.457,14,14,0.020,0.020,90,A,O,2020yCat.1350....0G,1.996,11.452,-13.476,0.028,0.029,90,,,0
Kepler-1329b,18 46 35.4566,+48 16 15.658,14,14,0.025,0.028,90,A,O,2020yCat.1350....0G,1.649,-14.300,-14.860,0.033,0.033,90,,,0
TOI-2179b,01 29 46.9565,-60 44 23.836,14,14,0.009,0.009,90,A,O,2020yCat.1350....0G,3.248,18.124,10.445,0.011,0.012,90,,,0
Kepler-749b,19 59 35.3420,+43 54 14.097,14,14,0.025,0.029,90,A,O,2020yCat.1350....0G,1.317,12.641,35.018,0.031,0.035,90,,,0
Kepler-1493b,19 14 11.8023,+38 33 54.757,10,10,14.000,14.000,90,B,O,2012yCat.1322....0Z,,9.900,-1.700,2.600,2.800,90,,,0
BD+48  2893c,19 24 07.7659,+49 02 24.928,14,14,0.009,0.011,90,A,O,2020yCat.1350....0G,6.930,-7.305,-10.454,0.012,0.013,90,,,0
HD  20781b,03 20 02.9428,-28 47 01.790,14,14,0.010,0.015,90,A,O,2020yCat.1350....0G,27.812,348.869,-66.614,0.015,0.019,90,,,0
Kepler-1453b,19 04 30.1266,+47 56 51.226,14,14,0.020,0.023,90,A,O,2020yCat.1350....0G,0.809,-3.767,-1.045,0.027,0.030,90,,,0
Kepler-1436b,19 50 50.7747,+46 46 04.797,14,14,0.016,0.017,90,A,O,2020yCat.1350....0G,0.386,-1.361,-4.142,0.021,0.023,90,,,0
HD 148156b,16 28 17.2846,-46 19 03.462,14,14,0.016,0.009,90,A,O,2020yCat.1350....0G,17.507,45.530,27.874,0.020,0.015,90,,,0
HD   1605b,00 20 31.5189,+30 58 29.302,14,14,0.018,0.012,90,A,O,2020yCat.1350....0G,11.355,84.836,59.208,0.023,0.020,90,,,0
Kepler-1832b,19 59 24.4387,+43 43 55.869,14,14,0.013,0.016,90,A,O,2020yCat.1350....0G,2.003,-8.424,-29.008,0.016,0.020,90,,,0
Kepler-154e,19 19 07.3336,+49 53 47.550,14,14,0.014,0.015,90,A,O,2020yCat.1350....0G,1.069,-2.610,4.754,0.019,0.018,90,,,0
Kepler-795b,19 24 04.5628,+38 32 43.903,14,14,0.008,0.010,90,A,O,2020yCat.1350....0G,2.023,-3.050,10.233,0.011,0.012,90,,,0
HD 170707b,18 33 33.3861,-50 12 41.747,14,14,0.018,0.017,90,A,O,2020yCat.1350....0G,10.732,25.651,-22.184,0.021,0.019,90,,,0
Kepler-218c,19 41 39.0786,+46 15 59.364,14,14,0.011,0.011,90,A,O,2020yCat.1350....0G,1.493,8.129,20.888,0.015,0.015,90,,,0
Kepler-320b,19 32 51.2381,+46 10 30.406,14,14,0.009,0.011,90,A,O,2020yCat.1350....0G,1.216,3.716,7.583,0.013,0.013,90,,,0
HATS-66b,06 45 34.7572,-33 52 54.130,14,14,0.011,0.012,90,A,O,2020yCat.1350....0G,0.648,-3.316,2.559,0.015,0.015,90,,,0
Kepler-1139b,19 11 46.9470,+39 13 50.001,14,14,0.012,0.013,90,A,O,2020yCat.1350....0G,1.997,-2.523,-6.460,0.017,0.017,90,,,0
HD 158259b,17 25 24.0552,+52 47 26.469,14,14,0.020,0.018,90,A,O,2020yCat.1350....0G,37.018,-90.678,-49.702,0.026,0.023,90,,,0
Kepler-1620b,19 49 05.0182,+46 55 42.503,14,14,0.714,0.814,90,C,O,2020yCat.1350....0G,,-4.100,15.900,2.400,2.700,90,,,0
HD  72659b,08 34 03.1898,-01 34 05.582,14,14,0.018,0.011,90,A,O,2020yCat.1350....0G,19.258,-112.313,-96.386,0.026,0.018,90,,,0
NAME HD 207496 b,21 54 51.3012,-77 20 16.794,14,14,0.015,0.015,90,A,O,2020yCat.1350....0G,42.293,224.795,-186.728,0.018,0.019,90,,,0
Kepler-1311d,19 18 36.2976,+43 49 27.903,14,14,0.009,0.010,90,A,O,2020yCat.1350....0G,1.159,3.238,6.265,0.011,0.014,90,,,0
Kepler-90g,18 57 44.0383,+49 18 18.496,14,14,0.010,0.011,90,A,O,2020yCat.1350....0G,1.169,-4.350,-3.256,0.012,0.014,90,,,0
Kepler-60b,19 15 50.6983,+42 15 54.050,14,14,0.011,0.014,90,A,O,2020yCat.1350....0G,0.935,1.781,7.722,0.014,0.015,90,,,0
K2-267b,05 15 40.7538,+16 16 43.517,14,14,0.020,0.013,90,A,O,2020yCat.1350....0G,2.646,2.627,-12.926,0.024,0.018,90,,,0
BD+40  2790c,14 29 34.2426,+39 47 25.543,14,14,0.008,0.010,90,A,O,2020yCat.1350....0G,23.805,-118.071,-6.860,0.010,0.013,90,,,0
Kepler-1711b,19 52 42.5378,+42 14 13.289,10,10,22.000,12.000,90,B,O,2012yCat.1322....0Z,,5.500,6.100,3.500,1.400,90,,,0
Kepler-1250b,19 11 10.5248,+45 58 48.911,14,14,0.023,0.025,90,A,O,2020yCat.1350....0G,0.443,-5.671,-0.926,0.031,0.032,90,,,0
CD-27 15244b,21 06 31.6561,-26 41 33.476,14,14,0.020,0.015,90,A,O,2020yCat.1350....0G,2.786,-4.438,-54.154,0.023,0.019,90,,,0
HD 158259e,17 25 24.0552,+52 47 26.469,14,14,0.020,0.018,90,A,O,2020yCat.1350....0G,37.018,-90.678,-49.702,0.026,0.023,90,,,0
NAME LP 791-18c,11 02 45.9546,-16 24 22.288,14,14,0.036,0.029,90,A,O,2020yCat.1350....0G,37.523,-221.291,-58.841,0.043,0.038,90,,,0
Kepler-132c,18 52 56.5641,+41 20 34.997,14,14,0.042,0.045,90,A,O,2020yCat.1350....0G,2.628,-21.100,-0.781,0.055,0.061,90,,,0
Kepler-282b,18 58 42.5471,+44 47 51.598,14,14,0.018,0.019,90,A,O,2020yCat.1350....0G,0.745,-6.523,-6.070,0.022,0.024,90,,,0
Kepler-560b,20 00 49.4707,+45 01 05.372,14,14,0.016,0.016,90,A,O,2020yCat.1350....0G,9.139,84.708,18.854,0.020,0.019,90,,,0
Kepler-149b,19 03 24.8908,+38 23 02.810,14,14,0.010,0.011,90,A,O,2020yCat.1350....0G,1.719,-1.927,-5.214,0.014,0.015,90,,,0
Kepler-1958b,19 16 25.0031,+41 41 24.499,14,14,0.019,0.022,90,A,O,2020yCat.1350....0G,0.790,-2.707,-5.805,0.024,0.027,90,,,0
Kepler-232b,19 43 15.8784,+51 07 18.195,14,14,0.021,0.020,90,A,O,2020yCat.1350....0G,0.727,0.943,0.921,0.027,0.025,90,,,0
HD  10180h,01 37 53.5772,-60 30 41.482,14,14,0.013,0.013,90,A,O,2020yCat.1350....0G,25.661,-14.303,8.058,0.017,0.016,90,,,0
TRAPPIST-1g,23 06 29.3684,-05 02 29.037,14,14,0.062,0.054,90,A,O,2020yCat.1350....0G,80.212,930.788,-479.038,0.087,0.070,90,,,0
Kepler-734b,19 48 10.9530,+46 01 38.578,14,14,0.013,0.014,90,A,O,2020yCat.1350....0G,0.851,-4.096,1.473,0.017,0.019,90,,,0
TOI-654.01,10 58 53.7891,-05 32 47.036,14,14,0.016,0.013,90,A,O,2020yCat.1350....0G,17.286,99.296,-266.053,0.022,0.017,90,,,0
WASP-138b,02 46 33.3866,-00 27 50.314,14,14,0.014,0.012,90,A,O,2020yCat.1350....0G,2.442,11.284,-34.629,0.017,0.014,90,,,0
Kepler-894b,19 14 56.1794,+46 56 21.787,14,14,0.021,0.021,90,A,O,2020yCat.1350....0G,0.852,-4.709,-5.198,0.029,0.028,90,,,0
TOI-1680b,19 29 15.2115,+65 58 27.727,14,14,0.017,0.016,90,A,O,2020yCat.1350....0G,26.886,56.490,-131.659,0.022,0.020,90,,,0
Kepler-552b,19 22 59.4496,+48 14 31.188,14,14,0.013,0.013,90,A,O,2020yCat.1350....0G,1.146,-2.567,-2.986,0.018,0.016,90,,,0
Kepler-1684b,19 36 01.2948,+46 18 38.408,14,14,0.023,0.023,90,A,O,2020yCat.1350....0G,1.601,3.668,-1.507,0.032,0.030,90,,,0
HATS-59b,11 21 17.8649,-22 23 17.452,14,14,0.014,0.013,90,A,O,2020yCat.1350....0G,1.571,-24.129,0.974,0.018,0.016,90,,,0
Kepler-880c,18 47 53.0921,+43 40 21.888,14,14,0.009,0.011,90,A,O,2020yCat.1350....0G,1.670,2.935,8.601,0.013,0.014,90,,,0
Kepler-195c,19 12 29.0212,+47 58 00.080,14,14,0.016,0.016,90,A,O,2020yCat.1350....0G,1.508,1.886,-17.405,0.021,0.021,90,,,0
NAME LP 791-18b,11 02 45.9546,-16 24 22.288,14,14,0.036,0.029,90,A,O,2020yCat.1350....0G,37.523,-221.291,-58.841,0.043,0.038,90,,,0
HD 159868c,17 38 59.5268,-43 08 43.842,14,14,0.018,0.016,90,A,O,2020yCat.1350....0G,17.875,-230.824,-167.903,0.023,0.015,90,,,0
HD 212771b,22 27 03.0720,-17 15 49.164,14,14,0.025,0.028,90,A,O,2020yCat.1350....0G,8.965,-85.892,-104.042,0.031,0.029,90,,,0
TOI-3629.01,23 59 10.1643,+39 18 51.304,14,14,0.011,0.010,90,A,O,2020yCat.1350....0G,7.667,185.707,1.010,0.012,0.012,90,,,0
K2-47b,11 14 19.8254,+02 46 50.522,14,14,0.017,0.022,90,A,O,2020yCat.1350....0G,2.826,-8.427,-32.372,0.022,0.022,90,,,0
NAME PM J03455+3706b,03 45 33.6408,+37 06 43.999,14,14,0.014,0.011,90,A,O,2020yCat.1350....0G,28.512,81.348,13.548,0.020,0.015,90,,,0
Kepler-15b,19 44 48.1365,+49 08 24.297,14,14,0.011,0.015,90,A,O,2020yCat.1350....0G,1.318,-2.755,-12.129,0.015,0.017,90,,,0
Kepler-374b,19 36 33.1030,+42 22 13.721,14,14,0.014,0.016,90,A,O,2020yCat.1350....0G,0.806,-6.412,-16.445,0.018,0.020,90,,,0
HD  50554b,06 54 42.8261,+24 14 44.005,14,14,0.021,0.020,90,A,O,2020yCat.1350....0G,32.185,-35.839,-96.668,0.026,0.022,90,,,0
Kepler-144b,18 47 39.7572,+42 46 31.843,14,14,0.009,0.009,90,A,O,2020yCat.1350....0G,2.522,-7.192,9.593,0.011,0.012,90,,,0
Kepler-1513c,19 19 09.9941,+39 17 06.928,14,14,0.011,0.012,90,A,O,2020yCat.1350....0G,2.845,20.439,1.745,0.015,0.015,90,,,0
Kepler-843b,19 45 17.2777,+48 58 17.223,14,14,0.021,0.025,90,A,O,2020yCat.1350....0G,0.815,-1.852,-3.211,0.027,0.030,90,,,0
BD-10    47b,00 19 05.5623,-09 57 53.468,14,14,0.016,0.011,90,A,O,2020yCat.1350....0G,49.476,-36.325,-301.491,0.022,0.013,90,,,0
[QWL2012] Pr0211c,08 42 11.4988,+19 16 37.237,14,14,0.016,0.009,90,A,O,2020yCat.1350....0G,5.439,-36.820,-12.384,0.019,0.014,90,,,0
Kepler-1987c,19 43 18.1226,+42 56 36.200,14,14,0.021,0.023,90,A,O,2020yCat.1350....0G,1.645,-7.619,-4.056,0.030,0.032,90,,,0
K2-58d,22 15 17.2365,-14 02 59.313,14,14,0.015,0.015,90,A,O,2020yCat.1350....0G,5.493,4.679,-11.111,0.019,0.016,90,,,0
Kepler-210b,19 30 00.8101,+43 04 59.363,14,14,0.010,0.011,90,A,O,2020yCat.1350....0G,4.291,7.475,14.473,0.015,0.014,90,,,0
Kepler-896b,18 49 45.3985,+43 44 04.082,14,14,0.020,0.021,90,A,O,2020yCat.1350....0G,0.391,-3.423,-8.912,0.025,0.025,90,,,0
K2-166c,12 20 45.1914,+02 16 56.791,14,14,0.014,0.011,90,A,O,2020yCat.1350....0G,2.069,-47.424,-14.716,0.020,0.014,90,,,0
Kepler-394d,19 45 12.4696,+50 40 20.377,14,14,0.016,0.016,90,A,O,2020yCat.1350....0G,0.947,3.313,-3.608,0.022,0.021,90,,,0
HD 116029c,13 20 39.5420,+24 38 55.310,14,14,0.017,0.012,90,A,O,2020yCat.1350....0G,8.120,-14.322,-52.252,0.025,0.017,90,,,0
K2-381d,19 12 06.4612,-21 00 27.507,14,14,0.014,0.013,90,A,O,2020yCat.1350....0G,6.851,-34.823,14.368,0.015,0.014,90,,,0
HD  34445g,05 17 40.9803,+07 21 12.053,14,14,0.018,0.014,90,A,O,2020yCat.1350....0G,21.837,-0.725,-146.886,0.023,0.015,90,,,0
*  70 Vir b,13 28 25.8085,+13 46 43.638,14,14,0.051,0.035,90,A,O,2020yCat.1350....0G,55.251,-235.951,-575.969,0.075,0.032,90,,,0
K2-395c,04 41 46.5260,+16 40 27.990,14,14,0.017,0.008,90,A,O,2020yCat.1350....0G,3.451,2.181,-23.292,0.026,0.015,90,,,0
Kepler-1086b,19 41 00.2795,+45 50 34.686,14,14,0.023,0.023,90,A,O,2020yCat.1350....0G,2.129,3.604,-3.453,0.030,0.028,90,,,0
WASP-67b,19 42 58.5218,-19 56 58.521,14,14,0.011,0.009,90,A,O,2020yCat.1350....0G,5.272,1.647,-33.032,0.014,0.011,90,,,0
Kepler-1347b,19 58 38.3011,+40 50 37.876,14,14,0.628,0.670,90,C,O,2020yCat.1350....0G,,2.500,-0.900,2.300,2.600,90,,,0
HD  73583c,08 38 45.2603,-13 15 24.092,14,14,0.011,0.009,90,A,O,2020yCat.1350....0G,31.657,-63.831,38.482,0.017,0.013,90,,,0
Kepler-83c,18 48 55.8020,+43 39 56.249,14,14,0.023,0.025,90,A,O,2020yCat.1350....0G,2.516,1.897,-13.634,0.029,0.032,90,,,0
BD+36   344b,01 54 38.4963,+37 00 18.446,14,14,0.024,0.017,90,A,O,2020yCat.1350....0G,7.099,-15.987,-19.173,0.022,0.023,90,,,0
Kepler-1409b,19 20 20.3423,+51 12 30.988,14,14,0.016,0.018,90,A,O,2020yCat.1350....0G,1.428,-3.030,1.501,0.022,0.023,90,,,0
HD  37124d,05 37 02.4866,+20 43 50.832,14,14,0.021,0.015,90,A,O,2020yCat.1350....0G,31.609,-79.554,-420.042,0.026,0.016,90,,,0
Kepler-83b,18 48 55.8020,+43 39 56.249,14,14,0.023,0.025,90,A,O,2020yCat.1350....0G,2.516,1.897,-13.634,0.029,0.032,90,,,0
HD 190622c,20 08 27.3988,-54 19 02.756,14,14,0.012,0.011,90,A,O,2020yCat.1350....0G,11.230,1.640,-16.055,0.016,0.015,90,,,0
Kepler-348b,19 49 01.2090,+40 32 54.082,14,14,0.008,0.009,90,A,O,2020yCat.1350....0G,1.719,7.719,7.406,0.011,0.013,90,,,0
Kepler-150c,19 12 56.1835,+40 31 15.208,14,14,0.016,0.018,90,A,O,2020yCat.1350....0G,1.103,0.787,1.346,0.022,0.022,90,,,0
Kepler-92b,19 16 20.6546,+41 33 46.654,14,14,0.010,0.010,90,A,O,2020yCat.1350....0G,2.078,-0.086,14.596,0.013,0.013,90,,,0
NAME MOA 2013-BLG-260Bb,17 52 07.49,-29 50 46.0,6,6,,,0,D,,2014Sci...345...46G,,,,,,0,,,0
Kepler-1829b,19 14 39.4908,+51 29 54.376,14,14,0.016,0.017,90,A,O,2020yCat.1350....0G,1.439,-8.842,-13.519,0.021,0.021,90,,,0
Kepler-753b,19 27 36.7870,+37 54 08.246,14,14,0.014,0.015,90,A,O,2020yCat.1350....0G,3.660,-7.000,17.885,0.018,0.021,90,,,0
Kepler-1368b,19 39 04.0749,+41 38 40.775,14,14,0.027,0.030,90,A,O,2020yCat.1350....0G,0.615,0.097,-3.836,0.033,0.036,90,,,0
NAME OGLE-TR-113b,10 52 24.2810,-61 26 48.845,14,14,0.020,0.023,90,A,O,2020yCat.1350....0G,1.690,-15.049,9.864,0.024,0.027,90,,,0
* bet Gem b,07 45 18.9498,+28 01 34.316,9,9,2.640,1.580,63,A,O,2007A&A...474..653V,96.540,-626.550,-45.800,0.300,0.180,0,,,0
HD 145457b,16 10 03.9144,+26 44 33.893,14,14,0.008,0.011,90,A,O,2020yCat.1350....0G,7.387,-18.354,36.856,0.011,0.015,90,,,0
Kepler-817b,19 44 19.6487,+39 09 41.852,14,14,0.019,0.023,90,A,O,2020yCat.1350....0G,0.677,-3.632,-2.704,0.026,0.031,90,,,0
K2-190c,13 41 27.2529,-13 09 39.312,14,14,0.016,0.015,90,A,O,2020yCat.1350....0G,6.173,-114.306,11.995,0.023,0.016,90,,,0
EPIC 212040382.01,09 04 40.7937,+20 55 53.229,14,14,0.013,0.009,90,A,O,2020yCat.1350....0G,1.116,-15.942,-1.134,0.016,0.011,90,,,0
Kepler-871b,19 38 06.5022,+43 22 05.358,14,14,0.022,0.025,90,A,O,2020yCat.1350....0G,0.514,-4.989,-5.463,0.028,0.034,90,,,0
HD  31253b,04 54 43.6537,+12 21 07.899,14,14,0.019,0.008,90,A,O,2020yCat.1350....0G,17.116,90.128,-42.736,0.023,0.018,90,,,0
Kepler-691b,19 15 14.8774,+40 02 00.201,14,14,0.024,0.031,90,A,O,2020yCat.1350....0G,3.561,-45.861,-36.735,0.031,0.035,90,,,0
BD-12  4523b,16 30 18.0583,-12 39 45.321,14,14,0.024,0.012,90,A,O,2020yCat.1350....0G,232.139,-94.210,-1183.917,0.031,0.021,90,,,0
NAME WT 1825c,10 40 15.9529,-08 30 38.608,14,14,0.021,0.021,90,A,O,2020yCat.1350....0G,15.639,-141.994,-83.131,0.030,0.029,90,,,0
Kepler-1470b,19 14 46.8081,+39 52 59.501,14,14,0.015,0.019,90,A,O,2020yCat.1350....0G,1.677,-15.432,-26.657,0.020,0.023,90,,,0
HD 125390b,14 18 09.3180,+38 58 01.132,14,14,0.012,0.015,90,A,O,2020yCat.1350....0G,6.425,-14.243,-15.823,0.014,0.018,90,,,0
CoRoT-21b,06 44 12.6302,-00 17 56.987,14,14,0.106,0.116,90,A,O,2018yCat.1345....0G,0.715,-1.226,2.001,0.196,0.169,90,,,0
Kepler-532b,19 54 38.6252,+48 36 22.919,14,14,0.011,0.011,90,A,O,2020yCat.1350....0G,3.193,-4.455,-14.919,0.014,0.015,90,,,0
HD 217786b,23 03 08.2057,-00 25 46.666,14,14,0.091,0.071,90,A,O,2020yCat.1350....0G,18.194,-88.682,-169.490,0.100,0.087,90,,,0
K2-150b,01 13 22.6053,+08 59 15.155,14,14,0.026,0.021,90,A,O,2020yCat.1350....0G,9.710,46.263,-25.650,0.043,0.031,90,,,0
Kepler-181c,19 44 36.3295,+50 05 44.965,14,14,0.015,0.015,90,A,O,2020yCat.1350....0G,1.638,-13.395,-9.989,0.019,0.019,90,,,0
WASP-46b,21 14 56.8598,-55 52 18.458,14,14,0.010,0.009,90,A,O,2020yCat.1350....0G,2.688,12.521,-16.150,0.012,0.012,90,,,0
Kepler-1990b,19 58 49.1429,+44 26 08.706,14,14,0.009,0.010,90,A,O,2020yCat.1350....0G,2.517,-3.153,-10.480,0.010,0.010,90,,,0
NAME EWS 2012-BLG-0358b,17 42 46.7641,-24 15 39.605,14,14,0.114,0.090,90,A,O,2020yCat.1350....0G,0.344,-3.675,-6.077,0.132,0.092,90,,,0
HAT-P-15b,04 24 59.5350,+39 27 38.312,14,14,0.014,0.010,90,A,O,2020yCat.1350....0G,5.186,14.233,-9.407,0.021,0.015,90,,,0
Kepler-1372b,19 15 32.7898,+44 50 22.347,14,14,0.019,0.021,90,A,O,2020yCat.1350....0G,0.764,-5.764,-17.120,0.024,0.025,90,,,0
BD+65   902d,12 48 44.3726,+64 51 19.147,14,14,0.009,0.009,90,A,O,2020yCat.1350....0G,11.824,1.216,-10.045,0.013,0.013,90,,,0
Kepler-1931b,19 23 29.3478,+43 19 58.754,14,14,0.008,0.010,90,A,O,2020yCat.1350....0G,1.622,3.967,5.337,0.011,0.014,90,,,0
HAT-P-36b,12 33 03.9061,+44 54 55.196,14,14,0.007,0.008,90,A,O,2020yCat.1350....0G,3.405,-11.622,8.138,0.008,0.010,90,,,0
TOI-2338b,05 25 22.6519,-34 40 05.974,14,14,0.008,0.008,90,A,O,2020yCat.1350....0G,3.259,38.061,17.948,0.010,0.011,90,,,0
HD 103774b,11 56 55.5896,-12 06 28.473,14,14,0.018,0.016,90,A,O,2020yCat.1350....0G,17.799,-125.077,-19.950,0.023,0.017,90,,,0
* q01 Eri b,01 42 29.3145,-53 44 26.991,14,14,0.030,0.037,90,A,O,2020yCat.1350....0G,57.641,166.041,-105.496,0.034,0.046,90,,,0
CD-24 12581b,16 10 17.6976,-24 59 25.260,14,14,0.014,0.008,90,A,O,2020yCat.1350....0G,5.827,-59.891,-58.702,0.021,0.014,90,,,0
HD  69123b,08 14 13.2562,-35 29 24.067,14,14,0.019,0.024,90,A,O,2020yCat.1350....0G,13.299,-46.187,21.878,0.028,0.035,90,,,0
BD+36  2955b,17 50 33.7175,+36 34 12.805,14,14,0.009,0.011,90,A,O,2020yCat.1350....0G,2.720,0.154,-11.054,0.012,0.014,90,,,0
NAME EWS 2012-BLG-0026b,17 34 18.7004,-27 08 33.867,14,14,1.014,0.748,90,A,O,2020yCat.1350....0G,1.577,-2.848,-5.213,1.392,0.897,90,,,0
HD 213472b,22 30 49.9737,+40 43 19.400,14,14,0.011,0.014,90,A,O,2020yCat.1350....0G,15.507,-215.990,39.936,0.012,0.017,90,,,0
TOI-3807b,09 16 27.0174,+69 04 26.881,14,14,0.007,0.008,90,A,O,2020yCat.1350....0G,2.357,-0.654,-1.238,0.009,0.010,90,,,0
Kepler-1628b,18 46 32.0864,+43 24 41.596,14,14,0.928,1.172,90,C,O,2018yCat.1345....0G,,,,,,0,,,0
NAME V830 Tau b,04 33 10.0300,+24 33 43.255,14,14,0.015,0.009,90,A,O,2020yCat.1350....0G,7.670,7.171,-21.197,0.022,0.017,90,K7.5,,0
HAT-P-50b,07 52 15.2179,+12 08 21.840,14,14,0.038,0.022,90,A,O,2020yCat.1350....0G,2.038,6.764,-12.239,0.041,0.024,90,,,0
Kepler-1774b,19 14 17.8679,+40 59 19.253,14,14,0.010,0.011,90,A,O,2020yCat.1350....0G,1.218,-8.882,-17.339,0.013,0.014,90,,,0
Kepler-351b,19 05 48.6587,+42 39 28.319,14,14,0.028,0.027,90,A,O,2020yCat.1350....0G,0.867,8.539,-18.005,0.038,0.034,90,,,0
Kepler-1709b,18 53 29.9567,+43 47 17.672,14,14,0.010,0.010,90,A,O,2020yCat.1350....0G,3.623,11.345,29.838,0.013,0.014,90,,,0
Kepler-1458b,18 52 50.7845,+41 02 17.011,14,14,0.011,0.011,90,A,O,2020yCat.1350....0G,1.814,-0.939,-10.515,0.015,0.014,90,,,0
Kepler-1236b,19 42 29.9333,+42 32 45.169,14,14,0.025,0.025,90,A,O,2020yCat.1350....0G,0.955,2.621,-1.515,0.035,0.032,90,,,0
HD  62549b,07 44 19.7458,-05 03 17.802,14,14,0.018,0.015,90,A,O,2020yCat.1350....0G,20.290,-30.188,191.102,0.022,0.018,90,,,0
HD 219134d,23 13 16.9749,+57 10 06.083,14,14,0.037,0.036,90,A,O,2020yCat.1350....0G,152.864,2074.414,294.452,0.050,0.043,90,,,0
HD 177565b,19 06 52.4643,-37 48 38.373,14,14,0.032,0.032,90,A,O,2020yCat.1350....0G,58.986,-187.700,-367.009,0.040,0.034,90,,,0
Kepler-1319b,19 23 49.4627,+49 21 58.530,14,14,0.014,0.016,90,A,O,2020yCat.1350....0G,9.601,53.155,124.233,0.020,0.022,90,,,0
Kepler-561c,19 34 59.3005,+45 06 25.941,14,14,0.014,0.015,90,A,O,2020yCat.1350....0G,1.572,4.110,-1.830,0.018,0.020,90,,,0
NGTS-4b,05 58 23.7549,-30 48 42.363,14,14,0.010,0.011,90,A,O,2020yCat.1350....0G,3.591,-16.830,-7.346,0.013,0.013,90,,,0
Kepler-619d,19 23 23.7817,+48 24 57.646,14,14,0.014,0.015,90,A,O,2020yCat.1350....0G,1.083,-0.091,-8.082,0.019,0.020,90,,,0
Kepler-351d,19 05 48.6587,+42 39 28.319,14,14,0.028,0.027,90,A,O,2020yCat.1350....0G,0.867,8.539,-18.005,0.038,0.034,90,,,0
Kepler-80b,19 44 27.0200,+39 58 43.594,14,14,0.015,0.018,90,A,O,2020yCat.1350....0G,2.667,-1.373,-7.207,0.020,0.024,90,,,0
HATS-6b,05 52 35.2366,-19 01 53.970,14,14,0.010,0.013,90,A,O,2020yCat.1350....0G,5.893,-2.568,7.371,0.015,0.018,90,,,0
Kepler-935b,19 40 05.2054,+46 37 09.093,14,14,0.015,0.016,90,A,O,2020yCat.1350....0G,2.067,4.796,1.986,0.020,0.022,90,,,0
HATS-48b,19 14 41.2746,-59 34 45.757,14,14,0.013,0.014,90,A,O,2020yCat.1350....0G,3.685,3.172,6.153,0.016,0.013,90,,,0
Kepler-403b,19 19 41.1509,+46 44 40.488,14,14,0.010,0.009,90,A,O,2020yCat.1350....0G,1.149,-5.852,-12.451,0.013,0.012,90,,,0
Kepler-79e,20 02 04.1057,+44 22 53.646,14,14,0.011,0.013,90,A,O,2020yCat.1350....0G,0.974,-0.075,-4.068,0.015,0.016,90,,,0
HAT-P-59b,19 29 50.0700,+62 31 45.177,14,14,0.010,0.010,90,A,O,2020yCat.1350....0G,3.790,21.006,-6.257,0.015,0.013,90,,,0
K2-85b,03 57 51.4566,+18 27 54.887,14,14,0.014,0.010,90,A,O,2020yCat.1350....0G,10.325,93.932,-68.720,0.018,0.012,90,,,0
Kepler-495c,19 03 43.3699,+39 05 53.280,14,14,0.013,0.015,90,A,O,2020yCat.1350....0G,1.486,5.066,-3.128,0.017,0.019,90,,,0
TOI-1925b,09 01 39.9236,-20 43 13.347,14,14,0.010,0.008,90,A,O,2020yCat.1350....0G,3.298,-9.935,1.352,0.012,0.009,90,,,0
HD   1237b,00 16 12.6780,-79 51 04.244,14,14,0.018,0.017,90,A,O,2020yCat.1350....0G,56.964,434.105,-56.339,0.027,0.021,90,,,0
Kepler-374d,19 36 33.1030,+42 22 13.721,14,14,0.014,0.016,90,A,O,2020yCat.1350....0G,0.806,-6.412,-16.445,0.018,0.020,90,,,0
Kepler-288d,19 15 39.9366,+39 35 41.088,14,14,0.017,0.021,90,A,O,2020yCat.1350....0G,0.862,-0.530,1.279,0.023,0.026,90,,,0
Lupus-TR 3b,15 30 18.6671,-42 58 41.663,14,14,0.355,0.248,90,A,O,2020yCat.1350....0G,,-3.798,-7.197,0.528,0.334,90,,,0
MOA  2008-BLG-310b,17 54 14.53,-34 46 41.0,6,6,,,0,C,O,2017A&A...605A..89B,,,,,,0,,,0
KOI-1527.01,19 46 41.1040,+43 29 54.204,14,14,0.015,0.016,90,A,O,2020yCat.1350....0G,1.187,10.013,10.622,0.020,0.020,90,,,0
HD  48679b,06 58 18.0061,+80 55 42.299,14,14,0.064,0.070,90,A,O,2020yCat.1350....0G,14.931,-24.534,-5.760,0.081,0.096,90,,,0
Kepler-167e,19 30 38.0261,+38 20 43.437,14,14,0.010,0.012,90,A,O,2020yCat.1350....0G,2.916,15.097,36.352,0.014,0.015,90,,,0
HD 188641b,19 57 37.1500,-37 44 42.192,14,14,0.016,0.014,90,A,O,2020yCat.1350....0G,15.544,7.071,39.229,0.022,0.015,90,,,0
Kepler-484b,18 57 34.6390,+46 14 56.836,14,14,0.013,0.016,90,A,O,2020yCat.1350....0G,2.631,-7.205,-2.436,0.016,0.019,90,,,0
HD 111232c,12 48 51.7525,-68 25 30.554,14,14,0.017,0.019,90,A,O,2020yCat.1350....0G,34.609,27.283,112.918,0.021,0.024,90,,,0
NAME L 372-58d,03 35 59.6991,-44 30 45.730,14,14,0.026,0.028,90,A,O,2020yCat.1350....0G,272.161,745.654,-373.323,0.035,0.038,90,,,0
MOA  2015-BLG-337b,18 07 47.71,-28 10 12.6,6,6,230.000,230.000,90,C,O,2019ApJS..244...29M,,,,,,0,,,0
NAME L 320-124b,10 14 51.7786,-47 09 24.192,14,14,0.014,0.015,90,A,O,2020yCat.1350....0G,79.321,-1054.201,414.512,0.018,0.019,90,,,0
Kepler-693c,18 53 00.8527,+40 21 29.620,14,14,0.031,0.034,90,A,O,2020yCat.1350....0G,0.860,-4.620,-2.849,0.043,0.047,90,,,0
Kepler-1416b,19 54 39.2354,+43 53 38.689,14,14,0.012,0.013,90,A,O,2020yCat.1350....0G,1.037,-3.130,-4.901,0.015,0.016,90,,,0
Kepler-359b,19 33 10.4713,+42 11 46.932,14,14,0.023,0.028,90,A,O,2020yCat.1350....0G,0.678,-3.083,-4.750,0.030,0.034,90,,,0
K2-412b,05 05 02.9137,+21 34 48.542,14,14,0.030,0.018,90,A,O,2020yCat.1350....0G,1.459,-2.414,2.595,0.042,0.026,90,,,0
HD 181234b,19 20 00.0974,-09 19 24.952,14,14,0.022,0.022,90,A,O,2020yCat.1350....0G,20.734,-122.951,-318.660,0.026,0.023,90,,,0
* gam Psc b,23 17 09.9371,+03 16 56.245,14,14,0.224,0.193,90,A,O,2020yCat.1350....0G,24.196,759.268,17.568,0.298,0.219,90,,,0
Kepler-1455b,19 36 19.9334,+50 30 10.067,14,14,0.026,0.031,90,A,O,2020yCat.1350....0G,2.743,1.521,-9.120,0.035,0.036,90,,,0
Kepler-773b,19 23 32.3202,+38 03 27.267,14,14,0.009,0.009,90,A,O,2020yCat.1350....0G,1.798,-8.389,-4.758,0.011,0.012,90,,,0
Kepler-1909b,19 23 33.4453,+42 27 34.748,14,14,0.022,0.023,90,A,O,2020yCat.1350....0G,1.355,9.161,-6.329,0.030,0.030,90,,,0
Kepler-141b,19 51 53.0054,+47 43 54.019,14,14,0.009,0.010,90,A,O,2020yCat.1350....0G,3.290,-20.116,-15.790,0.011,0.012,90,,,0
Kepler-1238b,19 51 37.3869,+40 09 46.275,14,14,0.015,0.017,90,A,O,2020yCat.1350....0G,0.595,-2.403,-3.871,0.020,0.022,90,,,0
HD  23596b,03 48 00.3747,+40 31 50.293,14,14,0.026,0.018,90,A,O,2020yCat.1350....0G,19.325,52.742,21.740,0.039,0.026,90,,,0
Kepler-568b,19 52 25.3811,+48 24 04.267,14,14,0.013,0.015,90,A,O,2020yCat.1350....0G,7.629,58.054,106.667,0.020,0.018,90,,,0
HATS-43b,05 22 09.1675,-30 58 15.010,14,14,0.008,0.009,90,A,O,2020yCat.1350....0G,2.758,8.728,4.282,0.010,0.012,90,,,0
Kepler-245e,19 26 33.3541,+42 26 10.779,14,14,0.022,0.024,90,A,O,2020yCat.1350....0G,1.181,3.679,4.797,0.031,0.032,90,,,0
Kepler-982b,19 13 40.2446,+46 35 25.569,14,14,0.012,0.012,90,A,O,2020yCat.1350....0G,1.246,-0.905,3.955,0.017,0.017,90,,,0
Kepler-1519b,19 46 40.3040,+49 27 42.626,14,14,0.015,0.017,90,A,O,2020yCat.1350....0G,0.653,1.680,-14.670,0.019,0.020,90,,,0
Kepler-256b,19 30 19.3010,+46 05 50.533,14,14,0.016,0.016,90,A,O,2020yCat.1350....0G,0.974,-0.161,-2.680,0.023,0.021,90,,,0
Kepler-1880b,19 11 18.3350,+40 41 47.784,14,14,0.023,0.026,90,A,O,2020yCat.1350....0G,1.654,10.591,-1.835,0.030,0.033,90,,,0
TOI-2445b,02 53 15.8181,+00 03 08.784,14,14,0.061,0.077,90,A,O,2018yCat.1345....0G,20.556,57.212,-24.050,0.108,0.132,90,,,0
HD  40307f,05 54 04.2405,-60 01 24.493,14,14,0.016,0.017,90,A,O,2020yCat.1350....0G,77.326,-52.174,-60.059,0.023,0.025,90,,,0
Kepler-238f,19 11 35.3058,+40 38 16.143,14,14,0.016,0.018,90,A,O,2020yCat.1350....0G,0.532,-0.187,-0.847,0.021,0.021,90,,,0
NAME OGLE-TR-10b,17 51 28.2593,-29 52 35.231,14,14,0.048,0.041,90,A,O,2020yCat.1350....0G,0.802,0.208,-5.284,0.063,0.040,90,,,0
Kepler-1270b,19 06 51.7598,+48 38 43.067,14,14,0.009,0.010,90,A,O,2020yCat.1350....0G,0.891,0.237,-9.604,0.012,0.012,90,,,0
HD  79181b,09 11 58.7357,-19 44 51.469,14,14,0.033,0.027,90,A,O,2020yCat.1350....0G,9.687,-56.593,45.562,0.037,0.037,90,,,0
Kepler-1785b,19 43 10.1228,+47 36 00.371,14,14,0.013,0.014,90,A,O,2020yCat.1350....0G,1.338,0.166,-7.716,0.019,0.020,90,,,0
Kepler-1185b,19 08 57.8786,+39 19 57.933,14,14,0.008,0.009,90,A,O,2020yCat.1350....0G,2.193,3.139,-14.349,0.010,0.010,90,,,0
HD  86950b,10 01 37.6088,-17 19 58.889,14,14,0.020,0.019,90,A,O,2020yCat.1350....0G,4.678,-9.440,-10.429,0.025,0.025,90,,,0
Kepler-310c,19 15 21.4377,+46 59 12.293,14,14,0.015,0.015,90,A,O,2020yCat.1350....0G,1.674,-7.266,-0.212,0.019,0.020,90,,,0
Kepler-732b,18 54 55.6759,+45 57 31.522,14,14,0.016,0.018,90,A,O,2020yCat.1350....0G,5.768,-41.253,-52.813,0.021,0.024,90,,,0
Kepler-414c,19 51 50.7704,+48 14 39.740,14,14,0.009,0.011,90,A,O,2020yCat.1350....0G,2.418,2.819,-8.353,0.014,0.016,90,,,0
HD 238894b,18 31 46.4908,+56 39 03.067,14,14,0.011,0.010,90,A,O,2020yCat.1350....0G,8.582,-10.431,-40.205,0.016,0.013,90,,,0
TOI-4010d,01 20 51.4586,+66 04 20.241,14,14,0.007,0.008,90,A,O,2020yCat.1350....0G,5.665,38.484,-20.556,0.009,0.012,90,,,0
Kepler-452b,19 44 00.8860,+44 16 39.171,14,14,0.009,0.011,90,A,O,2020yCat.1350....0G,1.805,9.987,8.943,0.013,0.014,90,,,0
NAME G 226-66b,17 35 34.4785,+61 40 53.628,14,14,0.014,0.015,90,A,O,2020yCat.1350....0G,69.892,261.923,-514.499,0.015,0.018,90,,,0
HD  97037b,11 10 13.3432,-07 23 21.847,14,14,0.020,0.015,90,A,O,2020yCat.1350....0G,30.804,-238.340,-173.313,0.028,0.018,90,,,0
HD 213240b,22 31 00.3663,-49 25 59.768,14,14,0.014,0.016,90,A,O,2020yCat.1350....0G,24.425,-135.912,-193.844,0.017,0.020,90,,,0
Kepler-1687b,19 18 58.2737,+50 47 13.383,14,14,0.024,0.022,90,A,O,2020yCat.1350....0G,2.401,4.288,2.683,0.034,0.027,90,,,0
Kepler-399c,19 58 00.4156,+40 40 14.889,14,14,0.074,0.079,90,A,O,2020yCat.1350....0G,1.106,-1.345,-8.267,0.098,0.104,90,,,0
Kepler-260b,19 27 42.2320,+38 00 50.802,14,14,0.011,0.013,90,A,O,2020yCat.1350....0G,1.617,-0.218,-13.814,0.015,0.018,90,,,0
Kepler-1172b,19 21 53.8843,+37 45 59.635,14,14,0.021,0.025,90,A,O,2020yCat.1350....0G,0.729,-5.648,-3.611,0.029,0.034,90,,,0
Kepler-1677b,19 53 58.3855,+47 00 46.942,14,14,0.010,0.011,90,A,O,2020yCat.1350....0G,1.319,-0.047,3.961,0.013,0.013,90,,,0
Kepler-344c,19 29 59.9116,+46 19 27.849,14,14,0.019,0.021,90,A,O,2020yCat.1350....0G,0.980,-3.486,-14.381,0.024,0.025,90,,,0
HD 167042b,18 10 31.6398,+54 17 11.592,14,14,0.029,0.028,90,A,O,2020yCat.1350....0G,20.131,107.630,247.345,0.034,0.031,90,,,0
Kepler-861b,19 29 24.9425,+46 13 34.593,14,14,0.022,0.024,90,A,O,2020yCat.1350....0G,1.181,5.671,-6.848,0.027,0.030,90,,,0
Kepler-732c,18 54 55.6759,+45 57 31.522,14,14,0.016,0.018,90,A,O,2020yCat.1350....0G,5.768,-41.253,-52.813,0.021,0.024,90,,,0
Kepler-1036b,19 40 43.5971,+49 56 44.869,14,14,0.010,0.012,90,A,O,2020yCat.1350....0G,2.038,8.175,4.687,0.013,0.014,90,,,0
K2-254c,12 22 12.1833,-04 43 02.058,14,14,0.014,0.011,90,A,O,2020yCat.1350....0G,4.359,6.591,-12.135,0.021,0.016,90,,,0
Kepler-1109b,19 26 35.0968,+39 23 47.862,14,14,0.012,0.014,90,A,O,2020yCat.1350....0G,1.402,5.119,-3.793,0.016,0.018,90,,,0
Kepler-1805b,19 00 20.7672,+40 53 56.477,14,14,0.015,0.018,90,A,O,2020yCat.1350....0G,4.530,1.505,6.777,0.019,0.023,90,,,0
Kepler-1431b,19 30 38.0176,+49 51 54.647,14,14,0.019,0.020,90,A,O,2020yCat.1350....0G,0.577,-2.219,-6.440,0.028,0.027,90,,,0
Kepler-1668b,19 49 24.5567,+46 05 45.399,14,14,0.022,0.026,90,A,O,2020yCat.1350....0G,0.704,-1.933,-3.114,0.030,0.032,90,,,0
Kepler-481b,19 27 37.6887,+49 15 43.374,14,14,0.011,0.012,90,A,O,2020yCat.1350....0G,1.246,-7.605,6.396,0.015,0.015,90,,,0
BD+48  2893b,19 24 07.7659,+49 02 24.928,14,14,0.009,0.011,90,A,O,2020yCat.1350....0G,6.930,-7.305,-10.454,0.012,0.013,90,,,0
BD+27  1311b,07 05 42.2436,+27 28 14.986,14,14,0.013,0.015,90,A,O,2020yCat.1350....0G,43.800,-48.793,-96.691,0.016,0.013,90,,,0
TOI-2257b,12 58 57.6816,+77 39 41.689,14,14,0.015,0.013,90,A,O,2020yCat.1350....0G,17.283,-36.035,31.408,0.021,0.018,90,,,0
Kepler-456b,19 15 57.9791,+41 13 22.914,14,14,0.011,0.012,90,A,O,2020yCat.1350....0G,1.396,7.360,8.451,0.015,0.017,90,,,0
BD-08  2823b,10 00 47.7204,-09 31 00.044,14,14,0.013,0.013,90,A,O,2020yCat.1350....0G,24.182,-375.416,25.602,0.016,0.015,90,,,0
Kepler-85e,19 23 53.6255,+45 17 25.088,14,14,0.016,0.017,90,A,O,2020yCat.1350....0G,1.259,-0.028,-6.137,0.019,0.022,90,,,0
GJ 3779 b,13 22 56.7475,+24 28 03.598,14,14,0.026,0.021,90,A,O,2020yCat.1350....0G,72.727,-615.705,-864.893,0.044,0.029,90,,,0
Kepler-1145b,19 41 13.9502,+43 02 39.762,14,14,0.019,0.023,90,A,O,2020yCat.1350....0G,1.429,4.479,5.577,0.025,0.028,90,,,0
HD 120411b,13 50 06.2797,-40 50 08.881,14,14,0.014,0.018,90,A,O,2020yCat.1350....0G,8.017,-28.907,-22.248,0.020,0.028,90,,,0
CD-38  1467c,04 11 51.9468,-37 56 23.219,14,14,0.008,0.010,90,A,O,2020yCat.1350....0G,8.099,-11.061,12.347,0.010,0.014,90,,,0
Kepler-63b,19 16 54.2861,+49 32 53.451,14,14,0.010,0.009,90,A,O,2020yCat.1350....0G,5.116,14.375,23.336,0.013,0.011,90,,,0
NGTS-9b,09 27 40.9609,-19 20 51.559,14,14,0.010,0.010,90,A,O,2020yCat.1350....0G,1.661,-5.950,1.836,0.012,0.010,90,,,0
K2-76b,22 28 25.3435,-06 05 12.002,14,14,0.018,0.019,90,A,O,2020yCat.1350....0G,1.318,-5.433,-11.707,0.026,0.025,90,,,0
Kepler-240c,19 24 38.1063,+40 45 00.918,14,14,0.021,0.025,90,A,O,2020yCat.1350....0G,1.272,-2.247,-10.293,0.027,0.031,90,,,0
HD 121056b,13 53 52.0613,-35 18 51.691,14,14,0.028,0.040,90,A,O,2020yCat.1350....0G,15.626,-295.304,-68.458,0.040,0.058,90,,,0
Kepler-10e,19 02 43.0613,+50 14 28.701,14,14,0.010,0.010,90,A,O,2020yCat.1350....0G,5.370,-18.483,41.382,0.012,0.013,90,,,0
*  24 Sex b,10 23 28.3698,-00 54 08.092,14,14,0.023,0.021,90,A,O,2020yCat.1350....0G,13.640,64.840,-35.290,0.029,0.026,90,,,0
HD 351766b,20 12 46.8865,+18 06 17.402,14,14,0.016,0.013,90,A,O,2020yCat.1350....0G,3.948,16.532,-13.118,0.023,0.017,90,,,0
HD  73256b,08 36 23.0165,-30 02 15.446,14,14,0.012,0.016,90,A,O,2020yCat.1350....0G,27.244,-182.193,67.373,0.017,0.021,90,,,0
HD  41248c,06 00 32.7813,-56 09 42.597,14,14,0.012,0.013,90,A,O,2020yCat.1350....0G,18.114,126.043,59.134,0.016,0.015,90,,,0
*  94 Cet b,03 12 46.4365,-01 11 45.955,14,14,0.133,0.099,90,A,O,2020yCat.1350....0G,43.703,193.549,-68.888,0.151,0.110,90,,,0
Kepler-1035b,19 16 10.1265,+42 52 57.124,14,14,0.058,0.055,90,A,O,2018yCat.1345....0G,1.753,8.359,-8.237,0.123,0.110,90,,,0
Kepler-312c,19 53 34.9794,+42 27 35.128,14,14,0.011,0.013,90,A,O,2020yCat.1350....0G,1.274,3.619,3.087,0.015,0.016,90,,,0
K2-170c,22 21 48.1722,-14 35 35.841,14,14,0.014,0.014,90,A,O,2020yCat.1350....0G,2.542,-5.741,-15.340,0.017,0.016,90,,,0
Kepler-799c,19 08 41.9825,+44 52 42.672,10,10,47.000,37.000,90,B,O,2012yCat.1322....0Z,,-3.900,-7.000,6.800,6.300,90,,,0
Kepler-393c,19 23 58.8608,+45 11 32.002,14,14,0.016,0.018,90,A,O,2020yCat.1350....0G,1.084,-7.932,-8.145,0.021,0.022,90,,,0
Kepler-589c,18 42 33.9312,+47 45 07.014,14,14,0.015,0.015,90,A,O,2020yCat.1350....0G,1.599,8.234,25.472,0.019,0.019,90,,,0
HD 202696c,21 16 53.9536,+27 15 29.242,14,14,0.012,0.016,90,A,O,2020yCat.1350....0G,5.454,47.029,36.446,0.015,0.017,90,,,0
Kepler-1471c,19 18 39.5799,+50 01 12.158,14,14,0.021,0.023,90,A,O,2020yCat.1350....0G,0.998,0.074,4.011,0.026,0.028,90,,,0
Kepler-956b,19 30 07.4002,+49 03 42.227,14,14,0.009,0.011,90,A,O,2020yCat.1350....0G,1.835,-0.815,-17.300,0.013,0.014,90,,,0
BD-06  1077b,05 04 19.6323,-06 13 47.378,14,14,0.011,0.008,90,A,O,2020yCat.1350....0G,4.941,20.758,10.963,0.015,0.011,90,,,0
*  23 Lib c,15 13 28.6669,-25 18 33.653,14,14,0.022,0.026,90,A,O,2020yCat.1350....0G,38.195,-400.147,-75.253,0.026,0.027,90,,,0
WASP-32b,00 15 50.8077,+01 12 01.588,14,14,0.032,0.023,90,A,O,2020yCat.1350....0G,3.571,1.951,16.447,0.045,0.035,90,,,0
Kepler-372c,19 25 01.4896,+49 15 32.293,14,14,0.015,0.016,90,A,O,2020yCat.1350....0G,0.669,2.785,-9.651,0.023,0.022,90,,,0
Kepler-834b,19 08 13.0765,+45 10 49.296,14,14,0.024,0.029,90,A,O,2020yCat.1350....0G,1.585,-3.017,-5.808,0.032,0.033,90,,,0
BD+34  1976b,09 20 24.7145,+33 52 56.696,14,14,0.015,0.014,90,A,O,2020yCat.1350....0G,4.331,-2.275,-20.072,0.018,0.017,90,,,0
Kepler-108b,19 38 14.2463,+46 03 44.108,14,14,0.016,0.019,90,A,O,2020yCat.1350....0G,0.992,-1.403,-0.399,0.021,0.023,90,,,0
K2-18b,11 30 14.5177,+07 35 18.255,14,14,0.022,0.020,90,A,O,2020yCat.1350....0G,26.247,-80.479,-133.007,0.026,0.023,90,,,0
BD+20   518c,03 11 14.2301,+21 05 50.493,14,14,0.020,0.016,90,A,O,2020yCat.1350....0G,19.918,-3.757,-53.234,0.024,0.021,90,,,0
Kepler-816b,19 33 27.0762,+39 12 44.772,14,14,0.024,0.026,90,A,O,2020yCat.1350....0G,1.013,-0.233,0.608,0.032,0.035,90,,,0
NAME HU Aqr c,21 07 58.1944,-05 17 40.557,14,14,0.039,0.032,90,A,O,2020yCat.1350....0G,5.235,-64.579,-62.732,0.046,0.037,90,,,0
Kepler-422b,18 50 31.1172,+46 19 23.993,14,14,0.009,0.009,90,A,O,2020yCat.1350....0G,1.391,-3.497,-11.818,0.012,0.012,90,,,0
* rho01 Cnc e,08 52 35.8111,+28 19 50.954,14,14,0.030,0.020,90,A,O,2020yCat.1350....0G,79.448,-485.681,-233.517,0.040,0.037,90,,,0
TOI-128.01,05 18 05.3474,-80 57 52.485,14,14,0.015,0.016,90,A,O,2020yCat.1350....0G,14.657,-48.973,45.385,0.020,0.020,90,,,0
Kepler-70c,19 45 25.4745,+41 05 33.882,14,14,0.021,0.023,90,A,O,2020yCat.1350....0G,0.909,7.217,-3.148,0.029,0.030,90,,,0
Kepler-770c,19 05 57.7023,+38 22 29.693,14,14,0.013,0.015,90,A,O,2020yCat.1350....0G,1.059,5.882,-9.937,0.018,0.018,90,,,0
TOI-1842b,13 27 51.0619,+09 01 50.435,14,14,0.015,0.007,90,A,O,2020yCat.1350....0G,4.420,-23.655,-7.627,0.019,0.007,90,,,0
Kepler-116c,19 38 58.0982,+43 32 12.499,14,14,0.011,0.011,90,A,O,2020yCat.1350....0G,1.038,-2.616,-4.910,0.015,0.016,90,,,0
Kepler-1638b,19 41 55.7671,+48 31 27.999,14,14,0.014,0.019,90,A,O,2020yCat.1350....0G,0.646,-5.092,5.839,0.019,0.022,90,,,0
CD-26  2288b,05 33 04.6005,-26 43 28.268,14,14,0.009,0.012,90,A,O,2020yCat.1350....0G,30.652,16.886,150.779,0.012,0.015,90,,,0
Kepler-109b,19 21 34.2534,+40 17 05.498,14,14,0.007,0.009,90,A,O,2020yCat.1350....0G,2.093,-7.651,10.827,0.010,0.011,90,,,0
TOI-332.01,23 12 14.0960,-44 52 34.767,14,14,0.024,0.056,90,A,O,2018yCat.1345....0G,4.460,35.906,-37.390,0.058,0.096,90,,,0
TOI-125b,01 34 22.7341,-66 40 32.951,14,14,0.010,0.009,90,A,O,2020yCat.1350....0G,9.062,-119.550,-123.030,0.013,0.011,90,,,0
Kepler-1258b,19 01 37.1912,+49 59 40.998,14,14,0.011,0.012,90,A,O,2020yCat.1350....0G,1.396,1.302,22.515,0.014,0.014,90,,,0
HD 221585b,23 32 54.0463,+63 09 19.734,14,14,0.014,0.013,90,A,O,2020yCat.1350....0G,17.924,439.114,30.784,0.017,0.016,90,,,0
Kepler-213b,19 23 17.8053,+44 38 49.860,14,14,0.010,0.011,90,A,O,2020yCat.1350....0G,1.595,0.642,23.131,0.013,0.014,90,,,0
K2-64b,22 09 39.2712,-11 25 43.420,14,14,0.020,0.023,90,A,O,2020yCat.1350....0G,2.041,49.521,13.779,0.028,0.027,90,,,0
WASP-47b,22 04 48.7261,-12 01 07.998,14,14,0.017,0.019,90,A,O,2020yCat.1350....0G,3.701,15.074,-41.467,0.020,0.020,90,,,0
CoRoT-14b,06 53 41.8087,-05 32 09.683,14,14,0.032,0.032,90,A,O,2020yCat.1350....0G,0.501,-0.208,-3.570,0.040,0.038,90,,,0
Kepler-292c,19 43 03.8774,+42 25 27.449,14,14,0.024,0.027,90,A,O,2020yCat.1350....0G,0.920,7.142,-2.176,0.032,0.033,90,,,0
Kepler-672b,19 26 53.2825,+49 28 51.058,14,14,0.017,0.018,90,A,O,2020yCat.1350....0G,0.908,-1.724,-0.074,0.021,0.023,90,,,0
*  54 Psc b,00 39 21.8053,+21 15 01.712,14,14,0.037,0.016,90,A,O,2020yCat.1350....0G,90.025,-461.948,-369.624,0.068,0.025,90,,,0
HAT-P-5b,18 17 37.3126,+36 37 17.170,14,14,0.008,0.010,90,A,O,2020yCat.1350....0G,3.218,11.925,5.904,0.011,0.014,90,,,0
Kepler-164e,19 11 07.3972,+47 37 47.634,14,14,0.013,0.013,90,A,O,2020yCat.1350....0G,1.086,-1.641,-12.337,0.018,0.018,90,,,0
Kepler-1984b,19 25 08.4101,+40 43 48.095,14,14,1.329,1.673,90,C,O,2020yCat.1350....0G,,,,,,0,,,0
NAME CI Tau b,04 33 52.0143,+22 50 30.094,14,14,0.019,0.012,90,A,O,2020yCat.1350....0G,6.238,8.942,-17.079,0.024,0.020,90,,,0
BD+38  2917b,17 20 27.8781,+38 14 31.908,14,14,0.009,0.010,90,A,O,2020yCat.1350....0G,4.447,2.350,-6.679,0.012,0.013,90,,,0
EPIC 212435047.01,13 28 31.3708,-14 07 34.642,14,14,0.012,0.009,90,A,O,2020yCat.1350....0G,2.696,12.624,7.017,0.015,0.010,90,,,0
Kepler-62f,18 52 51.0518,+45 20 59.399,14,14,0.011,0.011,90,A,O,2020yCat.1350....0G,3.321,-25.120,-31.141,0.014,0.013,90,,,0
Kepler-357d,19 24 58.3358,+44 00 31.348,14,14,0.022,0.023,90,A,O,2020yCat.1350....0G,1.409,-15.289,-17.206,0.031,0.032,90,,,0
Kepler-1801b,19 40 39.3568,+39 12 05.075,14,14,0.015,0.016,90,A,O,2020yCat.1350....0G,1.161,4.066,-1.743,0.020,0.021,90,,,0
Kepler-498b,19 21 25.9566,+44 31 07.442,14,14,0.012,0.013,90,A,O,2020yCat.1350....0G,1.071,1.046,-2.682,0.016,0.017,90,,,0
HD 147873b,16 25 45.1544,-33 34 01.644,14,14,0.028,0.017,90,A,O,2020yCat.1350....0G,9.080,-18.685,-22.798,0.036,0.025,90,,,0
CD-38  2551b,06 17 20.7484,-38 19 23.754,14,14,0.010,0.010,90,A,O,2020yCat.1350....0G,3.461,-17.469,-27.292,0.013,0.013,90,,,0
NAME EWS 2005-BLG-071b,17 50 09.77,-34 40 23.5,6,6,,,0,D,,,,,,,,0,,,0
Kepler-462b,19 59 17.0778,+43 48 51.412,14,14,0.010,0.012,90,A,O,2020yCat.1350....0G,1.634,-1.274,-0.470,0.014,0.016,90,,,0
Kepler-1220b,19 48 16.8891,+42 58 39.913,14,14,0.024,0.027,90,A,O,2020yCat.1350....0G,1.065,4.506,-3.287,0.033,0.037,90,,,0
Kepler-42b,19 28 52.5688,+44 37 08.989,14,14,0.017,0.019,90,A,O,2020yCat.1350....0G,24.934,93.074,-417.393,0.024,0.025,90,,,0
Kepler-106b,20 03 27.3499,+44 20 15.191,14,14,0.012,0.013,90,A,O,2020yCat.1350....0G,2.260,7.975,-0.849,0.016,0.015,90,,,0
Kepler-340c,19 43 44.0327,+40 18 02.006,14,14,0.011,0.012,90,A,O,2020yCat.1350....0G,1.159,0.182,-1.348,0.014,0.015,90,,,0
K2-249b,12 13 28.0067,-08 59 42.726,14,14,0.018,0.017,90,A,O,2020yCat.1350....0G,1.899,9.114,-6.750,0.023,0.022,90,,,0
TOI-1799.01,11 08 55.9108,+34 18 11.485,14,14,0.014,0.015,90,A,O,2020yCat.1350....0G,16.069,-8.940,-40.735,0.015,0.018,90,,,0
Kepler-186d,19 54 36.6535,+43 57 18.025,14,14,0.014,0.016,90,A,O,2020yCat.1350....0G,5.634,2.171,-4.363,0.018,0.020,90,,,0
Kepler-1396b,19 37 20.7429,+44 55 05.870,14,14,0.014,0.014,90,A,O,2020yCat.1350....0G,0.896,-5.785,-15.726,0.020,0.019,90,,,0
HD 219828c,23 18 46.7341,+18 38 44.619,14,14,0.020,0.016,90,A,O,2020yCat.1350....0G,13.787,-5.010,5.758,0.028,0.022,90,,,0
Kepler-798b,19 29 54.7747,+42 08 32.146,14,14,0.012,0.013,90,A,O,2020yCat.1350....0G,1.005,8.696,4.453,0.016,0.016,90,,,0
Kepler-1115b,19 39 58.0257,+40 08 39.826,14,14,0.012,0.015,90,A,O,2020yCat.1350....0G,0.920,-0.266,0.029,0.016,0.019,90,,,0
Kepler-614b,19 53 32.3597,+46 16 33.690,14,14,0.013,0.015,90,A,O,2020yCat.1350....0G,1.870,8.733,-8.919,0.017,0.020,90,,,0
HATS-44b,05 37 18.4239,-27 58 21.275,14,14,0.010,0.011,90,A,O,2020yCat.1350....0G,2.271,-2.195,0.190,0.012,0.015,90,,,0
TOI-4562c,07 28 02.4279,-63 31 04.166,14,14,0.012,0.009,90,A,O,2020yCat.1350....0G,2.881,-5.899,10.491,0.015,0.011,90,,,0
Kepler-639b,19 28 44.8456,+41 43 37.352,14,14,0.009,0.010,90,A,O,2020yCat.1350....0G,1.189,-5.162,-22.818,0.012,0.012,90,,,0
CoRoT-7b,06 43 49.4690,-01 03 46.826,14,14,0.013,0.012,90,A,O,2020yCat.1350....0G,6.268,10.984,-0.040,0.017,0.015,90,,,0
K2-133e,04 40 35.6391,+25 00 36.048,14,14,0.015,0.009,90,A,O,2020yCat.1350....0G,13.267,185.487,-46.418,0.021,0.013,90,,,0
WASP-47c,22 04 48.7261,-12 01 07.998,14,14,0.017,0.019,90,A,O,2020yCat.1350....0G,3.701,15.074,-41.467,0.020,0.020,90,,,0
Kepler-742b,18 55 27.8388,+46 47 22.566,14,14,0.019,0.020,90,A,O,2020yCat.1350....0G,2.013,-4.408,11.702,0.025,0.025,90,,,0
Kepler-1468d,19 34 04.7695,+41 16 38.699,14,14,0.016,0.019,90,A,O,2020yCat.1350....0G,0.511,-7.740,-11.470,0.022,0.025,90,,,0
BD-19  4173b,15 39 25.8625,-20 11 55.770,14,14,0.021,0.014,90,A,O,2020yCat.1350....0G,3.713,27.043,-16.820,0.027,0.018,90,,,0
BD-15  6290e,22 53 16.7325,-14 15 49.304,14,14,0.034,0.026,90,A,O,2020yCat.1350....0G,214.038,957.715,-673.601,0.041,0.031,90,,,0
Kepler-1158b,19 28 56.1391,+41 34 30.718,14,14,0.009,0.011,90,A,O,2020yCat.1350....0G,0.669,-1.468,-3.832,0.012,0.013,90,,,0
Kepler-881b,19 15 58.2187,+46 40 14.636,14,14,0.019,0.021,90,A,O,2020yCat.1350....0G,0.668,-4.033,-18.845,0.025,0.027,90,,,0
HD  42618b,06 12 00.5668,+06 46 59.057,14,14,0.019,0.018,90,A,O,2020yCat.1350....0G,40.976,197.247,-254.867,0.023,0.019,90,,,0
HD 191939d,20 08 05.7551,+66 51 02.076,14,14,0.012,0.013,90,A,O,2020yCat.1350....0G,18.697,150.194,-63.988,0.015,0.017,90,,,0
Kepler-198d,19 22 41.5540,+38 41 27.586,14,14,0.009,0.012,90,A,O,2020yCat.1350....0G,2.002,-1.676,1.941,0.012,0.014,90,,,0
Kepler-776b,19 09 05.4318,+41 38 08.048,14,14,0.019,0.021,90,A,O,2020yCat.1350....0G,1.319,-3.633,7.421,0.025,0.028,90,,,0
YSES 2b,11 27 55.3546,-66 26 04.499,14,14,0.026,0.025,90,A,O,2018yCat.1345....0G,9.111,-34.021,2.227,0.052,0.042,90,,,0
HD 203771b,21 25 01.8351,-23 19 07.999,14,14,0.169,0.119,90,A,O,2020yCat.1350....0G,17.726,119.927,-153.197,0.205,0.160,90,,,0
HD  88072b,10 09 23.4291,+02 22 15.895,14,14,0.030,0.030,90,A,O,2020yCat.1350....0G,27.818,-202.983,-6.533,0.042,0.042,90,,,0
Kepler-1524b,19 35 32.4923,+39 31 11.304,14,14,0.008,0.009,90,A,O,2020yCat.1350....0G,2.608,-5.201,6.485,0.011,0.011,90,,,0
NAME G 268-38c,00 44 59.3309,-15 16 17.542,14,14,0.036,0.022,90,A,O,2020yCat.1350....0G,66.829,318.152,-596.623,0.049,0.054,90,,,0
HD  27196b,04 16 44.1893,-26 45 57.260,14,14,0.008,0.011,90,A,O,2020yCat.1350....0G,17.405,-25.766,-116.434,0.010,0.015,90,,,0
Kepler-660b,19 12 33.1868,+47 43 28.109,14,14,0.020,0.022,90,A,O,2020yCat.1350....0G,1.757,3.094,20.750,0.027,0.026,90,,,0
Kepler-1073b,19 36 36.6479,+38 13 58.945,14,14,0.013,0.014,90,A,O,2020yCat.1350....0G,1.205,4.751,11.173,0.017,0.018,90,,,0
